customer_id,age,gender,education,employment_status,annual_income,marital_status,number_of_children,region,annual_spending,credit_score,loyalty_years,payment_type,online_shopper,churn
1,43,Male,High School,Employed,36939.42,Married,3,Suburban,9034.57,439,19,Debit Card,No,No
2,36,Male,Diploma,Self-Employed,40943.14,Married,0,Suburban,7949.83,446,9,Mobile Money,No,No
3,45,Male,PhD,Employed,81559.11,Married,2,Urban,34276.9,527,18,Credit Card,Yes,No
4,56,Male,Bachelor,Employed,53075.37,Single,0,Urban,19219.62,498,35,Credit Card,No,No
5,35,Female,Diploma,Employed,46630.28,Married,1,Rural,10544.99,488,15,Debit Card,No,No
6,35,Male,Bachelor,Employed,45729.72,Single,0,Rural,13366.91,442,16,Debit Card,Yes,No
7,56,Male,Diploma,Employed,48397.5,Married,5,Urban,14143.9,515,36,Credit Card,Yes,No
8,47,Female,Diploma,Unemployed,5000.0,Married,1,Suburban,1000.0,383,22,Credit Card,No,No
9,32,Male,Diploma,Employed,38026.03,Married,1,Urban,14626.1,432,7,Credit Card,Yes,No
10,44,Female,Diploma,Employed,28695.39,Married,2,Suburban,9383.73,379,18,Debit Card,No,No
11,32,Female,Bachelor,Student,5000.0,Single,0,Suburban,4319.57,341,5,Mobile Money,Yes,No
12,32,Male,Bachelor,Employed,57931.61,Married,0,Urban,13470.59,497,5,Mobile Money,No,Yes
13,40,Female,Master,Self-Employed,82577.51,Married,1,Urban,29837.59,508,20,Debit Card,No,No
14,18,Female,High School,Unemployed,5000.0,Single,0,Suburban,1000.0,344,0,Credit Card,Yes,No
15,18,Male,Master,Employed,65867.09,Single,0,Urban,24128.48,465,0,Mobile Money,No,No
16,31,Male,Diploma,Employed,43534.6,Married,0,Suburban,7642.79,475,5,Credit Card,Yes,No
17,25,Female,Diploma,Self-Employed,45054.8,Single,0,Urban,9803.34,397,0,Cash,Yes,No
18,41,Female,Master,Self-Employed,82410.55,Married,4,Rural,33433.45,546,18,Debit Card,Yes,No
19,27,Female,Diploma,Employed,36812.35,Married,3,Urban,12338.91,409,7,Mobile Money,Yes,No
20,21,Male,High School,Employed,25341.58,Single,0,Urban,9810.64,443,0,Credit Card,No,No
21,55,Female,High School,Employed,25237.3,Married,3,Urban,2438.76,520,30,Debit Card,No,No
22,35,Male,Diploma,Unemployed,7002.42,Married,0,Rural,2221.39,416,11,Debit Card,Yes,No
23,38,Female,Bachelor,Employed,48974.86,Single,0,Urban,19366.82,498,19,Cash,Yes,No
24,20,Female,PhD,Student,9861.64,Single,0,Suburban,4818.34,351,0,Credit Card,Yes,No
25,31,Female,Bachelor,Student,7962.3,Married,3,Urban,1256.93,373,12,Debit Card,Yes,No
26,39,Female,Master,Self-Employed,78880.58,Married,2,Urban,28899.99,524,18,Mobile Money,Yes,No
27,24,Female,Bachelor,Self-Employed,57426.41,Single,0,Suburban,10841.72,472,1,Credit Card,Yes,Yes
28,42,Female,Master,Employed,76128.12,Married,2,Urban,30028.72,515,15,Cash,No,No
29,30,Male,High School,Employed,39861.09,Married,1,Rural,19675.6,406,6,Debit Card,Yes,Yes
30,34,Female,Master,Employed,69999.18,Single,0,Urban,22483.49,492,11,Credit Card,Yes,No
31,30,Female,Diploma,Employed,40531.78,Single,0,Urban,12466.73,425,6,Mobile Money,No,Yes
32,60,Male,Master,Employed,64459.49,Married,3,Urban,17585.7,511,41,Credit Card,Yes,No
33,37,Male,High School,Self-Employed,44536.25,Married,4,Urban,14736.43,513,15,Cash,No,No
34,25,Male,Bachelor,Employed,68905.45,Married,1,Urban,29573.94,514,0,Debit Card,Yes,No
35,47,Female,Bachelor,Self-Employed,64689.65,Single,0,Urban,14308.42,539,28,Mobile Money,No,No
36,23,Female,PhD,Employed,85828.43,Single,0,Urban,32224.12,508,1,Debit Card,Yes,No
37,40,Male,Bachelor,Employed,57731.8,Single,0,Rural,23237.63,494,22,Credit Card,No,No
38,18,Female,Diploma,Employed,41031.45,Single,0,Urban,18342.19,449,0,Credit Card,Yes,Yes
39,22,Male,Bachelor,Student,6998.76,Single,0,Rural,1000.0,381,0,Cash,No,No
40,40,Female,Diploma,Unemployed,15769.57,Single,0,Urban,1000.0,447,15,Debit Card,No,No
41,46,Male,High School,Employed,37505.26,Married,3,Rural,13106.69,473,23,Credit Card,Yes,No
42,40,Male,High School,Employed,23713.45,Married,1,Suburban,5061.22,465,14,Cash,No,No
43,36,Male,High School,Student,26336.27,Married,3,Urban,16876.47,397,16,Credit Card,Yes,Yes
44,34,Male,Bachelor,Employed,42736.46,Married,3,Rural,23821.59,399,13,Debit Card,No,No
45,20,Female,Master,Employed,63186.47,Single,0,Urban,30456.0,453,0,Credit Card,Yes,No
46,29,Female,Master,Employed,71871.74,Married,0,Urban,20034.43,480,7,Credit Card,Yes,No
47,32,Male,High School,Employed,47974.98,Married,0,Rural,19155.78,457,5,Credit Card,No,No
48,50,Male,High School,Employed,25499.27,Married,0,Urban,8944.49,465,32,Credit Card,No,No
49,42,Male,High School,Employed,21474.03,Married,1,Suburban,3653.26,397,21,Debit Card,Yes,No
50,18,Female,Diploma,Self-Employed,52393.93,Single,0,Rural,19801.98,474,0,Cash,No,No
51,41,Female,High School,Employed,28011.24,Married,2,Suburban,13342.41,432,15,Credit Card,Yes,No
52,33,Male,Diploma,Self-Employed,53322.05,Married,0,Suburban,25559.42,526,9,Cash,No,Yes
53,29,Female,Bachelor,Employed,54433.76,Single,0,Suburban,20187.49,453,5,Credit Card,Yes,No
54,45,Male,Bachelor,Employed,48142.67,Married,3,Suburban,8434.99,525,21,Credit Card,No,No
55,50,Female,Bachelor,Employed,73791.01,Married,2,Rural,32565.12,509,23,Credit Card,Yes,No
56,49,Female,Diploma,Self-Employed,24364.88,Married,2,Suburban,2134.16,447,28,Cash,Yes,No
57,27,Female,Bachelor,Employed,69561.91,Married,0,Suburban,21226.46,497,9,Credit Card,Yes,No
58,34,Female,Master,Employed,77466.1,Married,1,Suburban,19139.24,471,11,Credit Card,No,No
59,41,Female,Diploma,Employed,34035.29,Married,2,Suburban,16514.76,438,18,Credit Card,No,No
60,49,Female,High School,Self-Employed,50979.36,Married,5,Rural,14142.1,530,26,Debit Card,Yes,No
61,32,Female,Diploma,Employed,29028.65,Single,0,Urban,7336.76,416,9,Cash,Yes,No
62,35,Male,High School,Employed,38064.89,Single,0,Urban,9123.64,501,13,Credit Card,Yes,No
63,24,Male,Diploma,Employed,23338.84,Married,1,Suburban,6302.88,369,0,Debit Card,No,No
64,23,Male,High School,Self-Employed,26832.97,Single,0,Urban,2623.45,426,3,Credit Card,Yes,No
65,47,Female,Diploma,Employed,30813.11,Married,2,Rural,11734.43,457,26,Credit Card,Yes,No
66,54,Male,High School,Self-Employed,29994.75,Married,4,Rural,11914.43,439,31,Credit Card,Yes,No
67,37,Male,Bachelor,Self-Employed,66092.65,Married,2,Urban,22055.4,520,15,Mobile Money,Yes,No
68,50,Male,High School,Unemployed,5000.0,Married,4,Urban,2248.12,414,25,Cash,No,No
69,42,Male,Bachelor,Employed,38708.71,Married,2,Suburban,20794.97,474,17,Credit Card,No,No
70,30,Female,High School,Employed,33707.61,Single,0,Urban,10575.26,437,3,Credit Card,Yes,No
71,42,Female,High School,Unemployed,9391.61,Married,0,Rural,6422.86,426,23,Debit Card,No,No
72,56,Female,Master,Employed,73271.42,Married,2,Urban,25270.24,596,38,Cash,Yes,No
73,37,Female,Bachelor,Employed,56375.34,Married,0,Rural,20997.37,453,13,Credit Card,Yes,No
74,56,Female,High School,Employed,37633.88,Married,4,Urban,16037.32,463,33,Cash,Yes,No
75,18,Male,Bachelor,Student,10396.14,Single,0,Urban,4856.94,333,0,Credit Card,No,Yes
76,47,Male,Bachelor,Employed,63100.17,Married,1,Urban,16324.98,491,28,Cash,Yes,No
77,39,Female,Diploma,Employed,33794.43,Single,0,Rural,1000.0,405,13,Debit Card,No,No
78,34,Male,Diploma,Self-Employed,42250.64,Married,1,Urban,12240.43,452,10,Mobile Money,Yes,No
79,39,Male,Master,Employed,81008.32,Married,0,Urban,22853.07,523,20,Debit Card,Yes,No
80,18,Female,High School,Student,16845.35,Single,0,Urban,2792.39,393,0,Cash,Yes,No
81,35,Male,Diploma,Employed,44589.94,Married,1,Urban,10439.18,497,14,Credit Card,Yes,No
82,42,Male,Diploma,Self-Employed,40887.14,Married,3,Urban,10409.8,466,17,Cash,Yes,No
83,55,Male,Bachelor,Employed,47242.94,Married,4,Urban,13055.41,533,28,Debit Card,Yes,Yes
84,31,Male,Master,Unemployed,31624.51,Married,1,Rural,11225.83,425,10,Mobile Money,No,No
85,28,Male,Master,Unemployed,31181.32,Single,0,Urban,1000.0,451,8,Debit Card,No,No
86,31,Male,Bachelor,Self-Employed,65491.37,Married,1,Urban,28827.78,539,6,Mobile Money,No,No
87,48,Female,PhD,Unemployed,45735.08,Married,2,Urban,22349.73,464,26,Cash,No,No
88,41,Female,Bachelor,Employed,58671.2,Married,1,Urban,19813.58,520,18,Credit Card,No,No
89,31,Male,Bachelor,Student,5000.0,Single,0,Rural,1000.0,382,12,Debit Card,Yes,No
90,44,Female,PhD,Self-Employed,105794.95,Married,1,Urban,34134.17,589,21,Debit Card,No,No
91,39,Male,High School,Unemployed,9043.76,Single,0,Urban,4237.11,357,14,Cash,Yes,No
92,49,Male,Bachelor,Self-Employed,66691.19,Married,2,Rural,23078.78,534,30,Credit Card,No,No
93,29,Male,Bachelor,Employed,65000.03,Single,0,Urban,22485.47,488,10,Cash,No,No
94,34,Female,Master,Self-Employed,76349.69,Married,1,Urban,28162.23,505,12,Debit Card,Yes,No
95,33,Male,Master,Employed,59347.9,Married,0,Rural,22605.3,462,12,Credit Card,No,No
96,20,Female,Master,Self-Employed,88818.59,Single,0,Suburban,39689.07,589,0,Mobile Money,No,Yes
97,41,Female,Master,Employed,65944.12,Single,0,Urban,28842.79,493,19,Credit Card,No,No
98,41,Female,Bachelor,Employed,74388.05,Single,0,Suburban,35452.54,552,17,Credit Card,Yes,No
99,38,Female,High School,Student,13545.76,Single,0,Urban,9031.89,406,19,Credit Card,No,No
100,35,Female,High School,Student,5000.0,Married,1,Urban,1000.0,403,15,Credit Card,Yes,No
101,21,Male,Bachelor,Unemployed,26202.83,Single,0,Rural,10954.85,321,0,Mobile Money,Yes,Yes
102,32,Male,Diploma,Self-Employed,53843.29,Single,0,Rural,11569.2,521,9,Debit Card,No,No
103,33,Female,Diploma,Self-Employed,53069.58,Single,0,Suburban,27216.67,451,12,Cash,No,No
104,28,Female,Diploma,Self-Employed,47022.05,Married,0,Suburban,19945.19,422,1,Debit Card,No,No
105,36,Male,Master,Employed,73363.61,Married,2,Urban,31816.56,567,14,Credit Card,No,No
106,42,Male,Diploma,Student,5000.0,Married,1,Suburban,1000.0,404,17,Credit Card,No,No
107,60,Male,Master,Unemployed,31536.72,Married,4,Urban,14843.08,485,42,Mobile Money,Yes,No
108,40,Male,Master,Self-Employed,56511.5,Married,2,Suburban,20277.28,458,20,Credit Card,No,No
109,41,Male,Diploma,Student,5000.0,Married,2,Suburban,1000.0,373,16,Mobile Money,Yes,No
110,37,Female,Diploma,Employed,27234.32,Married,0,Suburban,15029.04,454,15,Cash,Yes,No
111,18,Female,Bachelor,Employed,50993.19,Single,0,Urban,18933.99,445,0,Credit Card,Yes,No
112,37,Male,Bachelor,Student,10407.06,Married,3,Urban,1000.0,340,13,Debit Card,Yes,No
113,38,Female,Diploma,Employed,30425.65,Married,1,Urban,12035.18,468,12,Cash,Yes,No
114,67,Female,High School,Self-Employed,13804.18,Married,2,Urban,1000.0,449,40,Cash,Yes,No
115,35,Male,Diploma,Employed,41656.53,Married,1,Urban,16819.25,487,17,Credit Card,No,Yes
116,41,Male,High School,Self-Employed,52691.52,Married,1,Rural,14745.58,482,17,Debit Card,Yes,No
117,37,Female,Diploma,Self-Employed,45189.76,Married,1,Suburban,16627.76,468,12,Cash,Yes,No
118,23,Female,Diploma,Self-Employed,55674.65,Single,0,Rural,23305.9,486,5,Credit Card,Yes,No
119,51,Male,Bachelor,Employed,67035.08,Married,2,Suburban,29562.69,526,33,Debit Card,Yes,No
120,47,Female,PhD,Employed,74799.7,Married,2,Urban,20754.57,526,20,Debit Card,No,No
121,47,Male,Bachelor,Self-Employed,62341.8,Married,1,Urban,14703.15,481,22,Cash,Yes,No
122,27,Male,Master,Student,5000.0,Married,2,Urban,2066.9,369,4,Mobile Money,Yes,No
123,54,Male,Bachelor,Employed,48549.78,Married,5,Suburban,22979.07,494,30,Cash,No,No
124,21,Male,Bachelor,Employed,68616.09,Single,0,Urban,35694.97,496,0,Credit Card,No,No
125,45,Female,Diploma,Employed,41789.44,Married,1,Urban,20698.92,466,18,Credit Card,No,No
126,64,Female,Diploma,Student,14310.59,Married,5,Rural,4233.92,470,42,Debit Card,Yes,No
127,26,Male,Master,Self-Employed,83648.81,Single,0,Urban,14055.84,531,4,Credit Card,Yes,No
128,31,Female,Master,Student,5000.0,Single,0,Suburban,5905.89,353,5,Credit Card,Yes,Yes
129,39,Female,Diploma,Employed,45424.93,Married,1,Urban,20400.31,501,19,Debit Card,Yes,No
130,31,Male,High School,Employed,40020.6,Married,0,Rural,14420.0,421,13,Credit Card,Yes,No
131,19,Female,Bachelor,Self-Employed,68538.99,Single,0,Suburban,26523.24,426,0,Debit Card,Yes,No
132,38,Male,Diploma,Employed,43912.99,Married,0,Urban,15943.39,457,11,Mobile Money,No,No
133,25,Female,High School,Employed,20121.59,Married,0,Rural,2753.41,339,6,Credit Card,No,Yes
134,43,Male,Master,Employed,75654.91,Married,5,Suburban,32179.87,542,16,Credit Card,No,No
135,26,Female,Bachelor,Employed,65768.11,Married,0,Rural,27985.89,464,3,Debit Card,No,No
136,56,Male,Bachelor,Employed,58236.68,Married,1,Rural,25375.45,559,31,Debit Card,Yes,No
137,28,Female,Master,Employed,55625.73,Married,0,Urban,19063.32,474,1,Credit Card,Yes,No
138,34,Female,Bachelor,Employed,68085.04,Married,2,Urban,35735.06,453,10,Credit Card,Yes,No
139,47,Male,Bachelor,Employed,47441.41,Married,1,Suburban,17556.91,492,29,Cash,No,No
140,23,Male,Diploma,Self-Employed,51102.29,Married,0,Suburban,13321.82,516,0,Mobile Money,No,No
141,40,Male,Diploma,Employed,47623.81,Single,0,Rural,12690.62,507,16,Cash,Yes,No
142,53,Female,Bachelor,Employed,63636.95,Single,0,Urban,15582.88,568,34,Credit Card,Yes,No
143,18,Male,Diploma,Employed,25599.55,Single,0,Urban,5597.16,440,0,Credit Card,Yes,No
144,40,Female,High School,Employed,30937.74,Single,0,Suburban,11997.19,463,17,Mobile Money,Yes,Yes
145,41,Male,High School,Self-Employed,36408.17,Single,0,Urban,16561.58,441,17,Credit Card,No,No
146,47,Male,Diploma,Unemployed,23512.23,Single,0,Urban,10862.11,472,24,Debit Card,Yes,No
147,23,Male,Diploma,Unemployed,15669.79,Married,0,Urban,5258.3,400,5,Cash,No,No
148,22,Male,Bachelor,Employed,66584.94,Single,0,Urban,23870.83,464,0,Cash,Yes,No
149,44,Female,Diploma,Employed,44319.34,Married,2,Suburban,14060.74,458,24,Mobile Money,Yes,Yes
150,41,Female,High School,Employed,29406.67,Married,3,Urban,7266.23,445,19,Cash,Yes,No
151,41,Male,Bachelor,Student,12550.88,Single,0,Urban,2391.47,359,16,Credit Card,No,No
152,42,Female,Master,Self-Employed,96188.78,Married,2,Suburban,26912.77,558,23,Debit Card,No,No
153,29,Male,High School,Employed,19624.55,Single,0,Rural,6622.53,404,8,Debit Card,No,Yes
154,40,Female,Bachelor,Employed,62247.64,Single,0,Urban,20253.22,463,18,Cash,Yes,No
155,41,Male,Bachelor,Employed,49979.07,Married,2,Suburban,19785.35,481,15,Credit Card,No,No
156,29,Female,Bachelor,Employed,48260.17,Married,1,Urban,7744.66,406,10,Credit Card,Yes,No
157,60,Female,High School,Unemployed,17187.41,Married,4,Rural,4146.48,413,37,Debit Card,Yes,No
158,43,Male,Master,Employed,62935.3,Married,2,Rural,27787.69,449,19,Debit Card,Yes,No
159,23,Female,Bachelor,Self-Employed,69016.6,Single,0,Urban,37019.91,503,0,Credit Card,No,No
160,45,Male,Master,Employed,66088.47,Married,2,Suburban,19001.75,503,26,Mobile Money,Yes,No
161,26,Male,High School,Employed,11144.51,Married,0,Urban,8396.78,437,0,Cash,Yes,No
162,47,Male,Bachelor,Employed,58821.73,Married,2,Rural,11345.09,496,20,Debit Card,No,No
163,51,Male,Bachelor,Self-Employed,67010.57,Married,3,Urban,18664.63,530,30,Cash,Yes,No
164,28,Male,Diploma,Employed,24719.36,Married,1,Suburban,4105.62,400,7,Mobile Money,No,No
165,49,Male,Diploma,Employed,34411.28,Married,1,Suburban,11431.16,428,26,Mobile Money,No,No
166,42,Male,Bachelor,Unemployed,5000.0,Married,3,Urban,1560.34,401,23,Cash,No,No
167,47,Male,High School,Employed,35853.52,Married,2,Urban,7603.27,467,21,Credit Card,Yes,No
168,60,Female,Bachelor,Employed,66103.95,Single,0,Urban,31882.02,552,38,Mobile Money,Yes,No
169,35,Female,High School,Employed,36795.92,Married,0,Suburban,14211.87,431,13,Mobile Money,Yes,No
170,28,Male,High School,Self-Employed,43913.04,Married,1,Suburban,12183.6,442,4,Credit Card,No,No
171,27,Male,Bachelor,Employed,50857.36,Single,0,Rural,17716.24,415,4,Credit Card,No,No
172,28,Male,High School,Self-Employed,40375.42,Single,0,Suburban,11676.35,459,1,Cash,Yes,No
173,37,Female,PhD,Employed,89927.45,Married,0,Suburban,23945.97,548,16,Credit Card,No,No
174,42,Female,Master,Employed,71482.52,Married,3,Urban,31287.82,571,19,Debit Card,No,Yes
175,41,Male,Bachelor,Self-Employed,73659.45,Married,1,Suburban,30639.18,542,22,Credit Card,Yes,No
176,47,Male,Master,Self-Employed,93403.9,Married,2,Urban,34326.96,577,21,Debit Card,No,No
177,38,Male,Master,Unemployed,17881.95,Single,0,Urban,2270.59,416,17,Credit Card,Yes,No
178,55,Male,Diploma,Employed,28738.84,Single,0,Suburban,15775.01,485,31,Mobile Money,No,No
179,34,Female,Master,Employed,68500.76,Single,0,Urban,34917.07,528,8,Credit Card,Yes,No
180,70,Female,High School,Self-Employed,34245.81,Married,5,Urban,7526.56,500,46,Cash,Yes,No
181,45,Male,Diploma,Employed,42276.78,Married,4,Rural,17989.39,489,25,Credit Card,No,No
182,27,Female,Bachelor,Employed,61663.97,Single,0,Suburban,12749.78,472,8,Debit Card,Yes,No
183,25,Male,Bachelor,Employed,39683.34,Single,0,Urban,10392.8,480,2,Credit Card,No,No
184,43,Male,High School,Employed,24632.69,Married,2,Urban,9941.04,438,23,Debit Card,Yes,No
185,35,Female,Diploma,Employed,32288.89,Married,0,Rural,14592.01,475,12,Debit Card,Yes,No
186,46,Female,Bachelor,Student,21007.15,Married,1,Urban,12370.05,457,22,Mobile Money,No,No
187,43,Male,Diploma,Unemployed,10333.03,Married,0,Rural,1000.0,420,22,Debit Card,No,No
188,37,Male,Bachelor,Student,6896.93,Married,1,Urban,4749.61,421,15,Credit Card,No,No
189,27,Female,Bachelor,Student,15306.41,Married,1,Suburban,7141.14,395,9,Cash,No,No
190,19,Female,High School,Employed,25255.95,Married,0,Urban,14957.36,346,1,Cash,Yes,No
191,32,Male,High School,Employed,29878.44,Single,0,Suburban,5800.75,413,7,Cash,Yes,No
192,48,Male,Bachelor,Employed,69512.57,Single,0,Suburban,21923.61,533,25,Debit Card,Yes,No
193,40,Male,Diploma,Unemployed,26290.32,Married,3,Suburban,16371.89,439,22,Credit Card,No,No
194,23,Female,High School,Employed,26740.93,Single,0,Suburban,11456.69,425,1,Cash,Yes,No
195,40,Female,Diploma,Employed,38541.11,Married,1,Urban,16850.54,436,18,Debit Card,No,No
196,42,Male,Diploma,Employed,35047.77,Married,2,Rural,14062.85,396,17,Credit Card,No,No
197,27,Female,High School,Employed,14593.08,Single,0,Urban,2477.76,369,9,Credit Card,Yes,No
198,39,Female,Bachelor,Employed,63289.51,Single,0,Urban,17614.41,519,21,Debit Card,No,No
199,38,Male,Bachelor,Employed,74370.74,Single,0,Urban,38677.55,523,20,Credit Card,Yes,No
200,24,Male,Bachelor,Unemployed,12952.4,Married,0,Urban,2304.85,345,0,Credit Card,Yes,Yes
201,42,Female,Master,Employed,63465.65,Married,2,Urban,27734.07,526,21,Mobile Money,No,No
202,44,Female,High School,Student,5000.0,Married,2,Suburban,1000.0,407,20,Mobile Money,No,No
203,50,Female,Diploma,Employed,40680.37,Married,4,Suburban,23981.1,476,23,Debit Card,Yes,No
204,50,Female,Bachelor,Student,5000.0,Single,0,Urban,1000.0,494,28,Mobile Money,No,Yes
205,21,Male,Bachelor,Employed,51332.17,Single,0,Rural,16345.82,398,0,Debit Card,Yes,No
206,26,Male,Bachelor,Self-Employed,74119.18,Single,0,Urban,20545.22,474,4,Cash,No,No
207,44,Female,Bachelor,Employed,56019.05,Married,1,Rural,21586.59,518,23,Debit Card,No,No
208,44,Male,Bachelor,Self-Employed,76163.09,Married,3,Urban,16470.26,540,20,Cash,No,No
209,44,Female,High School,Unemployed,11918.14,Married,5,Urban,6784.59,398,21,Credit Card,Yes,No
210,70,Female,Bachelor,Employed,46288.66,Married,4,Suburban,19219.61,504,49,Mobile Money,Yes,No
211,44,Female,Bachelor,Employed,50391.89,Single,0,Suburban,9021.71,448,26,Debit Card,Yes,No
212,51,Male,PhD,Employed,91987.3,Married,4,Suburban,46945.64,611,27,Credit Card,Yes,No
213,49,Female,Bachelor,Employed,46019.29,Married,1,Suburban,26076.59,486,24,Credit Card,No,No
214,45,Female,Bachelor,Employed,44981.44,Married,2,Suburban,8241.85,503,23,Mobile Money,No,No
215,34,Female,Bachelor,Self-Employed,56462.4,Married,0,Rural,27555.37,433,7,Credit Card,No,No
216,47,Male,Master,Employed,74126.44,Married,3,Urban,25725.04,578,21,Credit Card,No,No
217,28,Male,PhD,Self-Employed,105070.08,Married,1,Urban,41739.49,584,3,Mobile Money,Yes,No
218,35,Male,Bachelor,Unemployed,25959.53,Single,0,Rural,6199.03,404,16,Credit Card,No,No
219,32,Male,Bachelor,Self-Employed,58828.64,Single,0,Urban,27165.65,498,8,Cash,Yes,No
220,38,Male,High School,Employed,10340.8,Married,1,Urban,5765.97,412,13,Debit Card,Yes,No
221,65,Female,Bachelor,Employed,53954.36,Married,4,Urban,17302.73,564,44,Credit Card,No,No
222,18,Female,Bachelor,Employed,68180.44,Married,0,Suburban,21978.24,459,0,Debit Card,No,No
223,46,Female,Bachelor,Employed,55276.56,Single,0,Suburban,21564.44,470,28,Cash,No,No
224,18,Female,High School,Employed,19023.25,Single,0,Urban,4613.16,331,0,Credit Card,Yes,No
225,32,Male,Bachelor,Student,5000.0,Married,2,Urban,1000.0,355,7,Credit Card,Yes,Yes
226,51,Female,Diploma,Self-Employed,57583.22,Married,0,Urban,9316.05,464,30,Credit Card,Yes,No
227,38,Male,Bachelor,Employed,48540.51,Married,2,Urban,16562.66,492,20,Credit Card,No,No
228,25,Male,High School,Employed,42334.36,Married,3,Urban,14323.13,421,5,Mobile Money,No,No
229,29,Female,Bachelor,Employed,60232.75,Married,0,Suburban,16080.56,445,9,Credit Card,No,No
230,46,Female,Diploma,Student,5000.0,Married,0,Urban,6829.9,428,20,Credit Card,No,No
231,29,Female,High School,Student,15337.09,Single,0,Urban,3987.85,399,8,Credit Card,No,Yes
232,40,Male,Bachelor,Employed,47608.82,Married,2,Urban,14744.17,472,19,Debit Card,Yes,No
233,38,Female,High School,Employed,18421.3,Single,0,Rural,6510.58,461,17,Mobile Money,Yes,No
234,30,Male,Bachelor,Employed,48066.04,Married,1,Urban,14119.91,479,8,Credit Card,Yes,No
235,63,Male,Master,Employed,76149.89,Married,2,Urban,18922.78,579,39,Mobile Money,Yes,No
236,45,Female,PhD,Employed,99103.74,Married,2,Urban,43368.86,592,24,Mobile Money,No,No
237,18,Female,High School,Self-Employed,32831.78,Single,0,Urban,12516.03,352,0,Debit Card,No,No
238,40,Female,Master,Employed,55053.51,Married,1,Suburban,12311.76,447,18,Debit Card,Yes,No
239,30,Female,Diploma,Self-Employed,35545.87,Single,0,Rural,15901.46,394,9,Debit Card,Yes,No
240,48,Female,Master,Employed,61458.84,Married,2,Urban,27816.94,463,23,Debit Card,No,No
241,28,Female,Bachelor,Self-Employed,55648.02,Married,0,Suburban,28388.43,451,3,Credit Card,No,Yes
242,36,Female,High School,Self-Employed,38123.44,Single,0,Rural,18766.27,510,10,Debit Card,Yes,No
243,44,Female,Diploma,Employed,55504.93,Married,5,Rural,21968.53,483,23,Cash,No,No
244,48,Female,Diploma,Self-Employed,54366.21,Married,1,Suburban,15080.97,513,27,Debit Card,No,Yes
245,23,Female,Bachelor,Employed,45974.15,Single,0,Urban,17792.48,456,0,Debit Card,Yes,Yes
246,33,Male,Diploma,Employed,34444.99,Married,0,Suburban,9737.92,426,10,Debit Card,No,No
247,32,Female,Bachelor,Employed,51005.67,Married,1,Suburban,10703.61,469,11,Credit Card,Yes,No
248,30,Female,Bachelor,Employed,58113.71,Married,0,Suburban,23715.77,465,11,Credit Card,No,No
249,59,Male,PhD,Employed,102570.04,Married,3,Rural,33490.87,602,40,Credit Card,No,No
250,42,Female,Master,Self-Employed,80260.8,Married,0,Suburban,36942.18,547,21,Mobile Money,Yes,No
251,22,Male,Diploma,Employed,52310.22,Single,0,Urban,24255.04,436,0,Mobile Money,No,No
252,49,Female,Bachelor,Employed,71831.29,Single,0,Suburban,28416.44,520,26,Mobile Money,Yes,No
253,63,Female,Master,Unemployed,18200.75,Married,4,Urban,6978.5,454,36,Credit Card,Yes,No
254,50,Male,Master,Self-Employed,80994.84,Married,5,Urban,29293.92,537,27,Debit Card,No,No
255,19,Male,High School,Employed,27115.05,Single,0,Suburban,19462.69,428,0,Credit Card,No,No
256,32,Female,Diploma,Employed,40499.92,Single,0,Urban,18804.43,471,14,Mobile Money,Yes,No
257,53,Male,Diploma,Employed,37134.57,Married,3,Urban,3930.36,506,31,Mobile Money,No,No
258,29,Male,Diploma,Employed,47073.42,Married,1,Urban,18699.41,443,7,Mobile Money,Yes,No
259,43,Male,High School,Unemployed,5000.0,Single,0,Rural,4265.38,360,16,Cash,Yes,No
260,47,Female,Diploma,Employed,35723.02,Married,1,Urban,1000.0,491,23,Credit Card,No,No
261,26,Female,Bachelor,Employed,57633.4,Married,1,Urban,23798.47,415,1,Debit Card,No,No
262,37,Female,Diploma,Student,14960.68,Married,3,Rural,4244.21,443,12,Mobile Money,No,No
263,18,Male,Bachelor,Self-Employed,83562.28,Single,0,Suburban,28680.39,561,0,Credit Card,No,No
264,25,Female,High School,Employed,19687.8,Married,0,Urban,5926.69,420,1,Debit Card,No,Yes
265,34,Female,Master,Self-Employed,78783.66,Married,2,Suburban,32287.83,525,9,Credit Card,Yes,Yes
266,23,Male,Master,Unemployed,5000.0,Single,0,Urban,4553.17,320,0,Debit Card,Yes,Yes
267,57,Female,Bachelor,Employed,46121.05,Married,2,Suburban,22697.05,494,36,Cash,Yes,No
268,20,Female,Master,Unemployed,6848.6,Single,0,Urban,1000.0,341,0,Credit Card,Yes,No
269,32,Female,High School,Employed,25829.62,Married,0,Urban,16346.59,425,8,Debit Card,Yes,No
270,39,Male,Bachelor,Unemployed,14673.08,Married,0,Urban,10030.18,413,20,Credit Card,No,No
271,55,Male,High School,Student,9755.63,Married,1,Urban,1000.0,476,28,Cash,No,No
272,20,Male,Diploma,Employed,37611.2,Single,0,Suburban,10490.34,404,0,Debit Card,No,No
273,51,Male,Diploma,Self-Employed,51759.5,Married,2,Suburban,19523.06,535,25,Credit Card,No,No
274,38,Female,Bachelor,Self-Employed,66912.59,Married,1,Rural,12327.91,515,15,Credit Card,Yes,No
275,26,Male,Diploma,Self-Employed,39733.41,Married,2,Suburban,3308.48,427,8,Mobile Money,No,Yes
276,43,Female,Bachelor,Unemployed,5000.0,Married,2,Urban,2896.73,402,19,Credit Card,No,No
277,40,Male,Diploma,Employed,44669.46,Married,1,Suburban,8860.03,489,21,Credit Card,No,No
278,30,Male,Master,Self-Employed,97172.02,Married,0,Suburban,34284.77,505,6,Cash,Yes,No
279,38,Female,Bachelor,Self-Employed,86283.08,Married,2,Rural,36793.07,513,12,Mobile Money,Yes,No
280,33,Male,High School,Self-Employed,43483.64,Married,1,Suburban,19132.67,417,13,Debit Card,No,No
281,39,Female,Diploma,Self-Employed,59660.12,Married,4,Urban,25533.0,508,17,Cash,Yes,Yes
282,45,Male,Master,Employed,73691.68,Married,1,Urban,31172.22,554,20,Cash,Yes,No
283,57,Male,Diploma,Employed,42416.08,Single,0,Suburban,20862.48,466,38,Credit Card,Yes,No
284,23,Female,Bachelor,Unemployed,17388.01,Single,0,Urban,14200.61,396,0,Credit Card,No,No
285,63,Female,Bachelor,Student,10153.52,Married,1,Urban,5227.75,438,37,Debit Card,No,No
286,18,Male,Diploma,Employed,44856.61,Single,0,Suburban,17518.39,426,0,Debit Card,No,No
287,36,Male,Diploma,Employed,35835.22,Single,0,Urban,15237.32,461,16,Credit Card,Yes,No
288,45,Female,Diploma,Unemployed,10820.46,Married,1,Urban,1000.0,394,20,Credit Card,No,No
289,41,Female,High School,Self-Employed,26576.27,Married,0,Urban,7384.51,453,18,Mobile Money,No,No
290,30,Female,Diploma,Self-Employed,51799.41,Single,0,Suburban,28166.79,524,9,Debit Card,No,No
291,35,Male,High School,Employed,22327.22,Married,1,Suburban,14862.96,408,17,Debit Card,No,No
292,32,Female,Diploma,Self-Employed,48269.96,Single,0,Urban,23464.4,496,6,Mobile Money,No,No
293,30,Male,Diploma,Self-Employed,52003.93,Single,0,Urban,26024.64,487,5,Debit Card,Yes,No
294,48,Male,PhD,Self-Employed,112687.13,Married,1,Urban,34057.28,606,21,Debit Card,No,No
295,42,Female,Bachelor,Self-Employed,72172.07,Married,2,Rural,17347.87,552,17,Credit Card,No,No
296,29,Male,Bachelor,Employed,53293.67,Married,0,Urban,16646.51,451,10,Credit Card,Yes,No
297,48,Male,High School,Student,9888.51,Married,4,Rural,2297.86,450,28,Credit Card,No,No
298,41,Male,High School,Self-Employed,32107.0,Married,2,Rural,9342.6,489,20,Mobile Money,No,No
299,47,Male,Master,Employed,54233.01,Married,0,Urban,18283.3,501,28,Debit Card,Yes,No
300,45,Female,Bachelor,Student,15242.47,Married,5,Suburban,7086.11,395,26,Debit Card,No,No
301,28,Female,High School,Student,8387.9,Married,1,Urban,2848.37,392,3,Cash,Yes,No
302,31,Male,Diploma,Unemployed,20106.59,Married,0,Rural,6412.58,396,10,Mobile Money,No,No
303,46,Female,Bachelor,Employed,54797.69,Married,0,Suburban,9989.17,502,24,Credit Card,No,No
304,45,Female,Master,Employed,57174.69,Single,0,Suburban,16662.19,500,25,Debit Card,No,No
305,37,Female,High School,Employed,29266.95,Single,0,Suburban,6385.75,471,19,Credit Card,No,No
306,39,Male,Bachelor,Employed,62092.64,Married,5,Urban,28057.66,490,17,Cash,Yes,No
307,53,Female,Bachelor,Employed,58808.28,Married,1,Urban,19784.22,519,28,Credit Card,No,No
308,30,Female,PhD,Employed,88826.04,Married,2,Suburban,43907.37,575,6,Credit Card,Yes,No
309,44,Male,Master,Employed,56691.53,Married,2,Urban,26916.89,488,26,Cash,No,No
310,35,Male,Diploma,Student,5000.0,Single,0,Urban,1000.0,365,15,Credit Card,Yes,No
311,35,Male,Bachelor,Employed,58817.91,Married,0,Suburban,24542.3,511,11,Debit Card,No,No
312,51,Female,Bachelor,Employed,41678.74,Married,0,Rural,21345.96,502,33,Credit Card,Yes,No
313,47,Male,Bachelor,Employed,52454.04,Married,2,Rural,14687.0,457,20,Debit Card,No,No
314,47,Female,Master,Employed,70307.38,Married,3,Rural,20130.73,492,29,Debit Card,Yes,No
315,53,Male,Master,Unemployed,30199.5,Married,2,Suburban,8425.08,480,29,Debit Card,No,No
316,38,Female,High School,Employed,34915.92,Married,2,Rural,17187.79,415,13,Debit Card,No,No
317,46,Male,High School,Self-Employed,43702.49,Married,1,Suburban,10374.24,490,24,Cash,Yes,No
318,34,Female,Bachelor,Self-Employed,68414.83,Single,0,Urban,13450.09,484,8,Debit Card,Yes,No
319,41,Female,Diploma,Employed,33236.71,Single,0,Urban,14742.4,485,16,Credit Card,No,No
320,36,Male,High School,Employed,25090.72,Single,0,Rural,11264.45,434,11,Cash,No,No
321,39,Male,Diploma,Employed,32538.72,Single,0,Suburban,17480.81,403,17,Cash,Yes,No
322,45,Male,Master,Employed,74726.25,Single,0,Suburban,32285.44,552,25,Credit Card,No,No
323,28,Female,High School,Employed,24448.62,Married,0,Urban,7587.75,430,1,Credit Card,Yes,Yes
324,63,Female,Bachelor,Self-Employed,62848.0,Married,5,Urban,16630.52,556,38,Credit Card,No,No
325,25,Male,High School,Employed,30179.93,Single,0,Rural,10547.25,394,0,Mobile Money,No,No
326,23,Male,High School,Employed,43130.5,Single,0,Suburban,11161.92,446,4,Debit Card,Yes,No
327,51,Male,Diploma,Employed,45257.07,Married,3,Rural,18346.79,513,24,Cash,Yes,No
328,47,Female,High School,Self-Employed,29817.17,Married,1,Urban,10557.11,469,28,Mobile Money,No,No
329,45,Female,Master,Employed,71214.78,Married,1,Urban,28378.05,530,21,Cash,No,No
330,45,Female,Master,Employed,83210.49,Married,1,Urban,31719.15,584,21,Mobile Money,No,No
331,37,Male,Bachelor,Self-Employed,70921.43,Married,0,Urban,15706.71,478,19,Mobile Money,Yes,No
332,27,Male,High School,Employed,17213.98,Married,0,Urban,1000.0,350,1,Credit Card,No,No
333,38,Female,Bachelor,Employed,47678.08,Married,1,Suburban,21350.2,462,17,Debit Card,No,No
334,29,Male,High School,Employed,22064.52,Single,0,Urban,4874.69,454,3,Credit Card,Yes,No
335,49,Female,Diploma,Student,19525.84,Married,3,Rural,10401.65,487,26,Cash,No,No
336,36,Male,Bachelor,Employed,65050.25,Single,0,Rural,23675.27,544,13,Cash,Yes,No
337,28,Male,Bachelor,Employed,49999.7,Married,0,Urban,28261.55,457,1,Credit Card,Yes,No
338,34,Female,High School,Student,5000.0,Single,0,Suburban,2861.71,326,9,Mobile Money,Yes,No
339,42,Female,Diploma,Employed,40357.53,Married,0,Suburban,15945.18,479,17,Cash,No,No
340,31,Female,Master,Self-Employed,84597.35,Single,0,Urban,24976.95,513,9,Debit Card,Yes,No
341,28,Male,Diploma,Employed,32301.39,Single,0,Rural,6505.16,443,3,Cash,Yes,Yes
342,40,Male,Master,Employed,68006.95,Single,0,Urban,24221.18,529,17,Debit Card,Yes,No
343,40,Female,PhD,Self-Employed,96371.17,Married,3,Suburban,40964.22,634,22,Credit Card,No,No
344,31,Female,Bachelor,Student,21178.57,Married,2,Urban,5129.92,460,9,Credit Card,Yes,No
345,32,Female,Diploma,Employed,25917.36,Married,0,Rural,7246.66,394,8,Debit Card,Yes,No
346,40,Male,Bachelor,Self-Employed,51828.48,Married,0,Suburban,18463.7,487,19,Credit Card,No,No
347,20,Female,High School,Self-Employed,39480.32,Single,0,Rural,16884.29,412,0,Credit Card,Yes,Yes
348,21,Female,Diploma,Employed,30104.99,Single,0,Urban,5039.62,388,0,Cash,No,No
349,29,Female,Bachelor,Self-Employed,61992.28,Married,0,Urban,14034.23,483,4,Debit Card,No,Yes
350,35,Female,Diploma,Employed,40505.38,Married,0,Urban,11568.83,397,10,Credit Card,Yes,Yes
351,41,Male,High School,Employed,35402.41,Married,2,Rural,12362.86,434,14,Debit Card,No,No
352,55,Female,Bachelor,Employed,53231.34,Married,1,Urban,18393.9,550,30,Credit Card,No,No
353,48,Female,Bachelor,Unemployed,30733.37,Married,5,Urban,12540.34,363,23,Mobile Money,No,No
354,36,Female,High School,Employed,29996.49,Married,0,Urban,6613.57,384,11,Credit Card,Yes,No
355,37,Female,Diploma,Self-Employed,57526.36,Single,0,Urban,28444.95,523,12,Debit Card,Yes,No
356,25,Female,High School,Employed,32228.45,Married,0,Rural,12458.03,454,5,Mobile Money,Yes,Yes
357,37,Female,Diploma,Employed,57049.68,Single,0,Urban,18412.24,449,19,Cash,No,No
358,34,Male,Bachelor,Self-Employed,74466.91,Single,0,Suburban,32938.59,551,7,Credit Card,Yes,No
359,41,Male,Bachelor,Self-Employed,66347.76,Married,1,Urban,26346.37,544,23,Cash,No,No
360,28,Male,Bachelor,Employed,60030.65,Married,1,Urban,14957.31,482,3,Cash,Yes,No
361,44,Male,High School,Employed,27913.47,Married,1,Urban,14216.24,437,24,Cash,No,No
362,56,Male,High School,Student,5000.0,Single,0,Suburban,1000.0,448,32,Debit Card,Yes,No
363,36,Male,High School,Employed,19572.71,Married,1,Urban,5799.28,405,9,Credit Card,Yes,No
364,42,Male,Diploma,Self-Employed,41533.91,Single,0,Urban,16793.49,473,21,Credit Card,Yes,No
365,46,Male,High School,Self-Employed,52487.77,Single,0,Urban,24693.67,526,23,Debit Card,Yes,No
366,33,Male,Diploma,Self-Employed,38367.75,Married,1,Suburban,15191.38,425,9,Debit Card,Yes,No
367,40,Male,High School,Student,5000.0,Single,0,Urban,2216.22,380,22,Credit Card,No,Yes
368,38,Female,Bachelor,Self-Employed,65250.25,Single,0,Rural,29898.0,549,20,Debit Card,No,No
369,39,Female,Bachelor,Employed,54516.73,Single,0,Urban,16002.66,455,14,Credit Card,Yes,No
370,28,Male,Bachelor,Employed,58069.81,Single,0,Rural,21022.05,495,4,Credit Card,Yes,No
371,38,Female,High School,Employed,26247.03,Single,0,Suburban,12639.65,433,18,Mobile Money,Yes,No
372,43,Female,Master,Employed,73563.01,Single,0,Suburban,33867.65,550,16,Mobile Money,No,No
373,55,Male,PhD,Student,27139.08,Married,4,Urban,3592.69,469,30,Debit Card,Yes,No
374,49,Female,High School,Employed,40133.06,Married,2,Urban,8960.56,458,22,Debit Card,No,No
375,63,Female,Bachelor,Self-Employed,63859.91,Married,2,Suburban,16952.66,498,43,Credit Card,No,No
376,28,Female,Master,Self-Employed,88890.75,Married,1,Suburban,34086.88,492,9,Cash,Yes,No
377,48,Male,Bachelor,Unemployed,7330.93,Married,2,Suburban,7752.98,398,29,Mobile Money,No,No
378,40,Female,Diploma,Employed,34226.27,Married,1,Urban,12127.15,474,16,Debit Card,Yes,No
379,64,Male,Diploma,Self-Employed,38610.13,Married,3,Urban,10097.64,517,44,Credit Card,Yes,No
380,28,Female,Bachelor,Employed,54634.04,Single,0,Suburban,14439.38,498,10,Debit Card,No,No
381,27,Female,Diploma,Self-Employed,41126.25,Married,1,Urban,12081.34,452,4,Credit Card,Yes,No
382,30,Female,Master,Employed,57834.45,Married,0,Rural,27505.54,475,4,Cash,No,No
383,18,Female,Bachelor,Student,7911.96,Single,0,Rural,1000.0,387,0,Debit Card,Yes,Yes
384,31,Male,High School,Employed,16171.33,Single,0,Urban,3737.74,403,5,Credit Card,Yes,No
385,28,Female,Bachelor,Employed,65617.54,Single,0,Suburban,23359.05,522,10,Credit Card,Yes,No
386,39,Female,Bachelor,Employed,50539.82,Married,3,Suburban,18429.51,485,19,Debit Card,No,No
387,42,Male,High School,Self-Employed,43882.53,Married,2,Urban,10700.13,445,17,Mobile Money,Yes,No
388,60,Female,Diploma,Self-Employed,44063.46,Married,5,Urban,20879.09,522,35,Debit Card,No,No
389,49,Male,Master,Employed,60440.5,Single,0,Urban,25278.2,517,26,Credit Card,No,No
390,31,Male,Bachelor,Employed,64404.19,Single,0,Urban,25619.93,460,8,Cash,Yes,No
391,27,Female,High School,Employed,30709.63,Married,1,Rural,10993.36,463,4,Credit Card,Yes,No
392,43,Male,High School,Employed,45095.27,Married,0,Suburban,13322.94,476,16,Debit Card,Yes,No
393,22,Female,Bachelor,Employed,51267.82,Single,0,Urban,8795.72,441,0,Credit Card,Yes,Yes
394,59,Male,Bachelor,Employed,51440.56,Single,0,Suburban,21007.91,498,39,Debit Card,Yes,No
395,52,Male,Diploma,Self-Employed,56038.33,Married,3,Rural,27711.01,486,33,Cash,No,No
396,32,Female,Bachelor,Employed,63094.02,Single,0,Urban,16571.44,492,10,Mobile Money,Yes,No
397,18,Male,High School,Student,7227.44,Single,0,Suburban,9141.8,388,0,Debit Card,Yes,Yes
398,54,Female,High School,Employed,56682.15,Married,2,Rural,6747.33,545,34,Credit Card,No,No
399,36,Female,Bachelor,Self-Employed,63755.51,Married,0,Rural,12648.71,480,11,Cash,No,No
400,52,Female,High School,Self-Employed,25844.29,Married,2,Suburban,1000.0,461,28,Debit Card,Yes,No
401,18,Female,Master,Employed,61979.56,Single,0,Rural,25797.14,544,0,Credit Card,No,No
402,30,Female,High School,Employed,27802.08,Married,1,Urban,14890.87,402,12,Debit Card,Yes,No
403,38,Male,Bachelor,Employed,67150.2,Single,0,Urban,25305.82,514,13,Credit Card,Yes,No
404,38,Female,Diploma,Employed,38509.25,Single,0,Urban,10448.8,479,20,Debit Card,Yes,No
405,32,Male,Diploma,Employed,52528.42,Married,1,Urban,20764.42,458,10,Mobile Money,Yes,No
406,45,Female,Bachelor,Employed,58475.4,Married,3,Urban,17383.91,458,23,Mobile Money,No,No
407,25,Female,Diploma,Employed,48666.95,Single,0,Rural,12977.89,507,1,Debit Card,No,Yes
408,36,Female,Bachelor,Employed,58097.35,Single,0,Rural,25469.15,483,17,Mobile Money,No,No
409,39,Female,Bachelor,Employed,58033.98,Single,0,Urban,16583.93,524,17,Mobile Money,No,No
410,44,Female,Bachelor,Employed,61021.68,Married,5,Rural,13865.66,496,19,Mobile Money,Yes,No
411,46,Female,Bachelor,Employed,50466.33,Single,0,Urban,25539.23,562,24,Credit Card,No,No
412,24,Female,Bachelor,Self-Employed,61554.29,Single,0,Urban,14355.34,525,0,Cash,Yes,No
413,19,Male,Bachelor,Self-Employed,68796.38,Single,0,Suburban,32043.35,469,0,Cash,No,No
414,53,Male,Bachelor,Student,26528.89,Married,1,Urban,12391.3,463,31,Cash,No,No
415,41,Male,Master,Employed,57673.97,Married,3,Urban,18866.7,493,14,Cash,Yes,No
416,29,Female,Diploma,Employed,23766.52,Married,0,Rural,2987.29,410,4,Credit Card,No,Yes
417,56,Male,Bachelor,Employed,52890.05,Single,0,Suburban,15130.7,498,32,Mobile Money,Yes,No
418,39,Male,High School,Employed,38246.78,Single,0,Suburban,15531.62,446,18,Cash,Yes,No
419,52,Male,Diploma,Self-Employed,48411.01,Married,3,Rural,26687.25,438,27,Credit Card,Yes,No
420,38,Female,Diploma,Employed,30645.36,Married,0,Rural,5022.75,426,18,Debit Card,Yes,No
421,62,Female,Master,Self-Employed,84632.75,Single,0,Urban,34347.96,575,35,Mobile Money,No,No
422,59,Male,Bachelor,Self-Employed,52136.21,Married,4,Urban,13146.08,506,36,Debit Card,Yes,No
423,35,Male,Bachelor,Student,16031.34,Married,3,Urban,9708.86,424,14,Mobile Money,No,No
424,49,Male,High School,Employed,27527.14,Married,2,Urban,3782.09,447,30,Credit Card,No,No
425,45,Male,Diploma,Employed,39343.74,Single,0,Rural,14387.44,509,27,Credit Card,Yes,No
426,54,Male,Master,Employed,73417.48,Married,1,Rural,26381.49,540,28,Cash,No,No
427,26,Female,High School,Employed,31645.51,Married,1,Urban,10726.0,389,5,Credit Card,Yes,Yes
428,46,Female,High School,Student,5000.0,Married,1,Rural,1000.0,417,20,Debit Card,Yes,No
429,50,Male,Diploma,Employed,48268.9,Married,5,Urban,19155.05,465,26,Mobile Money,No,No
430,18,Male,Bachelor,Employed,61375.46,Single,0,Suburban,17122.39,456,0,Credit Card,No,Yes
431,23,Male,Diploma,Employed,25805.73,Single,0,Urban,1146.21,350,0,Debit Card,Yes,No
432,18,Male,Diploma,Employed,38158.06,Single,0,Urban,15951.53,391,0,Credit Card,Yes,Yes
433,34,Male,Bachelor,Employed,46357.71,Married,1,Suburban,20197.18,503,11,Cash,No,No
434,46,Male,Diploma,Employed,29855.54,Married,3,Suburban,16997.71,471,21,Cash,Yes,No
435,56,Male,Bachelor,Self-Employed,70281.07,Married,3,Urban,17876.59,535,33,Mobile Money,No,No
436,38,Female,High School,Student,5000.0,Single,0,Rural,3837.05,397,13,Mobile Money,No,No
437,57,Female,Diploma,Employed,38857.83,Married,3,Rural,17354.02,502,39,Credit Card,No,No
438,21,Female,Bachelor,Employed,49642.52,Single,0,Urban,20305.06,467,1,Credit Card,Yes,No
439,18,Male,Master,Employed,72961.4,Married,0,Suburban,14667.71,436,0,Debit Card,No,No
440,37,Female,Bachelor,Unemployed,21926.78,Married,1,Urban,11085.66,317,11,Credit Card,No,No
441,42,Female,Bachelor,Employed,72362.04,Single,0,Urban,32440.1,526,20,Mobile Money,Yes,No
442,37,Male,Diploma,Student,6552.21,Married,0,Rural,1254.28,371,17,Credit Card,Yes,No
443,18,Male,High School,Employed,18412.66,Single,0,Urban,1927.13,379,0,Cash,Yes,No
444,36,Female,High School,Employed,25968.85,Married,2,Rural,5536.18,458,12,Mobile Money,No,No
445,22,Male,Master,Employed,76776.48,Single,0,Urban,24184.25,509,3,Cash,No,No
446,46,Male,Master,Student,7818.84,Married,3,Urban,1000.0,437,26,Credit Card,Yes,No
447,42,Female,PhD,Employed,78142.98,Married,1,Rural,31419.69,540,19,Debit Card,No,No
448,26,Female,High School,Employed,23985.46,Married,0,Urban,9687.15,400,5,Credit Card,No,No
449,31,Male,Bachelor,Employed,50733.07,Single,0,Suburban,14058.05,491,6,Debit Card,No,No
450,25,Female,Bachelor,Employed,46338.64,Married,0,Suburban,28097.39,468,1,Credit Card,Yes,No
451,37,Female,Bachelor,Employed,56739.81,Married,1,Urban,26883.59,521,13,Debit Card,No,No
452,49,Male,Bachelor,Self-Employed,65367.82,Married,5,Suburban,28166.65,535,29,Credit Card,Yes,No
453,26,Female,Bachelor,Student,17317.64,Married,0,Urban,16189.53,364,1,Mobile Money,Yes,No
454,44,Male,Diploma,Student,5000.0,Married,0,Suburban,1699.48,396,19,Debit Card,Yes,No
455,31,Male,High School,Employed,34464.52,Married,1,Suburban,13669.91,456,6,Credit Card,Yes,No
456,28,Female,High School,Employed,26061.83,Married,0,Urban,10575.7,434,7,Debit Card,Yes,No
457,36,Male,High School,Employed,20963.1,Single,0,Suburban,6041.51,402,16,Credit Card,Yes,No
458,25,Male,Diploma,Employed,35655.85,Married,2,Rural,14625.18,403,5,Mobile Money,No,No
459,31,Male,High School,Unemployed,5000.0,Single,0,Suburban,1066.06,387,11,Credit Card,Yes,No
460,23,Female,Diploma,Employed,54305.73,Single,0,Urban,13178.0,410,1,Debit Card,Yes,No
461,61,Female,Bachelor,Unemployed,17640.0,Married,4,Suburban,10308.86,426,39,Cash,No,No
462,38,Male,Master,Unemployed,14636.74,Single,0,Suburban,2756.13,409,12,Debit Card,No,No
463,29,Female,Master,Employed,66978.85,Married,1,Suburban,16583.71,479,11,Cash,No,No
464,40,Male,Diploma,Self-Employed,28396.29,Single,0,Suburban,8932.29,435,22,Debit Card,No,No
465,36,Female,High School,Employed,41474.83,Married,0,Suburban,22289.76,433,14,Credit Card,Yes,No
466,35,Male,High School,Employed,40692.38,Single,0,Suburban,19135.88,451,16,Credit Card,No,No
467,45,Female,PhD,Employed,90860.34,Married,3,Rural,32120.49,575,22,Mobile Money,Yes,No
468,47,Female,Bachelor,Student,13555.7,Married,0,Suburban,5227.6,435,27,Mobile Money,No,No
469,31,Female,High School,Employed,19858.59,Married,0,Urban,10319.22,387,10,Cash,Yes,No
470,31,Male,Master,Self-Employed,74440.24,Married,0,Urban,24770.99,553,10,Mobile Money,Yes,No
471,34,Female,Diploma,Self-Employed,34421.63,Single,0,Urban,18660.67,414,11,Cash,No,No
472,18,Male,Master,Self-Employed,82711.46,Single,0,Urban,18334.52,490,0,Credit Card,No,Yes
473,19,Female,Diploma,Self-Employed,56488.28,Single,0,Urban,11690.25,518,0,Debit Card,Yes,Yes
474,54,Male,Diploma,Employed,36934.28,Married,1,Rural,9880.99,428,35,Debit Card,Yes,No
475,57,Male,Bachelor,Self-Employed,68781.57,Married,2,Suburban,20099.99,572,36,Debit Card,No,No
476,35,Male,Master,Employed,77830.67,Married,1,Urban,27398.45,527,13,Credit Card,No,No
477,44,Male,Master,Employed,57007.19,Married,1,Urban,25766.71,491,22,Credit Card,Yes,No
478,41,Female,Bachelor,Employed,69764.52,Married,2,Urban,27267.72,578,14,Credit Card,Yes,No
479,70,Female,High School,Employed,39258.56,Married,5,Urban,19407.91,490,51,Cash,Yes,No
480,51,Female,Diploma,Student,12111.14,Married,3,Suburban,6341.03,465,33,Cash,No,Yes
481,36,Female,PhD,Employed,97392.76,Single,0,Suburban,43868.29,574,12,Debit Card,Yes,No
482,26,Female,Bachelor,Employed,62768.61,Single,0,Rural,26580.73,483,6,Credit Card,Yes,No
483,18,Male,Bachelor,Employed,57341.12,Single,0,Urban,18925.73,426,0,Cash,Yes,Yes
484,40,Male,Diploma,Employed,51426.22,Married,1,Urban,11853.49,467,14,Debit Card,Yes,No
485,28,Male,Bachelor,Employed,51378.72,Married,1,Suburban,19531.38,422,9,Mobile Money,No,No
486,20,Male,Diploma,Employed,43694.49,Single,0,Rural,12814.96,451,0,Credit Card,No,No
487,30,Male,Bachelor,Student,21573.14,Married,1,Suburban,3729.35,447,8,Credit Card,No,No
488,25,Male,Master,Employed,48470.4,Married,0,Urban,15560.49,441,1,Mobile Money,Yes,No
489,58,Male,Bachelor,Employed,58503.71,Married,5,Urban,20468.4,542,34,Credit Card,No,No
490,48,Male,Diploma,Employed,45796.84,Single,0,Urban,11310.63,519,27,Debit Card,No,No
491,37,Female,Diploma,Employed,26332.47,Single,0,Rural,4107.07,405,13,Credit Card,No,No
492,55,Male,High School,Student,8254.56,Single,0,Suburban,2308.74,424,32,Mobile Money,Yes,No
493,38,Female,Master,Employed,63650.35,Single,0,Urban,9774.72,530,12,Credit Card,Yes,No
494,27,Female,Diploma,Employed,43174.45,Married,1,Suburban,10691.01,470,0,Credit Card,No,No
495,56,Female,Master,Employed,69240.01,Single,0,Urban,27150.1,573,35,Cash,Yes,No
496,44,Male,Bachelor,Self-Employed,58429.37,Single,0,Suburban,13077.94,477,21,Credit Card,No,No
497,25,Male,Bachelor,Employed,63877.31,Married,1,Urban,19287.95,499,4,Credit Card,No,No
498,35,Male,Master,Employed,66653.08,Married,0,Rural,17434.39,469,9,Credit Card,No,No
499,27,Male,Bachelor,Employed,57159.71,Married,3,Rural,22688.82,515,0,Mobile Money,Yes,Yes
500,21,Male,Master,Student,24512.38,Single,0,Rural,4983.55,344,3,Debit Card,Yes,No
501,49,Female,High School,Unemployed,5000.0,Married,1,Urban,6437.94,421,30,Credit Card,No,No
502,60,Female,Bachelor,Employed,55064.39,Married,5,Rural,22222.11,518,35,Mobile Money,Yes,No
503,21,Female,Bachelor,Unemployed,12537.38,Single,0,Urban,7622.03,372,0,Credit Card,No,No
504,44,Male,Diploma,Employed,37822.56,Married,0,Rural,16141.14,420,21,Cash,No,No
505,30,Male,Bachelor,Employed,72248.68,Single,0,Urban,13961.39,475,7,Mobile Money,No,No
506,32,Female,Bachelor,Employed,58654.21,Married,2,Urban,17481.92,498,14,Debit Card,No,No
507,30,Male,Master,Self-Employed,86508.74,Married,0,Rural,31382.98,540,6,Debit Card,Yes,No
508,27,Female,Diploma,Employed,44192.7,Single,0,Urban,16253.46,470,8,Cash,Yes,No
509,38,Female,Bachelor,Self-Employed,69442.08,Married,1,Suburban,12052.44,515,14,Mobile Money,No,No
510,28,Male,Diploma,Employed,25393.49,Single,0,Urban,13473.24,315,1,Mobile Money,No,No
511,41,Male,Bachelor,Self-Employed,84374.09,Married,0,Suburban,37193.14,575,19,Cash,No,Yes
512,37,Male,Diploma,Employed,28285.04,Single,0,Suburban,8348.61,454,16,Debit Card,Yes,No
513,35,Male,Bachelor,Employed,68860.75,Single,0,Suburban,31711.92,562,9,Credit Card,Yes,No
514,27,Male,Diploma,Employed,44944.12,Single,0,Urban,16735.13,442,1,Credit Card,No,No
515,31,Male,High School,Employed,31446.23,Single,0,Rural,14176.7,371,8,Credit Card,Yes,No
516,47,Male,High School,Employed,27556.12,Married,3,Urban,7900.13,427,29,Debit Card,Yes,No
517,44,Female,High School,Employed,50841.28,Married,2,Urban,25767.64,517,26,Credit Card,Yes,No
518,26,Female,Bachelor,Student,15835.92,Single,0,Urban,1000.0,388,0,Debit Card,Yes,No
519,39,Male,Master,Employed,70141.5,Single,0,Rural,32370.56,559,20,Cash,Yes,No
520,47,Female,High School,Employed,25717.9,Married,2,Urban,2352.87,483,28,Credit Card,Yes,No
521,18,Female,High School,Employed,24758.81,Single,0,Rural,12148.58,352,0,Credit Card,No,Yes
522,44,Female,Diploma,Employed,40404.89,Married,2,Rural,15737.41,446,19,Cash,No,No
523,30,Female,Bachelor,Employed,47555.18,Married,0,Urban,9116.66,425,10,Cash,Yes,No
524,44,Male,High School,Self-Employed,41437.21,Single,0,Rural,15059.86,481,26,Mobile Money,Yes,No
525,28,Male,Diploma,Employed,34834.86,Single,0,Urban,18969.56,377,5,Credit Card,No,No
526,18,Female,High School,Self-Employed,44039.64,Single,0,Urban,25713.01,413,0,Debit Card,Yes,No
527,18,Female,Diploma,Employed,47860.7,Single,0,Suburban,14631.76,441,0,Debit Card,No,No
528,38,Female,High School,Student,5556.51,Married,0,Suburban,3390.14,442,17,Credit Card,Yes,No
529,41,Female,Diploma,Employed,44642.42,Married,2,Urban,17350.23,475,15,Debit Card,Yes,No
530,27,Female,Bachelor,Employed,60042.91,Married,1,Suburban,24385.07,446,0,Cash,No,No
531,45,Male,Bachelor,Employed,43301.35,Single,0,Urban,17127.58,429,20,Cash,Yes,No
532,18,Male,High School,Student,19853.54,Single,0,Urban,7636.79,398,0,Credit Card,Yes,No
533,37,Male,Bachelor,Self-Employed,63954.05,Married,5,Suburban,14687.27,526,14,Credit Card,Yes,No
534,23,Female,Diploma,Employed,45564.59,Single,0,Suburban,21919.02,426,0,Mobile Money,No,No
535,30,Female,Master,Employed,75788.99,Married,1,Urban,18260.06,491,9,Credit Card,Yes,No
536,38,Female,Diploma,Student,5000.0,Single,0,Suburban,1000.0,363,12,Debit Card,Yes,No
537,27,Female,Bachelor,Employed,49744.57,Single,0,Urban,17060.74,470,1,Credit Card,Yes,Yes
538,33,Female,Bachelor,Employed,61722.95,Single,0,Suburban,17276.8,485,14,Credit Card,No,No
539,50,Female,High School,Unemployed,9498.02,Married,1,Urban,4756.28,427,24,Debit Card,Yes,No
540,31,Female,Master,Unemployed,26511.75,Single,0,Urban,9905.92,428,11,Credit Card,Yes,No
541,48,Male,Diploma,Self-Employed,48738.93,Married,3,Rural,14547.83,496,24,Credit Card,No,No
542,24,Female,Bachelor,Student,20835.05,Single,0,Suburban,14804.45,433,0,Debit Card,No,Yes
543,44,Female,High School,Employed,30912.27,Married,3,Urban,15202.52,488,20,Debit Card,Yes,No
544,55,Male,Diploma,Employed,51392.71,Married,5,Rural,11934.39,517,36,Debit Card,Yes,No
545,18,Male,Bachelor,Self-Employed,58159.77,Single,0,Urban,12912.89,491,0,Cash,No,No
546,28,Female,Diploma,Self-Employed,46978.88,Married,1,Urban,18551.05,458,7,Credit Card,Yes,No
547,44,Male,Diploma,Self-Employed,43252.8,Married,2,Suburban,10784.55,528,19,Credit Card,No,No
548,35,Male,Diploma,Student,11109.09,Single,0,Urban,5012.54,408,10,Credit Card,Yes,No
549,42,Male,Bachelor,Employed,52770.66,Single,0,Rural,23454.48,428,16,Debit Card,Yes,No
550,30,Female,Diploma,Employed,38163.89,Married,0,Urban,11004.04,461,6,Cash,Yes,No
551,39,Female,High School,Employed,24361.87,Married,1,Urban,8988.5,436,20,Mobile Money,Yes,No
552,36,Male,Bachelor,Self-Employed,62314.12,Married,1,Urban,24499.41,501,12,Mobile Money,No,No
553,52,Male,Diploma,Employed,39917.78,Married,3,Rural,22121.73,446,31,Mobile Money,Yes,No
554,41,Female,Diploma,Unemployed,5000.0,Married,2,Rural,5598.91,399,16,Debit Card,No,No
555,42,Female,High School,Employed,11585.89,Married,5,Rural,1000.0,456,17,Debit Card,No,No
556,33,Female,High School,Employed,30473.17,Married,0,Urban,10295.18,431,15,Debit Card,Yes,No
557,32,Male,High School,Employed,7846.59,Married,0,Suburban,4109.13,372,7,Credit Card,No,No
558,32,Male,Master,Self-Employed,82454.86,Married,0,Urban,13687.0,487,5,Mobile Money,Yes,No
559,42,Male,Diploma,Employed,36982.69,Married,0,Urban,9327.29,440,21,Debit Card,No,No
560,32,Female,High School,Self-Employed,40336.3,Married,0,Urban,12759.16,451,13,Cash,Yes,No
561,41,Male,High School,Employed,24623.85,Married,1,Suburban,7377.1,451,14,Credit Card,Yes,No
562,62,Male,High School,Employed,42556.12,Married,1,Urban,16747.65,482,37,Credit Card,No,No
563,48,Male,Bachelor,Employed,61785.3,Single,0,Suburban,16281.22,501,27,Credit Card,Yes,No
564,34,Male,High School,Self-Employed,23901.65,Married,1,Rural,12427.18,407,7,Debit Card,Yes,No
565,52,Female,Diploma,Employed,37725.23,Married,5,Urban,15146.44,455,29,Credit Card,No,No
566,33,Male,Diploma,Student,20217.48,Married,1,Urban,4821.78,426,10,Cash,Yes,No
567,18,Female,Master,Employed,64418.94,Single,0,Urban,20736.34,472,0,Credit Card,Yes,No
568,25,Female,Diploma,Employed,39576.86,Single,0,Rural,18512.09,404,0,Cash,No,No
569,18,Male,Diploma,Employed,51233.02,Single,0,Suburban,15984.52,436,0,Cash,Yes,No
570,33,Female,Bachelor,Employed,50675.24,Married,1,Suburban,13232.28,493,9,Debit Card,Yes,No
571,38,Female,Diploma,Employed,48983.84,Married,1,Suburban,17682.37,486,15,Cash,No,No
572,58,Female,Bachelor,Employed,47720.0,Married,3,Suburban,20696.23,468,35,Credit Card,No,No
573,41,Male,Bachelor,Self-Employed,42899.09,Married,1,Suburban,17487.22,484,23,Cash,No,No
574,35,Male,Diploma,Employed,49828.23,Married,0,Urban,1000.0,474,13,Debit Card,Yes,No
575,47,Male,Bachelor,Employed,58509.88,Married,4,Suburban,14911.93,508,25,Cash,No,No
576,18,Female,PhD,Employed,94036.51,Married,0,Rural,22107.2,530,0,Cash,No,No
577,40,Female,Bachelor,Employed,46256.3,Married,2,Suburban,16150.69,491,14,Credit Card,Yes,Yes
578,47,Female,Master,Employed,61893.18,Married,1,Rural,16708.72,530,22,Credit Card,No,No
579,20,Male,High School,Student,15203.49,Single,0,Urban,2887.28,400,0,Credit Card,Yes,No
580,51,Male,Diploma,Self-Employed,49945.66,Married,2,Urban,18443.38,513,32,Mobile Money,No,No
581,42,Female,Master,Self-Employed,83060.35,Married,1,Urban,35432.33,624,20,Credit Card,Yes,No
582,33,Male,Diploma,Employed,41767.41,Married,1,Urban,19097.5,465,6,Cash,Yes,No
583,45,Female,PhD,Employed,102068.04,Single,0,Suburban,42481.45,586,21,Mobile Money,No,No
584,65,Male,High School,Employed,35789.51,Married,2,Rural,12429.48,476,39,Debit Card,No,No
585,40,Male,Master,Employed,66202.84,Married,2,Urban,21585.46,538,16,Cash,No,No
586,40,Male,Diploma,Employed,28772.1,Married,1,Rural,10118.03,431,16,Credit Card,No,No
587,32,Male,High School,Employed,34704.43,Married,0,Rural,7927.35,441,9,Mobile Money,No,No
588,27,Male,Master,Unemployed,13608.26,Married,1,Rural,4023.8,379,1,Debit Card,No,No
589,47,Male,Diploma,Student,5000.0,Married,3,Urban,6117.47,400,27,Credit Card,No,No
590,27,Male,High School,Employed,40525.99,Married,4,Urban,12750.44,384,3,Credit Card,Yes,No
591,38,Male,High School,Self-Employed,42979.25,Married,0,Urban,17144.25,477,11,Debit Card,No,No
592,32,Male,Bachelor,Self-Employed,69085.49,Married,1,Urban,15516.26,508,13,Debit Card,No,No
593,43,Female,PhD,Employed,80092.82,Married,1,Urban,36371.59,513,17,Debit Card,Yes,No
594,42,Male,High School,Student,20314.13,Married,2,Rural,8525.98,455,20,Debit Card,Yes,No
595,50,Female,Diploma,Employed,48230.95,Married,2,Suburban,19917.85,446,24,Debit Card,No,No
596,31,Female,High School,Self-Employed,33569.72,Married,2,Urban,13209.31,442,8,Credit Card,Yes,Yes
597,34,Female,Bachelor,Employed,50877.76,Married,1,Rural,24408.63,485,9,Credit Card,Yes,No
598,26,Female,High School,Employed,30627.92,Married,1,Urban,10687.59,415,4,Debit Card,Yes,No
599,32,Male,High School,Employed,26172.65,Married,0,Rural,8574.06,501,14,Debit Card,Yes,No
600,42,Female,High School,Unemployed,26694.83,Married,2,Urban,5758.29,522,15,Mobile Money,No,Yes
601,47,Female,Bachelor,Employed,51915.77,Married,5,Suburban,15876.27,469,25,Debit Card,No,No
602,26,Female,Master,Employed,61456.94,Married,1,Suburban,19296.02,452,3,Debit Card,No,No
603,48,Male,Bachelor,Employed,67707.33,Married,3,Suburban,31918.15,540,26,Credit Card,Yes,No
604,54,Male,High School,Employed,25447.51,Married,2,Suburban,8776.1,436,36,Debit Card,Yes,No
605,42,Male,Bachelor,Self-Employed,72291.44,Married,0,Urban,30216.94,547,24,Debit Card,Yes,No
606,60,Female,Bachelor,Self-Employed,71403.1,Married,1,Urban,15345.74,645,39,Credit Card,No,No
607,28,Female,High School,Unemployed,8531.5,Married,1,Rural,8779.79,378,4,Mobile Money,No,No
608,23,Male,High School,Self-Employed,28216.03,Single,0,Urban,9717.34,419,0,Debit Card,Yes,Yes
609,18,Female,High School,Student,5614.54,Single,0,Rural,1463.42,307,0,Cash,No,Yes
610,55,Female,Bachelor,Self-Employed,56641.11,Married,2,Suburban,10812.25,500,33,Credit Card,No,No
611,45,Male,Bachelor,Student,10810.26,Married,2,Suburban,4882.94,351,23,Debit Card,No,No
612,37,Female,Bachelor,Employed,61182.25,Married,1,Rural,17991.7,488,10,Credit Card,Yes,No
613,41,Female,High School,Employed,43742.24,Married,0,Suburban,8208.05,507,19,Credit Card,No,No
614,24,Male,Diploma,Student,5000.0,Single,0,Suburban,7904.75,325,3,Mobile Money,No,No
615,67,Female,PhD,Self-Employed,105996.33,Married,5,Rural,34342.1,663,43,Credit Card,Yes,No
616,39,Male,High School,Unemployed,5000.0,Single,0,Urban,1000.0,382,21,Cash,Yes,Yes
617,39,Female,Master,Employed,72189.92,Married,0,Rural,30075.91,528,18,Credit Card,No,No
618,46,Female,Bachelor,Unemployed,5000.0,Married,2,Urban,3732.59,465,24,Mobile Money,No,No
619,43,Female,High School,Self-Employed,28570.7,Married,1,Suburban,9001.27,478,19,Mobile Money,No,No
620,40,Male,Diploma,Employed,26463.87,Single,0,Rural,18445.6,426,20,Debit Card,Yes,Yes
621,28,Male,Master,Employed,58493.56,Single,0,Suburban,18105.44,461,9,Debit Card,No,No
622,43,Male,Diploma,Employed,34716.5,Married,2,Urban,17908.61,433,22,Credit Card,No,No
623,60,Female,Master,Student,27367.06,Married,3,Urban,8520.71,531,36,Credit Card,No,Yes
624,54,Male,Diploma,Self-Employed,50780.8,Married,3,Urban,19853.37,532,35,Debit Card,Yes,No
625,57,Female,Bachelor,Student,11519.97,Married,4,Suburban,10651.71,467,33,Credit Card,Yes,No
626,31,Male,Master,Employed,80775.09,Single,0,Suburban,23145.6,505,6,Credit Card,Yes,No
627,26,Male,Master,Student,17068.78,Married,1,Suburban,2722.4,392,3,Debit Card,No,No
628,36,Male,Diploma,Employed,43820.61,Married,0,Rural,24157.09,459,10,Credit Card,No,No
629,38,Female,Bachelor,Employed,51215.8,Single,0,Urban,27771.82,441,20,Debit Card,Yes,No
630,51,Female,High School,Employed,24901.37,Single,0,Urban,12766.04,418,24,Credit Card,Yes,No
631,18,Male,Diploma,Student,5000.0,Single,0,Urban,1345.73,306,0,Cash,Yes,No
632,56,Male,Diploma,Employed,35191.28,Single,0,Urban,10767.82,480,35,Credit Card,Yes,No
633,36,Female,High School,Employed,27755.81,Married,2,Urban,15361.69,384,11,Cash,Yes,No
634,32,Male,Diploma,Employed,42757.75,Married,0,Urban,18203.59,504,12,Debit Card,Yes,No
635,25,Female,Diploma,Employed,39705.93,Single,0,Suburban,17011.0,477,0,Credit Card,No,Yes
636,18,Female,PhD,Unemployed,24079.44,Single,0,Urban,15353.67,360,0,Credit Card,Yes,No
637,47,Female,Bachelor,Employed,47706.59,Married,3,Urban,12173.05,450,25,Credit Card,Yes,No
638,38,Female,Diploma,Self-Employed,51193.01,Married,1,Suburban,19198.72,484,18,Credit Card,Yes,No
639,22,Female,PhD,Student,14017.87,Single,0,Rural,4585.55,376,0,Debit Card,No,No
640,22,Female,High School,Employed,32830.37,Single,0,Suburban,8367.32,401,2,Debit Card,No,No
641,33,Female,Diploma,Unemployed,5000.0,Single,0,Urban,4113.56,398,7,Debit Card,Yes,No
642,58,Female,Bachelor,Employed,57691.37,Married,4,Urban,25091.85,505,35,Mobile Money,No,No
643,34,Male,High School,Student,11975.26,Married,0,Urban,8739.76,395,16,Cash,No,No
644,19,Male,Bachelor,Employed,59956.25,Single,0,Urban,23298.95,432,0,Credit Card,Yes,No
645,35,Male,High School,Self-Employed,34426.24,Married,0,Rural,10775.3,410,15,Cash,Yes,No
646,34,Female,High School,Self-Employed,43322.55,Married,2,Rural,11249.72,472,9,Credit Card,Yes,No
647,18,Female,High School,Employed,19816.33,Single,0,Urban,8703.38,378,0,Credit Card,Yes,No
648,37,Male,Master,Employed,69286.35,Married,2,Rural,24012.52,558,12,Credit Card,Yes,No
649,35,Male,Bachelor,Employed,53452.83,Single,0,Suburban,16391.43,433,8,Debit Card,No,No
650,46,Male,Bachelor,Employed,63291.2,Married,0,Rural,27137.63,478,23,Cash,No,No
651,60,Female,Bachelor,Employed,38836.05,Married,4,Suburban,14131.52,535,39,Cash,Yes,No
652,51,Female,Diploma,Student,5000.0,Single,0,Urban,1000.0,393,32,Debit Card,Yes,No
653,34,Female,Bachelor,Employed,68978.01,Single,0,Urban,16124.45,509,14,Credit Card,Yes,No
654,24,Male,Diploma,Employed,20555.47,Married,0,Urban,7016.2,398,5,Credit Card,Yes,No
655,68,Female,High School,Employed,36515.39,Married,5,Suburban,9229.21,497,41,Credit Card,No,No
656,38,Male,Bachelor,Employed,49397.38,Single,0,Rural,7380.45,466,17,Credit Card,No,Yes
657,38,Female,High School,Employed,32037.62,Single,0,Suburban,11136.31,443,16,Debit Card,Yes,No
658,37,Male,High School,Student,17310.26,Single,0,Urban,6803.93,384,15,Cash,No,No
659,40,Female,Master,Unemployed,23345.65,Single,0,Suburban,9613.54,420,22,Credit Card,No,No
660,36,Male,Bachelor,Employed,66476.27,Single,0,Urban,26590.21,532,10,Mobile Money,No,No
661,31,Male,Bachelor,Employed,51061.21,Married,2,Rural,23334.71,458,13,Credit Card,No,No
662,31,Female,Diploma,Employed,37118.59,Married,0,Urban,10648.53,401,9,Credit Card,Yes,No
663,37,Male,Diploma,Self-Employed,54294.74,Married,0,Suburban,17983.86,501,18,Credit Card,Yes,Yes
664,31,Male,Bachelor,Self-Employed,62484.56,Single,0,Urban,25285.26,506,10,Debit Card,Yes,No
665,29,Female,Bachelor,Self-Employed,70778.77,Married,1,Urban,25255.75,486,7,Credit Card,Yes,No
666,39,Female,Bachelor,Employed,64470.43,Single,0,Suburban,33327.35,433,16,Credit Card,Yes,Yes
667,34,Male,PhD,Student,24946.7,Single,0,Suburban,11471.53,424,8,Mobile Money,Yes,No
668,56,Female,PhD,Employed,77368.71,Single,0,Urban,32137.37,635,36,Cash,No,No
669,18,Female,Diploma,Employed,37268.95,Married,1,Suburban,7122.24,433,0,Credit Card,Yes,No
670,51,Male,Master,Student,16254.66,Married,4,Urban,5684.73,412,31,Mobile Money,No,No
671,52,Male,Bachelor,Employed,53048.85,Married,3,Rural,14115.74,451,33,Mobile Money,Yes,No
672,18,Male,Bachelor,Employed,55634.93,Single,0,Suburban,19157.74,424,0,Credit Card,Yes,No
673,33,Female,High School,Employed,32360.57,Married,1,Urban,15311.15,449,11,Mobile Money,Yes,No
674,33,Male,Bachelor,Employed,50787.46,Married,1,Urban,18234.1,456,9,Debit Card,No,Yes
675,21,Male,Master,Employed,68452.49,Single,0,Urban,27201.1,510,1,Mobile Money,No,No
676,28,Female,Bachelor,Employed,45551.72,Single,0,Urban,23921.87,415,2,Credit Card,Yes,No
677,24,Female,Bachelor,Employed,51177.27,Single,0,Suburban,19449.05,419,6,Debit Card,Yes,No
678,59,Male,High School,Unemployed,5000.0,Married,1,Urban,1000.0,403,39,Debit Card,No,No
679,49,Female,Diploma,Employed,40931.97,Married,2,Urban,18089.34,499,27,Credit Card,Yes,No
680,53,Male,High School,Self-Employed,34454.22,Married,3,Urban,6145.14,471,33,Credit Card,No,No
681,46,Male,Diploma,Employed,32673.64,Married,0,Suburban,7763.9,441,26,Credit Card,No,No
682,24,Female,Bachelor,Employed,69282.08,Single,0,Suburban,23975.5,510,0,Cash,Yes,No
683,31,Female,Diploma,Employed,38036.71,Married,1,Suburban,14755.54,475,4,Credit Card,No,No
684,43,Male,Bachelor,Self-Employed,68292.42,Single,0,Rural,31294.39,474,17,Debit Card,Yes,No
685,23,Female,Diploma,Self-Employed,42890.93,Single,0,Urban,18379.27,462,0,Credit Card,Yes,No
686,46,Female,Diploma,Employed,36685.22,Married,1,Urban,7645.76,459,22,Debit Card,Yes,No
687,35,Male,High School,Unemployed,11595.31,Single,0,Rural,3487.05,426,9,Credit Card,Yes,No
688,33,Female,Master,Unemployed,18341.99,Single,0,Urban,4809.91,407,10,Mobile Money,Yes,Yes
689,46,Male,High School,Employed,30026.43,Married,5,Rural,8626.97,477,23,Debit Card,No,No
690,43,Female,High School,Self-Employed,42454.6,Single,0,Urban,23638.88,437,16,Debit Card,No,No
691,33,Female,Master,Employed,65855.79,Married,2,Suburban,33266.7,470,15,Credit Card,Yes,No
692,51,Male,PhD,Employed,79342.71,Married,3,Urban,34081.51,554,33,Debit Card,No,No
693,25,Male,Bachelor,Employed,42789.89,Married,2,Rural,21097.95,389,5,Credit Card,Yes,No
694,45,Male,High School,Student,17507.51,Married,1,Suburban,7054.91,390,19,Debit Card,No,No
695,45,Male,High School,Employed,37449.17,Married,3,Urban,18739.0,496,20,Credit Card,No,No
696,34,Male,PhD,Student,23246.4,Married,1,Suburban,12145.43,370,7,Debit Card,Yes,No
697,41,Male,Master,Self-Employed,80511.58,Married,3,Urban,28220.48,515,21,Credit Card,Yes,No
698,22,Female,Bachelor,Employed,44335.36,Single,0,Urban,13638.53,425,1,Debit Card,Yes,No
699,49,Male,High School,Employed,27741.59,Married,4,Urban,4928.4,454,25,Debit Card,No,No
700,35,Female,High School,Self-Employed,35253.17,Single,0,Urban,18990.92,396,15,Mobile Money,Yes,No
701,31,Female,High School,Employed,20947.59,Single,0,Suburban,4090.95,387,5,Mobile Money,Yes,No
702,50,Male,Bachelor,Employed,43242.75,Married,5,Rural,14737.3,487,28,Credit Card,No,No
703,29,Female,High School,Self-Employed,22157.5,Married,1,Suburban,8027.62,417,3,Credit Card,No,No
704,21,Male,PhD,Unemployed,32259.15,Single,0,Suburban,4966.68,375,3,Credit Card,No,No
705,19,Male,High School,Self-Employed,26357.13,Single,0,Suburban,18223.11,350,0,Credit Card,Yes,No
706,45,Female,Bachelor,Employed,57475.28,Single,0,Rural,29206.95,468,23,Debit Card,Yes,No
707,22,Male,High School,Employed,26817.6,Single,0,Urban,5881.13,393,1,Debit Card,Yes,Yes
708,59,Female,Bachelor,Student,15717.1,Married,2,Suburban,8348.98,434,35,Debit Card,Yes,No
709,18,Female,High School,Unemployed,11686.6,Single,0,Urban,3082.82,355,0,Credit Card,Yes,No
710,58,Female,Bachelor,Employed,53144.5,Single,0,Suburban,26175.26,515,37,Credit Card,No,No
711,40,Female,Bachelor,Unemployed,17543.63,Married,1,Urban,9500.43,405,14,Credit Card,Yes,No
712,36,Female,High School,Employed,29117.31,Married,0,Urban,8447.77,422,16,Mobile Money,Yes,No
713,31,Male,Master,Employed,65077.22,Single,0,Urban,25569.72,503,10,Mobile Money,Yes,No
714,42,Male,Bachelor,Employed,62840.66,Married,5,Rural,21775.78,540,23,Credit Card,Yes,No
715,37,Female,Master,Employed,66615.41,Single,0,Urban,22050.27,511,10,Credit Card,Yes,No
716,51,Male,Master,Unemployed,20305.2,Married,1,Suburban,3819.38,457,28,Credit Card,Yes,No
717,39,Male,Master,Employed,58679.0,Married,0,Rural,13096.15,462,16,Debit Card,Yes,No
718,39,Male,High School,Employed,32192.36,Married,2,Urban,12766.98,484,17,Debit Card,No,No
719,33,Female,High School,Unemployed,5000.0,Single,0,Suburban,1370.23,391,9,Cash,No,No
720,37,Male,PhD,Unemployed,23185.21,Single,0,Urban,13779.41,466,14,Credit Card,No,No
721,41,Female,Diploma,Employed,33283.51,Single,0,Suburban,9266.95,441,17,Credit Card,Yes,No
722,18,Male,High School,Self-Employed,35008.03,Single,0,Rural,8558.55,398,0,Debit Card,No,No
723,21,Male,Bachelor,Self-Employed,49948.22,Single,0,Urban,11015.07,401,0,Credit Card,Yes,No
724,46,Male,Diploma,Self-Employed,53458.86,Married,2,Urban,22496.1,524,21,Mobile Money,No,No
725,40,Male,Bachelor,Self-Employed,65690.68,Married,3,Urban,15779.7,470,22,Cash,No,No
726,35,Female,Master,Employed,66261.72,Single,0,Urban,33898.81,508,9,Credit Card,Yes,No
727,38,Male,Bachelor,Employed,42614.15,Married,0,Suburban,8136.72,493,19,Cash,Yes,No
728,42,Male,Diploma,Unemployed,15464.53,Single,0,Rural,1000.0,407,15,Mobile Money,Yes,No
729,31,Female,Diploma,Unemployed,6925.38,Married,1,Urban,5107.01,371,8,Debit Card,Yes,No
730,28,Male,Diploma,Employed,50448.69,Single,0,Urban,22919.06,515,5,Debit Card,Yes,Yes
731,40,Male,Diploma,Employed,43890.55,Married,3,Urban,13892.81,394,18,Mobile Money,No,No
732,26,Male,High School,Unemployed,21277.25,Single,0,Rural,1000.0,389,0,Cash,No,Yes
733,42,Female,Diploma,Employed,41095.76,Single,0,Urban,18081.37,433,20,Debit Card,Yes,No
734,18,Female,Bachelor,Employed,63622.58,Single,0,Urban,18386.21,479,0,Debit Card,Yes,No
735,50,Male,Bachelor,Employed,58702.17,Married,1,Suburban,20396.61,555,26,Credit Card,No,No
736,43,Male,Master,Employed,66392.15,Married,0,Urban,18909.54,484,18,Debit Card,No,No
737,41,Male,Bachelor,Employed,56497.68,Married,2,Urban,11871.94,512,14,Debit Card,Yes,No
738,49,Male,High School,Employed,23328.11,Married,2,Urban,7085.45,454,22,Credit Card,No,No
739,57,Female,Bachelor,Employed,71550.24,Single,0,Rural,28592.96,581,37,Credit Card,No,No
740,50,Female,Bachelor,Student,10193.08,Married,5,Urban,10161.63,406,31,Cash,No,No
741,18,Male,Diploma,Student,8209.68,Single,0,Urban,2394.42,386,0,Cash,No,No
742,22,Female,Bachelor,Student,14119.89,Married,0,Suburban,1432.79,394,4,Credit Card,No,No
743,30,Male,High School,Unemployed,5000.0,Married,0,Urban,1000.0,369,3,Credit Card,Yes,No
744,38,Male,Diploma,Self-Employed,58570.97,Married,0,Suburban,23966.61,487,15,Mobile Money,No,No
745,44,Male,Master,Employed,61797.36,Married,4,Urban,30170.32,533,24,Credit Card,No,No
746,29,Male,Master,Employed,59988.24,Married,1,Urban,10788.12,493,2,Mobile Money,Yes,No
747,40,Female,Bachelor,Employed,53667.81,Married,1,Urban,15479.39,475,22,Debit Card,Yes,No
748,28,Male,Bachelor,Employed,44765.62,Single,0,Rural,16484.31,388,6,Debit Card,No,Yes
749,30,Male,Master,Employed,82495.52,Single,0,Rural,30440.9,469,12,Credit Card,Yes,No
750,21,Female,PhD,Student,16154.37,Single,0,Rural,4799.24,409,0,Credit Card,No,Yes
751,26,Female,Diploma,Employed,14230.66,Single,0,Rural,10343.29,357,5,Credit Card,Yes,No
752,21,Female,Bachelor,Employed,56599.59,Single,0,Rural,23824.46,422,3,Debit Card,No,No
753,26,Female,Diploma,Self-Employed,52428.05,Single,0,Urban,18031.5,454,0,Credit Card,Yes,No
754,50,Male,High School,Employed,26628.54,Married,3,Suburban,3915.97,460,28,Debit Card,No,No
755,26,Female,Diploma,Student,5000.0,Married,2,Urban,1729.42,339,0,Debit Card,No,No
756,69,Female,Bachelor,Employed,54173.54,Married,5,Urban,20670.63,483,46,Credit Card,No,No
757,43,Female,Master,Employed,66146.36,Single,0,Rural,20557.25,507,17,Credit Card,No,No
758,40,Female,Master,Student,6195.42,Married,2,Urban,5911.25,359,16,Cash,No,No
759,27,Male,High School,Self-Employed,27489.4,Married,0,Urban,3069.77,370,0,Credit Card,No,No
760,46,Female,Bachelor,Employed,56249.89,Single,0,Rural,21493.04,528,28,Credit Card,Yes,No
761,31,Male,High School,Employed,37224.17,Married,1,Suburban,16250.94,395,8,Debit Card,No,No
762,39,Male,High School,Self-Employed,39692.35,Single,0,Urban,18728.49,477,16,Credit Card,No,No
763,68,Male,Master,Employed,56176.02,Married,2,Urban,25113.36,563,44,Debit Card,No,No
764,36,Female,Diploma,Unemployed,16923.82,Married,2,Suburban,11139.83,403,18,Credit Card,No,No
765,51,Male,Bachelor,Student,17179.79,Single,0,Suburban,15063.96,473,29,Debit Card,No,No
766,29,Female,High School,Employed,41149.57,Married,0,Suburban,21198.19,469,7,Credit Card,Yes,No
767,37,Male,Diploma,Self-Employed,40400.9,Single,0,Urban,15024.8,408,17,Credit Card,Yes,No
768,59,Female,Bachelor,Unemployed,16047.18,Married,4,Urban,1612.76,452,35,Mobile Money,No,No
769,30,Male,High School,Employed,34540.19,Married,0,Suburban,12486.04,425,10,Credit Card,Yes,No
770,59,Female,Diploma,Student,5000.0,Married,4,Rural,2095.85,464,38,Credit Card,No,No
771,46,Female,High School,Self-Employed,40415.28,Married,0,Urban,16433.22,414,24,Cash,No,No
772,31,Male,Bachelor,Employed,54807.79,Married,1,Urban,18129.59,472,4,Debit Card,Yes,No
773,45,Male,PhD,Self-Employed,101228.36,Single,0,Suburban,35026.43,596,21,Credit Card,No,No
774,49,Female,Master,Employed,63910.06,Married,2,Urban,15184.18,560,28,Credit Card,No,Yes
775,45,Female,PhD,Employed,99994.31,Married,4,Suburban,33659.78,596,20,Mobile Money,No,No
776,19,Female,Master,Self-Employed,76028.65,Single,0,Urban,33387.33,501,0,Debit Card,Yes,No
777,29,Male,Master,Employed,60656.0,Single,0,Suburban,20316.28,528,3,Credit Card,Yes,No
778,35,Female,Bachelor,Self-Employed,68755.03,Married,0,Suburban,19728.1,497,14,Credit Card,Yes,No
779,37,Male,Bachelor,Employed,54755.42,Single,0,Urban,28421.56,485,10,Credit Card,No,No
780,45,Female,Diploma,Employed,29507.03,Single,0,Rural,8602.25,463,26,Credit Card,No,No
781,40,Female,Master,Self-Employed,79844.64,Single,0,Urban,25921.36,509,14,Credit Card,No,No
782,21,Male,High School,Student,5000.0,Single,0,Urban,1000.0,307,0,Mobile Money,Yes,No
783,42,Female,High School,Unemployed,5000.0,Married,2,Urban,5277.92,403,24,Credit Card,Yes,No
784,45,Female,Master,Unemployed,41199.76,Married,1,Rural,14765.21,474,23,Credit Card,Yes,No
785,44,Female,High School,Employed,27579.36,Married,2,Rural,5079.08,498,17,Debit Card,No,No
786,50,Male,PhD,Unemployed,19949.99,Married,3,Urban,3595.59,432,27,Mobile Money,No,No
787,48,Male,Bachelor,Employed,71174.3,Married,2,Urban,20606.17,551,21,Cash,No,No
788,43,Female,Diploma,Employed,47106.04,Married,1,Urban,10499.8,445,24,Cash,No,No
789,37,Male,Bachelor,Employed,60798.6,Single,0,Suburban,18396.28,479,19,Debit Card,Yes,No
790,18,Male,Master,Unemployed,14335.25,Single,0,Rural,8339.24,412,0,Credit Card,No,Yes
791,43,Female,High School,Employed,39531.87,Married,2,Suburban,10359.45,427,24,Debit Card,No,Yes
792,40,Male,Bachelor,Employed,61530.2,Married,0,Rural,21479.5,521,17,Credit Card,Yes,No
793,41,Female,Master,Employed,71176.72,Married,1,Suburban,25136.35,562,15,Debit Card,Yes,No
794,22,Male,High School,Employed,16269.58,Single,0,Urban,4121.81,371,4,Debit Card,No,Yes
795,25,Male,High School,Unemployed,8840.64,Married,0,Rural,4435.07,335,1,Debit Card,Yes,No
796,50,Female,High School,Employed,43839.45,Married,0,Urban,19704.91,521,23,Debit Card,No,No
797,37,Female,High School,Employed,31763.06,Single,0,Urban,14718.68,467,16,Debit Card,No,No
798,46,Female,High School,Employed,26988.27,Married,0,Rural,13222.49,445,28,Mobile Money,Yes,No
799,38,Female,Bachelor,Employed,53172.34,Single,0,Rural,17990.71,497,15,Mobile Money,No,No
800,38,Female,Diploma,Employed,38725.98,Married,3,Urban,17893.84,435,17,Cash,No,No
801,49,Male,Master,Employed,63603.09,Married,1,Urban,6705.81,506,28,Credit Card,Yes,No
802,31,Male,Diploma,Employed,39670.04,Single,0,Urban,6816.39,441,8,Debit Card,Yes,No
803,39,Male,Diploma,Employed,51541.88,Married,0,Urban,24306.4,480,16,Credit Card,No,No
804,32,Female,Bachelor,Unemployed,27135.64,Married,0,Suburban,7709.03,378,6,Credit Card,No,No
805,32,Male,Master,Student,7965.31,Single,0,Rural,1000.0,360,7,Mobile Money,No,No
806,34,Male,Bachelor,Employed,65207.18,Single,0,Rural,18323.86,461,9,Credit Card,Yes,No
807,40,Male,Diploma,Employed,46089.13,Married,1,Rural,11613.33,497,14,Cash,No,No
808,32,Male,Master,Self-Employed,89066.71,Married,0,Urban,34460.01,556,11,Credit Card,Yes,No
809,53,Male,Diploma,Employed,43455.3,Single,0,Urban,17946.7,506,29,Credit Card,No,No
810,27,Female,High School,Employed,22556.99,Married,0,Suburban,12417.93,312,5,Credit Card,Yes,No
811,35,Male,Diploma,Employed,36755.37,Married,0,Suburban,14733.23,407,17,Credit Card,Yes,No
812,32,Female,Bachelor,Student,17663.35,Married,0,Urban,8156.14,409,12,Cash,Yes,No
813,55,Female,High School,Self-Employed,26345.04,Single,0,Urban,11140.96,500,31,Debit Card,No,No
814,40,Male,Bachelor,Employed,46673.8,Married,1,Urban,6318.85,485,20,Credit Card,Yes,No
815,50,Female,Bachelor,Employed,57449.58,Single,0,Suburban,14116.53,535,24,Cash,No,No
816,20,Male,Master,Employed,63683.74,Single,0,Urban,18240.58,483,0,Mobile Money,Yes,No
817,41,Female,Diploma,Employed,46591.15,Married,1,Suburban,10511.9,488,22,Mobile Money,Yes,No
818,48,Female,Diploma,Employed,33966.26,Single,0,Urban,16596.79,462,25,Mobile Money,No,No
819,38,Female,Diploma,Unemployed,13955.04,Single,0,Urban,7000.46,374,14,Credit Card,No,No
820,50,Female,Diploma,Employed,42624.57,Married,2,Suburban,13978.52,511,24,Cash,No,No
821,31,Male,Bachelor,Employed,51143.24,Married,1,Urban,23042.29,482,13,Credit Card,Yes,No
822,54,Male,Bachelor,Employed,53082.83,Married,5,Urban,20427.87,526,31,Debit Card,Yes,No
823,65,Female,Bachelor,Employed,49559.91,Married,5,Suburban,17743.76,536,43,Mobile Money,Yes,No
824,33,Male,Master,Student,13851.16,Married,0,Urban,6073.28,373,14,Credit Card,No,No
825,32,Male,Master,Employed,62306.5,Married,1,Urban,24375.31,524,9,Credit Card,Yes,No
826,55,Male,Diploma,Employed,38211.94,Married,5,Urban,9465.5,432,37,Cash,No,No
827,56,Female,PhD,Employed,95987.93,Single,0,Urban,38383.56,596,30,Mobile Money,No,No
828,31,Male,High School,Employed,20905.99,Married,0,Urban,6963.01,438,8,Credit Card,Yes,No
829,32,Female,Bachelor,Student,7103.44,Married,0,Urban,3841.19,374,12,Mobile Money,Yes,Yes
830,34,Male,Bachelor,Employed,59146.1,Married,3,Urban,22112.52,483,15,Credit Card,Yes,No
831,21,Male,Master,Employed,53378.84,Single,0,Suburban,26865.3,426,0,Cash,No,No
832,26,Female,Diploma,Employed,54844.67,Single,0,Suburban,21967.71,514,0,Credit Card,Yes,No
833,25,Male,Bachelor,Self-Employed,74362.06,Single,0,Suburban,19906.21,531,2,Credit Card,Yes,No
834,28,Female,Master,Self-Employed,71693.32,Married,1,Suburban,26733.77,559,10,Debit Card,Yes,No
835,37,Male,Bachelor,Self-Employed,49166.43,Married,3,Urban,23739.74,466,18,Cash,Yes,No
836,40,Male,Bachelor,Employed,55236.94,Married,3,Urban,23866.88,454,21,Cash,No,No
837,56,Male,High School,Student,5000.0,Single,0,Suburban,1110.64,346,30,Credit Card,No,No
838,26,Female,High School,Employed,37691.95,Single,0,Urban,7439.28,464,8,Credit Card,Yes,No
839,49,Female,PhD,Employed,93152.02,Married,5,Suburban,21334.8,592,24,Credit Card,No,No
840,35,Female,Bachelor,Self-Employed,66987.03,Married,2,Suburban,19373.92,503,10,Mobile Money,Yes,No
841,37,Male,Bachelor,Employed,50437.95,Married,2,Urban,14595.76,447,12,Credit Card,Yes,No
842,46,Female,Diploma,Employed,52800.06,Married,2,Suburban,11826.32,520,22,Credit Card,Yes,No
843,24,Female,High School,Employed,36027.62,Single,0,Urban,18443.12,419,2,Debit Card,Yes,No
844,42,Female,Diploma,Employed,44825.33,Married,2,Suburban,20957.71,476,16,Debit Card,No,No
845,39,Female,Diploma,Employed,49600.45,Married,0,Urban,10763.38,422,12,Credit Card,Yes,No
846,43,Female,High School,Self-Employed,27849.11,Married,2,Urban,5165.59,480,24,Credit Card,No,No
847,41,Male,High School,Employed,40277.9,Married,1,Rural,19743.71,455,15,Debit Card,No,No
848,67,Female,Bachelor,Self-Employed,63883.13,Married,3,Suburban,33320.54,555,47,Cash,Yes,No
849,30,Male,Bachelor,Unemployed,19177.84,Married,0,Urban,3961.56,400,6,Cash,Yes,No
850,31,Female,High School,Employed,28748.3,Married,2,Suburban,12615.56,440,11,Debit Card,No,No
851,30,Male,Bachelor,Employed,39977.08,Single,0,Urban,12294.93,437,7,Cash,Yes,No
852,31,Male,Master,Unemployed,28658.79,Married,0,Urban,12353.39,430,5,Credit Card,Yes,No
853,30,Male,Diploma,Self-Employed,33404.13,Married,1,Rural,16085.48,381,7,Debit Card,Yes,No
854,52,Male,Master,Employed,62267.84,Married,1,Urban,28957.8,524,33,Cash,No,No
855,55,Male,Master,Employed,66377.4,Single,0,Urban,30482.75,548,37,Mobile Money,No,No
856,31,Female,High School,Self-Employed,20371.08,Married,2,Rural,9137.92,394,9,Mobile Money,No,No
857,28,Female,High School,Employed,21195.02,Single,0,Urban,2216.97,438,9,Credit Card,Yes,No
858,43,Female,Diploma,Self-Employed,49958.56,Married,0,Urban,18260.46,471,17,Debit Card,Yes,No
859,31,Female,Bachelor,Employed,52226.79,Single,0,Urban,15137.26,489,13,Cash,No,No
860,45,Male,Diploma,Self-Employed,45886.78,Married,0,Urban,14812.54,478,24,Cash,Yes,Yes
861,40,Female,Diploma,Employed,32679.95,Married,1,Urban,11379.43,463,17,Credit Card,Yes,No
862,19,Male,Bachelor,Self-Employed,66369.45,Single,0,Suburban,20064.95,504,0,Credit Card,No,Yes
863,56,Female,High School,Student,5000.0,Single,0,Suburban,4801.95,442,37,Debit Card,Yes,No
864,59,Male,PhD,Employed,76872.28,Married,2,Suburban,20339.39,541,35,Mobile Money,No,No
865,30,Male,High School,Self-Employed,34392.65,Married,0,Suburban,11118.72,444,9,Credit Card,Yes,Yes
866,33,Male,Master,Employed,60064.71,Single,0,Urban,16103.73,507,15,Debit Card,Yes,Yes
867,41,Male,High School,Employed,37181.58,Married,3,Urban,8038.58,457,16,Debit Card,No,No
868,42,Male,High School,Student,5000.0,Married,0,Rural,6005.51,389,15,Credit Card,Yes,No
869,45,Male,High School,Employed,50172.2,Married,2,Urban,21302.29,518,21,Debit Card,No,No
870,62,Female,PhD,Employed,97735.22,Married,4,Rural,25871.04,597,35,Credit Card,Yes,No
871,35,Female,High School,Employed,28957.85,Married,0,Urban,17147.7,413,14,Credit Card,Yes,No
872,28,Male,Bachelor,Employed,59635.83,Married,1,Urban,15432.79,484,10,Cash,Yes,No
873,21,Male,Master,Self-Employed,67281.61,Married,2,Urban,35397.41,497,0,Debit Card,Yes,No
874,29,Female,Bachelor,Employed,62699.04,Single,0,Urban,12182.98,474,9,Credit Card,Yes,No
875,37,Male,Diploma,Employed,33437.68,Married,4,Rural,8646.72,482,12,Mobile Money,No,No
876,59,Female,PhD,Employed,90717.86,Married,4,Urban,41428.84,498,32,Debit Card,No,No
877,31,Male,Master,Employed,64179.02,Single,0,Suburban,27015.29,474,8,Debit Card,No,No
878,40,Female,Diploma,Employed,35029.45,Married,1,Urban,10987.68,435,16,Debit Card,No,No
879,37,Female,Bachelor,Self-Employed,64550.94,Single,0,Suburban,19871.84,502,10,Debit Card,No,No
880,52,Female,PhD,Employed,90614.66,Married,2,Urban,30221.34,588,30,Mobile Money,No,No
881,68,Female,PhD,Employed,89784.67,Married,5,Suburban,20812.82,663,43,Credit Card,No,No
882,31,Male,Diploma,Self-Employed,47984.12,Single,0,Rural,16775.6,406,11,Debit Card,No,No
883,32,Male,Master,Employed,56994.54,Single,0,Urban,21321.76,490,13,Credit Card,Yes,No
884,50,Female,Diploma,Employed,58656.4,Married,1,Rural,19620.87,544,32,Debit Card,Yes,No
885,46,Female,Diploma,Self-Employed,49855.84,Married,2,Urban,22916.72,512,19,Credit Card,No,No
886,60,Male,High School,Employed,33500.54,Married,1,Rural,15540.47,462,39,Debit Card,Yes,No
887,45,Female,High School,Employed,27280.07,Married,2,Urban,13427.5,449,23,Credit Card,No,Yes
888,33,Male,Bachelor,Employed,48006.76,Married,1,Rural,26816.87,464,8,Mobile Money,Yes,No
889,45,Male,Bachelor,Employed,56208.29,Single,0,Urban,25430.48,495,25,Credit Card,No,No
890,51,Female,High School,Employed,32314.22,Married,1,Suburban,10900.25,496,28,Mobile Money,No,No
891,47,Male,Diploma,Student,18414.47,Married,3,Rural,1361.93,485,22,Mobile Money,Yes,No
892,44,Female,Diploma,Employed,56620.94,Single,0,Rural,7579.83,486,18,Mobile Money,No,No
893,50,Male,PhD,Self-Employed,119816.18,Married,2,Urban,47599.1,643,27,Credit Card,No,No
894,52,Male,Master,Unemployed,6867.77,Married,1,Urban,1351.95,379,28,Mobile Money,No,No
895,54,Female,Diploma,Self-Employed,44316.65,Married,2,Suburban,15864.47,493,30,Debit Card,Yes,No
896,45,Female,Master,Employed,72686.54,Single,0,Suburban,28768.1,517,25,Cash,Yes,No
897,35,Male,Diploma,Employed,36797.71,Married,0,Suburban,20364.61,486,9,Credit Card,No,No
898,39,Male,Bachelor,Employed,54649.39,Single,0,Rural,20793.65,530,12,Cash,No,No
899,52,Male,PhD,Unemployed,9838.91,Married,2,Urban,1000.0,401,32,Cash,No,No
900,28,Male,Diploma,Employed,47313.7,Single,0,Suburban,11715.02,443,5,Mobile Money,No,Yes
901,42,Female,Bachelor,Unemployed,5000.0,Married,1,Suburban,1000.0,373,17,Credit Card,Yes,No
902,33,Female,Diploma,Employed,27420.08,Married,0,Urban,16480.28,427,6,Debit Card,No,No
903,38,Male,Diploma,Unemployed,5000.0,Married,0,Urban,3216.06,406,11,Credit Card,Yes,No
904,53,Male,Bachelor,Employed,54219.73,Married,4,Suburban,18325.05,496,35,Mobile Money,Yes,No
905,40,Female,PhD,Unemployed,14018.2,Married,3,Urban,1740.91,393,16,Credit Card,No,No
906,38,Female,Diploma,Employed,31516.86,Single,0,Suburban,15427.18,481,15,Credit Card,Yes,No
907,21,Female,Master,Self-Employed,93191.56,Single,0,Rural,16795.12,523,0,Cash,No,No
908,46,Female,Master,Employed,69101.12,Married,3,Urban,14609.99,501,24,Debit Card,Yes,No
909,45,Male,Diploma,Self-Employed,51468.38,Married,5,Suburban,13872.19,505,26,Mobile Money,No,No
910,63,Male,Diploma,Self-Employed,38110.06,Married,5,Suburban,7772.79,478,38,Credit Card,Yes,No
911,34,Female,Bachelor,Employed,54569.31,Married,0,Urban,20058.31,465,9,Debit Card,Yes,No
912,40,Female,Bachelor,Employed,53913.07,Married,0,Suburban,16057.16,485,14,Cash,No,No
913,40,Male,High School,Employed,23637.84,Married,1,Rural,8194.23,413,21,Credit Card,Yes,No
914,56,Male,PhD,Employed,89591.38,Married,3,Rural,20313.14,622,34,Credit Card,Yes,No
915,36,Male,Bachelor,Self-Employed,50863.0,Married,1,Suburban,27957.53,499,12,Debit Card,Yes,No
916,41,Female,Diploma,Employed,43508.87,Married,0,Suburban,14662.9,480,14,Debit Card,Yes,Yes
917,45,Male,Bachelor,Employed,51804.06,Married,4,Suburban,19775.06,481,25,Credit Card,No,No
918,40,Male,High School,Self-Employed,33942.24,Married,3,Suburban,6422.9,431,13,Credit Card,Yes,No
919,32,Female,Diploma,Employed,46814.13,Single,0,Urban,12794.49,474,11,Debit Card,Yes,No
920,40,Male,Master,Student,17456.27,Married,1,Urban,3049.92,415,20,Credit Card,Yes,No
921,50,Male,Master,Employed,67453.29,Married,2,Urban,24459.53,568,29,Credit Card,No,No
922,25,Male,Diploma,Employed,31067.31,Married,1,Suburban,9529.56,416,1,Debit Card,No,No
923,39,Male,Bachelor,Employed,65629.29,Single,0,Urban,21335.99,514,14,Debit Card,No,No
924,29,Male,Bachelor,Employed,44279.02,Married,1,Suburban,20157.72,442,6,Cash,No,No
925,52,Female,Diploma,Employed,45034.94,Married,1,Urban,14461.37,497,26,Cash,Yes,No
926,19,Female,High School,Employed,17220.85,Married,1,Suburban,6068.94,373,0,Credit Card,Yes,No
927,31,Male,Bachelor,Employed,62342.99,Married,1,Suburban,23358.08,493,4,Credit Card,No,Yes
928,42,Male,Bachelor,Employed,63084.81,Married,2,Suburban,28185.68,494,23,Credit Card,Yes,No
929,56,Female,High School,Employed,14699.11,Married,5,Suburban,9030.08,408,38,Credit Card,No,No
930,37,Male,High School,Employed,33594.68,Married,0,Rural,13549.47,415,13,Cash,No,No
931,31,Male,High School,Self-Employed,38932.03,Married,0,Rural,12296.65,472,13,Credit Card,No,No
932,60,Female,Diploma,Student,13624.39,Married,3,Suburban,3797.63,443,41,Cash,No,No
933,20,Male,Bachelor,Student,13921.92,Single,0,Urban,5575.0,354,0,Credit Card,Yes,No
934,18,Male,Diploma,Unemployed,5000.0,Married,0,Urban,1000.0,367,0,Cash,Yes,No
935,43,Male,Diploma,Unemployed,10262.14,Single,0,Urban,8291.94,394,16,Mobile Money,No,No
936,31,Female,Master,Employed,83317.17,Single,0,Suburban,27969.35,524,6,Credit Card,No,No
937,25,Male,High School,Employed,21137.49,Single,0,Suburban,6407.87,369,0,Debit Card,No,No
938,46,Male,Diploma,Employed,42582.86,Single,0,Suburban,19886.68,493,22,Credit Card,No,No
939,40,Male,PhD,Self-Employed,117210.03,Married,3,Urban,27535.02,590,21,Mobile Money,Yes,No
940,31,Female,Bachelor,Unemployed,8573.98,Married,0,Urban,2633.11,331,11,Credit Card,No,No
941,22,Male,Bachelor,Employed,43665.71,Single,0,Suburban,14471.42,470,0,Debit Card,Yes,No
942,48,Male,Diploma,Employed,29871.18,Single,0,Urban,16727.57,443,27,Mobile Money,Yes,No
943,45,Female,High School,Self-Employed,39159.77,Married,4,Urban,7820.93,447,26,Credit Card,No,No
944,36,Female,Bachelor,Employed,44803.17,Married,2,Urban,20082.96,461,13,Credit Card,Yes,No
945,60,Male,Bachelor,Employed,53917.12,Married,1,Suburban,11004.14,479,34,Debit Card,Yes,No
946,25,Male,High School,Employed,40970.17,Single,0,Suburban,13125.98,457,5,Credit Card,Yes,Yes
947,19,Male,Diploma,Student,7589.54,Single,0,Urban,1000.0,319,0,Debit Card,Yes,Yes
948,29,Female,Master,Employed,63777.5,Single,0,Urban,24546.31,467,5,Debit Card,Yes,No
949,37,Male,High School,Employed,31003.28,Married,1,Suburban,18639.77,426,15,Debit Card,Yes,No
950,40,Male,Diploma,Employed,39450.62,Married,1,Rural,14600.15,443,18,Credit Card,No,No
951,35,Male,Diploma,Employed,43621.26,Single,0,Rural,14982.55,449,10,Debit Card,Yes,No
952,42,Male,Master,Employed,82953.16,Married,2,Urban,34486.06,572,17,Mobile Money,Yes,No
953,22,Male,Master,Employed,73174.15,Single,0,Urban,28321.29,527,2,Credit Card,Yes,No
954,55,Male,Bachelor,Employed,71270.26,Single,0,Suburban,19313.42,598,36,Mobile Money,No,No
955,37,Female,Diploma,Employed,43642.42,Married,1,Urban,6349.89,449,12,Debit Card,No,No
956,51,Female,High School,Employed,23861.35,Married,4,Urban,7198.33,438,28,Credit Card,No,No
957,42,Male,Diploma,Employed,58306.42,Married,1,Suburban,30596.31,479,23,Mobile Money,No,No
958,43,Male,Bachelor,Unemployed,15501.46,Married,1,Urban,9946.09,391,24,Cash,No,No
959,44,Female,Bachelor,Employed,46560.86,Married,3,Urban,21709.9,458,26,Credit Card,No,No
960,43,Male,PhD,Employed,108589.83,Married,1,Suburban,44185.8,538,25,Debit Card,No,No
961,45,Female,Diploma,Unemployed,6135.06,Married,0,Suburban,1000.0,435,23,Cash,Yes,No
962,53,Female,Bachelor,Employed,48820.88,Married,3,Suburban,12833.46,450,27,Mobile Money,No,No
963,40,Male,Bachelor,Employed,50588.24,Married,2,Rural,22264.81,521,17,Credit Card,No,No
964,46,Male,High School,Employed,31317.01,Married,2,Urban,13283.39,449,23,Credit Card,No,No
965,36,Male,Diploma,Unemployed,19446.89,Married,2,Suburban,9699.68,381,11,Credit Card,Yes,No
966,55,Female,Bachelor,Unemployed,5000.0,Single,0,Urban,1000.0,364,35,Credit Card,Yes,No
967,29,Female,PhD,Employed,97412.0,Married,0,Urban,30315.26,567,9,Cash,Yes,No
968,59,Female,Diploma,Self-Employed,43563.72,Married,2,Suburban,9285.89,454,33,Cash,No,No
969,37,Female,PhD,Employed,86696.84,Married,2,Urban,37672.42,528,12,Credit Card,Yes,No
970,20,Male,Bachelor,Student,24721.53,Married,2,Suburban,11058.24,415,0,Debit Card,No,No
971,39,Female,High School,Employed,31706.47,Married,2,Urban,11423.56,434,19,Cash,Yes,No
972,29,Female,High School,Unemployed,12581.61,Single,0,Suburban,2928.85,366,2,Debit Card,No,Yes
973,48,Female,High School,Employed,29611.52,Married,1,Urban,10421.95,452,25,Cash,No,No
974,30,Male,Diploma,Employed,46109.14,Married,1,Urban,11206.36,482,12,Credit Card,Yes,No
975,32,Female,High School,Employed,42944.08,Single,0,Suburban,22395.35,435,9,Credit Card,Yes,No
976,18,Female,Diploma,Self-Employed,28199.48,Single,0,Urban,12325.6,395,0,Credit Card,No,No
977,32,Female,PhD,Self-Employed,116676.94,Single,0,Urban,44653.11,619,6,Debit Card,No,No
978,18,Female,Bachelor,Employed,67376.26,Single,0,Urban,19941.15,450,0,Credit Card,Yes,Yes
979,18,Female,Bachelor,Self-Employed,70008.51,Married,0,Urban,26443.45,457,0,Credit Card,Yes,Yes
980,47,Female,High School,Self-Employed,30581.1,Single,0,Urban,9765.49,465,21,Mobile Money,Yes,No
981,47,Female,Diploma,Self-Employed,38781.82,Married,3,Suburban,18121.5,475,26,Cash,Yes,No
982,43,Female,Diploma,Employed,58894.77,Married,3,Rural,18412.54,543,24,Credit Card,No,No
983,26,Male,Master,Employed,62760.13,Married,0,Suburban,15635.27,458,3,Credit Card,No,No
984,37,Male,High School,Employed,42141.13,Single,0,Urban,7778.24,444,17,Cash,Yes,No
985,37,Male,Diploma,Employed,43124.09,Married,1,Urban,14241.49,451,15,Credit Card,Yes,No
986,24,Female,Bachelor,Self-Employed,82366.65,Married,1,Urban,35174.19,476,0,Credit Card,Yes,No
987,56,Female,Bachelor,Self-Employed,63453.92,Single,0,Urban,20072.44,529,29,Mobile Money,Yes,No
988,48,Female,Master,Self-Employed,71139.35,Single,0,Urban,34706.11,565,29,Cash,Yes,Yes
989,35,Male,High School,Employed,30017.37,Married,0,Urban,11575.35,402,9,Debit Card,Yes,No
990,38,Male,Diploma,Self-Employed,36108.42,Married,3,Suburban,15385.25,459,16,Debit Card,Yes,No
991,40,Male,Bachelor,Employed,76416.48,Married,1,Urban,28475.29,528,20,Mobile Money,No,No
992,18,Male,Bachelor,Student,16035.99,Married,0,Rural,9580.61,348,0,Cash,No,No
993,35,Female,Diploma,Employed,46225.04,Married,3,Suburban,16877.51,449,16,Credit Card,No,No
994,29,Male,High School,Self-Employed,42230.16,Single,0,Rural,18538.46,428,9,Debit Card,No,Yes
995,25,Female,Bachelor,Self-Employed,60451.28,Married,1,Rural,22545.55,465,0,Cash,No,No
996,34,Female,PhD,Student,16943.76,Single,0,Suburban,3332.54,399,7,Credit Card,Yes,Yes
997,59,Male,Bachelor,Employed,55882.92,Married,4,Urban,14559.85,535,39,Debit Card,No,No
998,45,Female,Master,Employed,85551.11,Married,2,Urban,35524.44,603,20,Debit Card,No,No
999,31,Male,Bachelor,Employed,45743.27,Single,0,Urban,16129.29,402,11,Cash,Yes,No
1000,44,Male,High School,Employed,24171.33,Married,2,Urban,1737.72,408,19,Credit Card,No,No
1001,54,Female,High School,Self-Employed,33096.55,Single,0,Suburban,18188.48,497,32,Cash,No,No
1002,49,Female,Bachelor,Student,5610.83,Married,0,Suburban,9055.43,436,24,Cash,No,No
1003,38,Male,Diploma,Employed,28328.59,Married,0,Urban,11181.16,434,14,Debit Card,Yes,No
1004,30,Male,Bachelor,Employed,33362.36,Married,1,Suburban,9092.04,404,7,Cash,No,No
1005,46,Male,Bachelor,Unemployed,5000.0,Married,3,Urban,4119.13,340,27,Cash,No,No
1006,42,Male,PhD,Employed,98792.24,Married,3,Rural,35978.38,589,16,Debit Card,No,No
1007,48,Female,Bachelor,Employed,54934.25,Married,1,Urban,23713.0,538,24,Credit Card,Yes,Yes
1008,45,Female,Diploma,Unemployed,18684.31,Married,2,Urban,13346.82,468,19,Credit Card,Yes,No
1009,50,Male,Diploma,Student,5000.0,Married,4,Urban,1000.0,394,27,Cash,Yes,No
1010,31,Female,Diploma,Employed,39213.31,Married,1,Suburban,11229.3,447,5,Debit Card,No,No
1011,53,Male,Master,Employed,82905.26,Single,0,Urban,24343.57,572,34,Credit Card,Yes,No
1012,40,Male,High School,Employed,42421.78,Married,2,Rural,13074.41,421,19,Mobile Money,Yes,No
1013,62,Female,PhD,Employed,97535.78,Married,0,Urban,42261.23,625,41,Debit Card,Yes,No
1014,29,Female,PhD,Employed,91619.34,Married,0,Urban,24126.64,482,3,Mobile Money,Yes,No
1015,58,Female,Bachelor,Employed,59143.76,Married,4,Urban,28151.8,526,40,Debit Card,Yes,No
1016,40,Female,Diploma,Self-Employed,50965.11,Married,2,Suburban,13243.55,506,15,Mobile Money,Yes,No
1017,30,Female,High School,Self-Employed,34664.59,Single,0,Urban,13706.81,462,4,Mobile Money,Yes,No
1018,32,Male,Diploma,Unemployed,8765.04,Married,0,Urban,10125.64,377,6,Mobile Money,Yes,No
1019,34,Female,High School,Employed,38978.94,Married,3,Urban,17400.41,502,11,Debit Card,No,No
1020,43,Female,Diploma,Employed,29634.98,Married,3,Rural,11376.28,431,20,Cash,Yes,No
1021,44,Male,High School,Unemployed,20898.87,Married,2,Urban,8501.91,389,26,Mobile Money,Yes,No
1022,31,Female,Bachelor,Self-Employed,63796.46,Single,0,Urban,17894.64,515,8,Credit Card,No,No
1023,37,Female,Diploma,Unemployed,5000.0,Married,1,Suburban,2573.97,388,11,Credit Card,No,No
1024,63,Male,High School,Student,5000.0,Married,2,Suburban,1871.82,400,45,Credit Card,No,No
1025,58,Female,Bachelor,Unemployed,9504.74,Single,0,Rural,3350.02,432,39,Credit Card,Yes,No
1026,43,Male,PhD,Employed,85394.61,Single,0,Suburban,25765.54,546,21,Credit Card,Yes,No
1027,38,Female,Bachelor,Employed,50248.37,Married,0,Urban,19902.06,520,14,Debit Card,Yes,No
1028,39,Male,Diploma,Employed,34930.44,Married,4,Urban,14031.35,470,20,Debit Card,No,No
1029,45,Female,Bachelor,Self-Employed,63536.34,Married,2,Urban,29870.65,495,27,Cash,No,No
1030,25,Male,Bachelor,Employed,54481.81,Single,0,Rural,17142.25,459,0,Debit Card,No,No
1031,34,Male,Master,Self-Employed,90110.88,Married,1,Urban,38861.3,530,9,Credit Card,Yes,No
1032,18,Male,High School,Employed,28040.38,Married,0,Urban,2810.72,433,0,Credit Card,No,No
1033,42,Female,Master,Self-Employed,86608.17,Married,2,Urban,31483.62,540,21,Cash,Yes,No
1034,45,Female,Diploma,Employed,40060.25,Single,0,Rural,16513.86,446,21,Debit Card,Yes,No
1035,32,Female,Master,Employed,74324.65,Married,1,Urban,28510.31,480,12,Mobile Money,No,No
1036,56,Female,Diploma,Unemployed,12373.4,Single,0,Urban,7398.07,454,29,Credit Card,Yes,No
1037,23,Male,Master,Employed,64825.43,Single,0,Urban,22778.01,482,1,Mobile Money,No,No
1038,20,Male,PhD,Employed,82654.4,Single,0,Urban,38320.01,482,0,Debit Card,Yes,Yes
1039,40,Female,High School,Employed,31681.84,Married,1,Suburban,15455.79,420,19,Debit Card,Yes,No
1040,50,Male,PhD,Unemployed,37187.03,Married,0,Suburban,19666.72,534,24,Credit Card,No,No
1041,58,Female,High School,Unemployed,7167.0,Married,5,Urban,4052.52,468,31,Credit Card,Yes,No
1042,32,Female,High School,Student,5000.0,Married,0,Rural,2864.73,374,8,Cash,Yes,No
1043,50,Male,Diploma,Unemployed,9950.63,Married,1,Suburban,3314.49,446,30,Debit Card,No,No
1044,37,Male,PhD,Self-Employed,103508.84,Married,1,Suburban,45472.58,569,12,Mobile Money,No,No
1045,35,Female,Diploma,Employed,34664.16,Married,0,Suburban,10028.46,440,8,Credit Card,Yes,Yes
1046,48,Male,Bachelor,Employed,43451.24,Married,4,Suburban,11640.64,515,29,Credit Card,Yes,No
1047,45,Male,Bachelor,Employed,53044.73,Married,4,Suburban,27877.6,498,22,Credit Card,Yes,No
1048,19,Male,PhD,Employed,91886.22,Single,0,Urban,43154.31,487,0,Credit Card,Yes,Yes
1049,55,Female,Bachelor,Self-Employed,57344.77,Married,0,Urban,20730.46,504,33,Mobile Money,No,No
1050,54,Female,High School,Employed,22973.28,Single,0,Urban,3968.38,462,27,Credit Card,Yes,No
1051,30,Male,Diploma,Employed,32415.5,Married,0,Suburban,7224.02,443,9,Cash,Yes,No
1052,42,Male,High School,Employed,18906.58,Married,1,Rural,4085.84,464,15,Credit Card,No,No
1053,43,Male,Bachelor,Employed,47355.26,Single,0,Urban,21473.63,453,24,Debit Card,No,No
1054,41,Female,High School,Self-Employed,34417.15,Married,2,Suburban,12468.78,464,22,Mobile Money,Yes,No
1055,31,Male,Diploma,Employed,29263.54,Married,0,Urban,7484.17,392,5,Credit Card,Yes,Yes
1056,29,Male,Master,Self-Employed,82899.66,Married,0,Rural,29593.7,491,8,Credit Card,No,No
1057,37,Female,Diploma,Employed,34372.27,Married,2,Suburban,19486.11,449,16,Credit Card,No,No
1058,52,Female,Bachelor,Student,5000.0,Married,0,Urban,4122.69,379,34,Credit Card,No,No
1059,44,Female,Diploma,Employed,43017.67,Married,0,Urban,14952.69,469,17,Cash,No,No
1060,33,Female,High School,Employed,24879.0,Married,0,Urban,7642.74,407,10,Debit Card,Yes,No
1061,47,Male,Diploma,Self-Employed,44239.89,Married,1,Suburban,14065.73,459,21,Credit Card,Yes,No
1062,18,Male,Diploma,Employed,50384.05,Single,0,Suburban,19546.2,459,0,Credit Card,Yes,No
1063,51,Male,Master,Employed,62639.55,Married,1,Rural,17900.07,516,24,Cash,No,No
1064,18,Male,Diploma,Employed,52527.0,Single,0,Suburban,16578.09,431,0,Credit Card,Yes,Yes
1065,33,Female,Diploma,Employed,37217.67,Married,1,Urban,15248.13,414,15,Credit Card,Yes,No
1066,24,Female,Bachelor,Unemployed,7410.92,Married,3,Suburban,6480.09,428,0,Debit Card,No,No
1067,22,Female,Bachelor,Employed,50568.41,Married,0,Rural,21816.98,425,4,Credit Card,No,No
1068,51,Male,Bachelor,Self-Employed,66550.2,Single,0,Rural,14770.1,516,32,Mobile Money,Yes,No
1069,32,Female,PhD,Employed,100036.03,Married,0,Suburban,30893.99,574,13,Credit Card,No,No
1070,42,Female,Bachelor,Employed,61390.6,Married,1,Urban,20373.49,512,22,Credit Card,No,No
1071,37,Male,Diploma,Employed,40511.25,Single,0,Suburban,10524.16,426,17,Mobile Money,No,No
1072,43,Female,Master,Unemployed,31079.65,Married,0,Suburban,9492.66,364,22,Cash,No,No
1073,38,Male,Bachelor,Employed,39951.7,Married,1,Suburban,8343.13,474,15,Credit Card,Yes,No
1074,22,Male,Diploma,Student,9995.53,Single,0,Urban,1000.0,337,1,Credit Card,Yes,No
1075,49,Female,Diploma,Employed,42479.52,Single,0,Urban,9991.03,498,25,Credit Card,No,No
1076,32,Female,High School,Self-Employed,38577.14,Single,0,Suburban,11003.62,441,11,Debit Card,Yes,No
1077,19,Male,High School,Student,5000.0,Single,0,Suburban,1000.0,357,0,Mobile Money,Yes,Yes
1078,32,Male,High School,Employed,21864.7,Married,1,Urban,9118.59,400,6,Cash,Yes,No
1079,56,Female,High School,Self-Employed,34668.2,Married,4,Urban,14606.85,502,37,Credit Card,Yes,No
1080,48,Female,Master,Employed,78918.33,Married,2,Suburban,22368.22,512,30,Credit Card,Yes,Yes
1081,33,Female,Master,Employed,85322.12,Married,0,Suburban,27742.47,518,9,Debit Card,No,No
1082,33,Male,Bachelor,Employed,49684.52,Single,0,Urban,7786.85,422,9,Debit Card,Yes,No
1083,34,Male,Master,Unemployed,10521.23,Married,3,Urban,8788.9,363,15,Credit Card,Yes,Yes
1084,62,Male,High School,Employed,36526.09,Married,5,Urban,11996.33,465,37,Credit Card,No,No
1085,42,Male,Master,Employed,90914.96,Single,0,Rural,34012.51,575,20,Cash,No,No
1086,43,Male,Bachelor,Student,19855.53,Married,3,Urban,5912.37,362,25,Cash,Yes,No
1087,50,Male,High School,Employed,24010.94,Married,1,Urban,5652.62,456,30,Debit Card,Yes,No
1088,40,Female,High School,Employed,52889.11,Married,3,Rural,22167.73,530,13,Debit Card,Yes,No
1089,34,Male,Diploma,Student,13494.4,Married,0,Suburban,1000.0,417,11,Credit Card,Yes,No
1090,35,Female,High School,Employed,23671.89,Married,1,Suburban,1000.0,380,15,Debit Card,Yes,No
1091,37,Male,Diploma,Employed,55474.42,Single,0,Suburban,27397.68,498,16,Credit Card,No,No
1092,37,Male,High School,Unemployed,5000.0,Single,0,Urban,1000.0,414,18,Mobile Money,Yes,No
1093,46,Male,High School,Employed,25031.29,Married,0,Urban,3499.77,435,21,Cash,Yes,No
1094,38,Male,Diploma,Employed,45812.97,Single,0,Urban,17871.85,509,13,Debit Card,Yes,No
1095,46,Male,PhD,Employed,89800.76,Married,1,Urban,23628.85,577,25,Credit Card,No,No
1096,37,Female,High School,Self-Employed,36296.06,Single,0,Urban,11296.86,467,12,Debit Card,Yes,No
1097,38,Female,High School,Employed,30309.53,Married,1,Rural,10796.49,418,14,Cash,Yes,No
1098,18,Female,Bachelor,Employed,63915.84,Single,0,Urban,20051.0,473,0,Debit Card,Yes,Yes
1099,48,Male,Master,Employed,51404.87,Married,2,Urban,15418.54,489,28,Mobile Money,No,No
1100,42,Female,Diploma,Employed,42276.11,Single,0,Urban,12908.24,470,17,Debit Card,No,No
1101,49,Female,Master,Self-Employed,81678.37,Married,1,Urban,34980.67,576,30,Mobile Money,No,No
1102,18,Male,Diploma,Employed,33980.03,Single,0,Urban,14595.47,378,0,Cash,Yes,Yes
1103,63,Female,High School,Self-Employed,29958.91,Married,3,Urban,8748.29,484,41,Debit Card,No,No
1104,36,Female,Diploma,Employed,18903.12,Married,0,Suburban,7158.01,471,14,Cash,No,No
1105,51,Female,Bachelor,Employed,48612.66,Married,4,Suburban,14289.19,530,31,Credit Card,No,No
1106,25,Female,Diploma,Employed,50323.7,Married,0,Urban,17164.55,466,0,Credit Card,No,No
1107,45,Female,Bachelor,Employed,61656.44,Married,2,Suburban,18004.1,518,18,Credit Card,No,No
1108,25,Female,High School,Employed,28468.95,Married,2,Urban,17051.89,435,5,Cash,Yes,No
1109,30,Male,Bachelor,Self-Employed,54709.95,Married,0,Suburban,20341.13,453,10,Mobile Money,No,No
1110,60,Female,Diploma,Self-Employed,54574.96,Married,2,Urban,23255.38,549,42,Debit Card,Yes,No
1111,35,Female,Diploma,Employed,50478.79,Single,0,Suburban,20678.83,439,15,Credit Card,Yes,No
1112,40,Female,Bachelor,Self-Employed,74273.56,Married,2,Urban,26689.53,509,15,Credit Card,Yes,No
1113,48,Female,Bachelor,Student,5000.0,Married,4,Urban,1491.42,395,23,Debit Card,Yes,No
1114,43,Male,High School,Employed,23080.97,Married,2,Urban,12899.08,476,17,Credit Card,No,Yes
1115,39,Male,Master,Employed,83247.29,Single,0,Urban,31864.1,587,15,Debit Card,Yes,No
1116,42,Male,Bachelor,Self-Employed,56325.83,Married,5,Suburban,18014.06,506,21,Credit Card,Yes,No
1117,66,Male,High School,Employed,33825.71,Married,1,Rural,3164.33,485,45,Credit Card,Yes,No
1118,37,Male,PhD,Self-Employed,93778.11,Single,0,Rural,15202.33,548,14,Mobile Money,Yes,No
1119,40,Female,Bachelor,Student,8597.48,Married,1,Suburban,3426.48,431,18,Credit Card,No,No
1120,50,Male,Diploma,Employed,44681.2,Married,3,Rural,10351.07,488,28,Debit Card,No,No
1121,51,Female,High School,Unemployed,8760.27,Married,1,Rural,2655.53,437,24,Cash,No,No
1122,52,Female,Bachelor,Employed,59191.31,Married,3,Suburban,27567.92,536,31,Credit Card,Yes,No
1123,45,Male,High School,Employed,20190.36,Married,3,Urban,8200.24,492,24,Credit Card,No,No
1124,24,Male,Diploma,Employed,33439.98,Single,0,Rural,5958.8,396,0,Cash,No,No
1125,57,Female,Diploma,Employed,43854.55,Married,1,Urban,9707.49,509,32,Debit Card,Yes,No
1126,24,Female,Bachelor,Employed,60575.11,Single,0,Urban,18311.58,439,0,Credit Card,Yes,Yes
1127,41,Female,High School,Employed,31758.5,Married,0,Suburban,1000.0,438,17,Debit Card,No,No
1128,28,Female,Master,Self-Employed,91576.46,Single,0,Rural,24246.68,547,7,Credit Card,No,No
1129,37,Female,Diploma,Employed,26742.34,Married,2,Suburban,5141.23,447,10,Credit Card,No,No
1130,41,Female,Diploma,Employed,36270.42,Married,2,Urban,9698.92,421,23,Cash,No,No
1131,41,Female,Bachelor,Employed,69581.47,Married,1,Urban,22240.22,538,21,Credit Card,No,No
1132,43,Female,Bachelor,Employed,65267.75,Single,0,Urban,26880.18,487,21,Mobile Money,No,No
1133,57,Female,Diploma,Employed,45069.11,Married,4,Urban,20955.53,492,32,Debit Card,Yes,No
1134,43,Male,Diploma,Self-Employed,46757.06,Married,1,Urban,12469.02,491,24,Debit Card,Yes,No
1135,35,Female,Diploma,Employed,48278.53,Single,0,Suburban,14778.45,418,13,Cash,Yes,No
1136,49,Male,Bachelor,Self-Employed,69433.13,Married,3,Suburban,30687.32,525,23,Credit Card,Yes,No
1137,52,Female,Diploma,Employed,27860.48,Married,1,Urban,12206.56,470,29,Cash,No,Yes
1138,23,Male,Bachelor,Self-Employed,73966.1,Single,0,Urban,23510.71,489,2,Cash,Yes,No
1139,45,Male,Bachelor,Employed,48071.65,Married,1,Suburban,11886.28,481,24,Credit Card,No,No
1140,46,Male,High School,Employed,36077.51,Married,2,Suburban,14267.78,493,23,Debit Card,Yes,No
1141,34,Male,Diploma,Self-Employed,35072.22,Single,0,Suburban,17168.84,407,9,Credit Card,Yes,No
1142,54,Male,High School,Employed,42792.15,Married,3,Rural,22642.81,460,35,Debit Card,No,No
1143,36,Female,Diploma,Unemployed,9800.83,Married,0,Urban,4862.08,360,12,Credit Card,Yes,No
1144,39,Male,Bachelor,Self-Employed,57125.31,Married,1,Urban,16374.86,519,20,Debit Card,Yes,No
1145,35,Male,Bachelor,Employed,49491.96,Single,0,Suburban,20865.17,455,14,Debit Card,No,No
1146,38,Male,Bachelor,Unemployed,13805.21,Married,4,Rural,2723.31,435,20,Cash,No,No
1147,24,Female,High School,Unemployed,8953.84,Single,0,Urban,6299.9,387,0,Mobile Money,No,No
1148,20,Male,Master,Employed,80545.17,Single,0,Suburban,35834.74,522,0,Credit Card,No,Yes
1149,57,Male,Diploma,Employed,40561.14,Single,0,Urban,14606.37,475,37,Debit Card,Yes,No
1150,27,Male,Diploma,Employed,22632.67,Single,0,Urban,11299.83,381,1,Credit Card,No,Yes
1151,26,Female,Bachelor,Employed,45162.09,Single,0,Rural,17597.06,520,0,Debit Card,No,No
1152,18,Male,Master,Employed,92060.28,Single,0,Urban,32087.56,558,0,Credit Card,Yes,No
1153,30,Male,Diploma,Self-Employed,49083.11,Single,0,Suburban,4038.34,508,3,Debit Card,No,No
1154,22,Male,Bachelor,Self-Employed,73606.32,Single,0,Suburban,32634.91,437,0,Cash,Yes,No
1155,57,Female,Master,Self-Employed,81533.23,Married,4,Suburban,28786.94,574,36,Debit Card,No,No
1156,50,Male,Bachelor,Self-Employed,57963.11,Married,2,Urban,22100.49,544,29,Debit Card,No,No
1157,29,Female,High School,Employed,26149.74,Single,0,Rural,12201.63,441,10,Cash,Yes,No
1158,65,Male,Master,Employed,71026.61,Married,2,Suburban,29528.6,603,40,Debit Card,Yes,No
1159,49,Female,Bachelor,Self-Employed,62318.11,Married,3,Urban,20907.46,543,25,Cash,Yes,No
1160,34,Male,Bachelor,Employed,70347.74,Married,1,Urban,20902.79,521,10,Credit Card,Yes,No
1161,18,Male,Bachelor,Self-Employed,61069.98,Single,0,Urban,24741.61,474,0,Credit Card,Yes,No
1162,65,Male,PhD,Employed,81561.32,Married,1,Urban,37328.6,617,40,Mobile Money,Yes,No
1163,21,Male,Diploma,Employed,46470.42,Single,0,Urban,13178.18,426,0,Credit Card,Yes,Yes
1164,18,Male,High School,Employed,37456.02,Single,0,Urban,15296.83,449,0,Credit Card,Yes,No
1165,50,Female,Diploma,Employed,40239.82,Single,0,Suburban,15172.26,509,25,Credit Card,Yes,Yes
1166,67,Female,High School,Employed,25182.85,Married,3,Rural,4313.94,484,43,Cash,Yes,No
1167,54,Male,Diploma,Employed,24794.73,Married,5,Urban,9665.01,461,29,Credit Card,Yes,No
1168,44,Female,Bachelor,Employed,64765.77,Married,1,Suburban,24227.27,511,18,Debit Card,Yes,No
1169,45,Female,Diploma,Employed,46948.49,Married,0,Urban,9322.31,457,23,Credit Card,Yes,No
1170,48,Female,Bachelor,Employed,51480.89,Married,4,Urban,22477.94,512,24,Mobile Money,Yes,No
1171,47,Male,Master,Employed,70476.58,Married,3,Urban,23028.12,582,27,Credit Card,No,No
1172,41,Female,Diploma,Unemployed,10186.58,Single,0,Rural,1000.0,384,15,Credit Card,No,No
1173,39,Male,Master,Employed,83029.84,Single,0,Rural,22939.58,572,12,Credit Card,Yes,No
1174,37,Female,High School,Employed,21696.65,Married,0,Suburban,4063.95,450,15,Credit Card,No,No
1175,28,Male,Master,Self-Employed,79039.51,Married,1,Urban,36389.12,527,2,Debit Card,No,No
1176,34,Male,Master,Unemployed,15266.19,Married,2,Urban,12901.62,382,15,Credit Card,Yes,No
1177,18,Male,Diploma,Employed,42481.29,Single,0,Urban,22334.35,430,0,Credit Card,Yes,No
1178,36,Male,Diploma,Employed,40449.04,Married,2,Rural,12739.9,419,15,Cash,Yes,No
1179,26,Female,Diploma,Employed,41600.55,Married,1,Suburban,9480.03,407,5,Debit Card,Yes,No
1180,24,Male,Master,Employed,62955.14,Single,0,Suburban,14101.65,495,1,Credit Card,Yes,No
1181,40,Female,Master,Self-Employed,95879.17,Married,2,Suburban,47226.77,584,17,Mobile Money,Yes,No
1182,54,Male,Diploma,Student,5000.0,Married,4,Suburban,4957.28,381,33,Credit Card,No,No
1183,49,Male,Bachelor,Self-Employed,75500.72,Married,2,Suburban,29915.14,501,25,Credit Card,Yes,No
1184,19,Female,High School,Student,31112.91,Married,0,Suburban,14383.27,445,0,Mobile Money,No,No
1185,26,Female,Diploma,Employed,33013.31,Married,0,Rural,6432.97,424,4,Mobile Money,No,No
1186,49,Male,PhD,Unemployed,29739.08,Married,3,Urban,15254.95,445,30,Credit Card,Yes,No
1187,26,Male,High School,Employed,28947.17,Single,0,Rural,7992.12,395,0,Cash,No,No
1188,35,Female,Master,Employed,86247.05,Single,0,Suburban,20812.82,559,14,Mobile Money,No,No
1189,44,Male,Master,Self-Employed,81754.77,Single,0,Suburban,32627.53,556,19,Mobile Money,Yes,No
1190,26,Female,PhD,Employed,91989.53,Married,0,Rural,21987.15,539,5,Debit Card,Yes,No
1191,39,Female,High School,Employed,31814.95,Single,0,Rural,9649.53,380,15,Debit Card,No,No
1192,21,Male,High School,Self-Employed,35196.81,Single,0,Urban,7768.31,460,0,Debit Card,Yes,No
1193,30,Male,High School,Employed,36043.79,Married,1,Rural,11303.83,473,12,Debit Card,No,No
1194,41,Male,Bachelor,Employed,55747.17,Married,2,Urban,22579.71,500,18,Credit Card,Yes,No
1195,18,Male,Bachelor,Employed,58854.81,Single,0,Urban,12261.88,487,0,Debit Card,No,Yes
1196,43,Female,High School,Self-Employed,37708.82,Married,1,Urban,13621.33,521,23,Mobile Money,No,No
1197,37,Female,Bachelor,Employed,50163.7,Married,1,Urban,14979.02,463,19,Credit Card,No,Yes
1198,44,Female,Diploma,Employed,37848.3,Married,3,Rural,15974.41,461,20,Credit Card,Yes,No
1199,40,Female,High School,Employed,34443.38,Married,0,Urban,9456.92,450,21,Debit Card,No,No
1200,54,Male,Diploma,Self-Employed,52410.88,Single,0,Suburban,11052.68,477,29,Mobile Money,No,No
1201,39,Female,High School,Self-Employed,45960.07,Married,0,Urban,15258.55,437,14,Debit Card,Yes,No
1202,32,Male,Diploma,Employed,54873.95,Married,0,Suburban,16978.96,488,6,Debit Card,No,No
1203,39,Female,Diploma,Employed,35831.45,Married,2,Urban,15305.92,457,21,Credit Card,No,No
1204,44,Male,Master,Employed,71078.99,Married,2,Suburban,30731.2,590,17,Credit Card,No,No
1205,38,Female,Bachelor,Employed,53452.75,Single,0,Suburban,23072.3,492,13,Credit Card,No,No
1206,38,Female,Diploma,Employed,31141.54,Married,4,Urban,12388.0,499,12,Mobile Money,Yes,No
1207,29,Male,Bachelor,Employed,59516.44,Single,0,Rural,27024.26,423,5,Mobile Money,No,No
1208,30,Male,Bachelor,Self-Employed,72222.7,Married,0,Urban,18672.3,483,5,Debit Card,Yes,No
1209,21,Female,Diploma,Unemployed,5000.0,Married,1,Suburban,2921.49,356,0,Debit Card,No,Yes
1210,58,Male,Bachelor,Employed,52004.01,Married,2,Suburban,9339.81,554,31,Debit Card,No,No
1211,23,Female,Bachelor,Employed,51223.28,Married,0,Urban,11306.45,439,4,Cash,No,No
1212,29,Female,Bachelor,Employed,42932.6,Married,0,Rural,18163.15,468,3,Debit Card,Yes,No
1213,29,Male,Bachelor,Employed,54708.98,Single,0,Suburban,15750.52,507,3,Credit Card,Yes,No
1214,48,Male,Bachelor,Employed,45838.07,Married,2,Rural,18325.75,529,27,Credit Card,Yes,No
1215,34,Female,Diploma,Employed,41271.95,Single,0,Suburban,26936.27,512,11,Mobile Money,Yes,No
1216,52,Male,Master,Employed,72152.97,Married,4,Suburban,18198.23,503,28,Credit Card,No,No
1217,29,Male,High School,Employed,33144.18,Single,0,Urban,11504.81,412,7,Mobile Money,Yes,Yes
1218,41,Female,Master,Self-Employed,87530.58,Married,2,Rural,35006.52,621,14,Credit Card,No,No
1219,27,Female,Diploma,Employed,52247.53,Married,1,Urban,20805.07,435,4,Cash,Yes,No
1220,63,Male,High School,Employed,23530.83,Single,0,Rural,1000.0,455,42,Credit Card,No,No
1221,23,Male,Bachelor,Employed,48932.15,Married,0,Suburban,17024.74,443,4,Credit Card,No,No
1222,41,Female,Diploma,Unemployed,17241.31,Married,1,Suburban,2980.44,465,22,Credit Card,No,No
1223,45,Female,Master,Employed,68944.15,Married,2,Urban,31649.96,499,26,Credit Card,Yes,Yes
1224,42,Female,Diploma,Employed,49002.61,Married,1,Urban,19414.43,443,22,Credit Card,Yes,No
1225,35,Male,Bachelor,Self-Employed,70493.51,Married,2,Urban,26737.23,491,13,Debit Card,Yes,No
1226,36,Female,Diploma,Unemployed,27344.89,Single,0,Rural,7872.66,466,11,Debit Card,Yes,No
1227,38,Female,High School,Self-Employed,35269.37,Single,0,Urban,19236.91,457,14,Credit Card,Yes,No
1228,36,Female,Diploma,Employed,28143.68,Single,0,Urban,11683.66,354,9,Credit Card,Yes,No
1229,49,Female,Bachelor,Unemployed,19225.29,Married,1,Urban,1966.36,439,26,Debit Card,No,No
1230,64,Male,Bachelor,Self-Employed,65426.61,Married,3,Rural,15438.91,552,43,Debit Card,No,No
1231,31,Female,Bachelor,Self-Employed,70275.9,Married,0,Suburban,20113.7,523,12,Debit Card,No,No
1232,21,Male,PhD,Employed,95300.86,Single,0,Urban,50012.97,534,0,Debit Card,Yes,No
1233,36,Male,Bachelor,Employed,50723.61,Single,0,Suburban,21830.51,480,9,Credit Card,No,No
1234,68,Female,Master,Self-Employed,75927.95,Married,3,Urban,36871.89,586,42,Debit Card,No,No
1235,28,Female,High School,Student,5000.0,Single,0,Urban,3699.32,337,7,Debit Card,Yes,No
1236,57,Female,High School,Self-Employed,16950.47,Single,0,Suburban,2472.83,456,38,Mobile Money,No,No
1237,58,Female,Diploma,Unemployed,12645.34,Married,3,Urban,1664.76,422,40,Cash,Yes,No
1238,31,Male,High School,Employed,26740.5,Single,0,Urban,8016.94,418,8,Credit Card,No,No
1239,44,Female,Bachelor,Employed,61893.4,Married,2,Urban,28788.09,568,20,Cash,No,No
1240,57,Male,Bachelor,Self-Employed,50113.21,Married,3,Urban,20366.71,494,33,Credit Card,No,No
1241,33,Female,Bachelor,Self-Employed,66050.76,Married,0,Rural,16271.22,494,11,Debit Card,No,No
1242,35,Male,Bachelor,Self-Employed,78609.79,Single,0,Suburban,21431.12,523,11,Credit Card,No,No
1243,31,Female,PhD,Student,23403.21,Single,0,Urban,13189.34,385,9,Debit Card,Yes,No
1244,25,Male,Master,Employed,77845.38,Married,0,Suburban,23273.79,533,1,Cash,Yes,No
1245,30,Female,High School,Employed,32717.87,Married,0,Urban,6869.87,435,8,Credit Card,No,No
1246,23,Female,Diploma,Student,5000.0,Single,0,Suburban,1000.0,387,0,Credit Card,Yes,No
1247,38,Male,Diploma,Employed,41332.23,Married,0,Suburban,16163.25,392,20,Debit Card,No,No
1248,28,Female,High School,Self-Employed,39267.91,Single,0,Urban,13422.83,464,9,Credit Card,Yes,No
1249,40,Female,Bachelor,Unemployed,7874.2,Married,0,Urban,1837.56,399,16,Debit Card,Yes,No
1250,19,Female,Bachelor,Employed,53987.57,Single,0,Rural,18600.72,458,1,Cash,No,Yes
1251,41,Female,High School,Unemployed,5000.0,Single,0,Urban,1000.0,387,17,Cash,No,No
1252,48,Male,Bachelor,Employed,52327.21,Married,0,Urban,16776.77,478,22,Debit Card,Yes,No
1253,18,Male,Bachelor,Self-Employed,62508.99,Single,0,Rural,18324.51,471,0,Mobile Money,No,No
1254,42,Male,High School,Employed,41217.91,Married,1,Rural,22225.17,448,16,Debit Card,Yes,No
1255,52,Male,Diploma,Self-Employed,43174.22,Married,4,Urban,13286.86,490,30,Debit Card,Yes,No
1256,23,Male,Master,Self-Employed,81869.14,Single,0,Suburban,27393.62,515,0,Credit Card,Yes,No
1257,58,Female,Bachelor,Employed,54366.17,Married,3,Urban,15584.47,523,33,Credit Card,Yes,No
1258,43,Male,Diploma,Self-Employed,43277.44,Single,0,Rural,12364.2,457,25,Mobile Money,Yes,No
1259,29,Male,Diploma,Student,13758.33,Single,0,Urban,3862.92,413,7,Mobile Money,No,No
1260,37,Male,High School,Self-Employed,20060.86,Married,1,Suburban,8048.21,385,15,Cash,Yes,No
1261,44,Female,High School,Student,15092.61,Married,0,Urban,7056.61,383,17,Credit Card,Yes,No
1262,38,Female,Master,Employed,69904.98,Married,0,Suburban,24420.13,466,13,Cash,No,No
1263,44,Male,High School,Employed,40413.18,Married,2,Suburban,8385.26,402,23,Credit Card,Yes,No
1264,26,Female,Diploma,Employed,18022.14,Single,0,Urban,7299.91,382,0,Credit Card,Yes,Yes
1265,40,Male,High School,Student,5000.0,Married,0,Rural,4210.22,378,18,Credit Card,No,No
1266,21,Female,Bachelor,Employed,52664.17,Married,1,Urban,16881.71,372,0,Credit Card,No,No
1267,36,Female,High School,Employed,34047.32,Single,0,Rural,7304.7,441,11,Cash,No,No
1268,27,Male,Diploma,Employed,35560.54,Married,1,Suburban,15856.41,447,0,Credit Card,Yes,No
1269,29,Female,Bachelor,Employed,59670.77,Married,0,Rural,31145.72,459,6,Mobile Money,No,Yes
1270,52,Female,Diploma,Student,15850.48,Married,5,Suburban,1000.0,432,32,Credit Card,Yes,No
1271,51,Male,Diploma,Employed,45328.0,Married,3,Urban,27532.01,505,24,Debit Card,No,No
1272,45,Female,Diploma,Student,8826.15,Married,1,Urban,2555.98,389,27,Credit Card,Yes,No
1273,24,Male,Bachelor,Employed,55764.82,Single,0,Suburban,15591.91,456,0,Credit Card,No,No
1274,34,Male,PhD,Unemployed,22081.64,Married,1,Urban,3580.91,425,12,Mobile Money,No,Yes
1275,52,Male,Diploma,Employed,39557.01,Married,3,Urban,14337.28,480,31,Mobile Money,Yes,No
1276,39,Male,High School,Employed,21806.15,Married,1,Urban,8309.36,428,20,Cash,Yes,No
1277,65,Male,High School,Employed,23722.16,Married,5,Suburban,6025.51,481,44,Credit Card,No,No
1278,42,Female,Bachelor,Employed,59114.91,Married,3,Suburban,21635.93,517,20,Credit Card,No,No
1279,40,Male,Bachelor,Employed,51296.95,Married,1,Urban,17790.59,436,22,Credit Card,Yes,No
1280,34,Male,Bachelor,Employed,49099.5,Single,0,Urban,16625.26,471,10,Credit Card,Yes,No
1281,39,Female,Bachelor,Employed,58593.85,Married,1,Suburban,16068.42,509,18,Credit Card,No,No
1282,36,Female,Master,Employed,73039.2,Single,0,Urban,24499.96,527,10,Credit Card,Yes,No
1283,46,Female,Master,Self-Employed,82277.6,Married,2,Suburban,28970.42,598,22,Cash,No,No
1284,49,Female,Bachelor,Employed,53808.52,Married,4,Urban,10028.36,476,27,Credit Card,No,No
1285,28,Female,Diploma,Self-Employed,51327.58,Married,1,Urban,13338.32,452,5,Debit Card,Yes,No
1286,22,Female,Diploma,Student,15751.66,Single,0,Urban,11366.37,428,3,Debit Card,Yes,No
1287,18,Female,Bachelor,Employed,56608.69,Single,0,Urban,13895.09,475,0,Debit Card,Yes,No
1288,44,Female,Bachelor,Employed,45463.73,Married,4,Urban,13675.06,454,26,Credit Card,Yes,No
1289,24,Male,Bachelor,Employed,53228.58,Married,1,Rural,14125.09,444,0,Credit Card,Yes,Yes
1290,18,Male,High School,Employed,26742.8,Single,0,Suburban,4350.31,367,0,Credit Card,No,No
1291,42,Female,Bachelor,Self-Employed,57576.11,Married,2,Urban,22054.67,467,24,Credit Card,No,No
1292,67,Male,Diploma,Employed,43983.46,Married,2,Urban,19006.69,487,47,Mobile Money,No,No
1293,37,Male,Bachelor,Employed,59598.82,Married,0,Urban,26484.52,488,15,Credit Card,Yes,No
1294,48,Female,High School,Employed,35809.67,Married,2,Suburban,13662.39,441,26,Cash,Yes,No
1295,38,Female,Diploma,Unemployed,5000.0,Single,0,Rural,2659.79,417,15,Debit Card,No,No
1296,36,Male,High School,Self-Employed,37259.61,Married,1,Urban,5205.3,445,17,Mobile Money,No,No
1297,49,Female,Master,Student,13949.8,Married,5,Urban,2787.96,419,24,Cash,No,No
1298,34,Female,Diploma,Student,10459.22,Married,3,Urban,11725.22,404,15,Cash,Yes,No
1299,41,Female,High School,Employed,31037.81,Married,3,Urban,6844.69,443,19,Credit Card,No,No
1300,41,Female,High School,Employed,29899.63,Married,2,Urban,9215.42,458,16,Cash,No,No
1301,29,Female,Bachelor,Employed,53938.21,Single,0,Suburban,23316.59,461,3,Cash,Yes,No
1302,49,Female,High School,Employed,38854.72,Married,3,Rural,16397.9,451,31,Credit Card,Yes,No
1303,35,Male,PhD,Employed,83105.49,Married,2,Suburban,37690.05,511,10,Mobile Money,Yes,No
1304,28,Female,Bachelor,Employed,53614.63,Married,2,Rural,26741.02,393,2,Cash,Yes,No
1305,44,Female,Diploma,Employed,48650.97,Married,3,Urban,11799.1,500,17,Debit Card,No,No
1306,27,Female,Bachelor,Employed,48511.55,Married,0,Suburban,9800.02,403,5,Credit Card,No,No
1307,38,Female,Diploma,Unemployed,5919.3,Married,1,Rural,1047.35,369,15,Debit Card,No,No
1308,37,Male,Master,Student,19871.53,Single,0,Urban,7205.5,425,19,Mobile Money,No,No
1309,51,Female,Diploma,Employed,28608.69,Married,0,Rural,5582.25,412,24,Credit Card,Yes,No
1310,43,Male,PhD,Employed,95285.05,Married,0,Urban,29469.26,584,18,Debit Card,No,No
1311,37,Male,Bachelor,Employed,51082.92,Married,0,Rural,10007.5,451,11,Debit Card,No,No
1312,47,Male,Master,Unemployed,24280.0,Married,4,Urban,1688.36,458,23,Cash,No,No
1313,54,Male,High School,Student,5000.0,Married,5,Urban,1014.2,423,36,Credit Card,No,No
1314,44,Female,Diploma,Employed,49480.61,Married,1,Urban,8168.89,460,24,Credit Card,Yes,No
1315,38,Male,Bachelor,Employed,45262.09,Married,2,Urban,21441.3,506,18,Credit Card,Yes,No
1316,22,Male,Bachelor,Employed,60799.6,Single,0,Rural,26118.85,517,4,Credit Card,Yes,No
1317,25,Female,High School,Employed,20596.3,Married,2,Urban,11795.6,368,0,Credit Card,Yes,No
1318,34,Male,Diploma,Self-Employed,62466.41,Single,0,Suburban,26567.32,494,15,Debit Card,No,No
1319,30,Male,Diploma,Employed,39428.95,Single,0,Rural,3015.96,449,3,Credit Card,Yes,No
1320,35,Male,Bachelor,Student,26606.86,Single,0,Rural,7819.81,467,11,Credit Card,Yes,No
1321,38,Male,Diploma,Employed,33448.9,Married,3,Rural,16288.63,392,13,Mobile Money,No,No
1322,44,Male,Diploma,Self-Employed,44458.79,Married,2,Rural,13270.76,498,17,Mobile Money,No,No
1323,37,Male,High School,Employed,39685.75,Married,1,Urban,16013.62,429,14,Mobile Money,No,No
1324,43,Female,Diploma,Employed,28590.43,Married,2,Rural,8579.29,431,25,Credit Card,No,No
1325,38,Male,High School,Self-Employed,30405.87,Married,2,Urban,13856.16,443,16,Debit Card,Yes,No
1326,18,Male,PhD,Student,21960.55,Single,0,Urban,10351.35,397,0,Credit Card,No,No
1327,26,Female,High School,Self-Employed,27849.76,Single,0,Urban,10584.98,435,3,Debit Card,No,No
1328,36,Male,Master,Self-Employed,88174.54,Single,0,Suburban,23731.64,518,18,Mobile Money,Yes,No
1329,23,Female,Diploma,Self-Employed,49363.24,Single,0,Urban,20935.93,458,0,Mobile Money,Yes,Yes
1330,45,Female,Diploma,Employed,27890.84,Married,1,Urban,2780.41,469,27,Credit Card,No,Yes
1331,56,Male,High School,Self-Employed,43742.15,Married,4,Suburban,24447.04,472,36,Credit Card,No,Yes
1332,52,Female,Bachelor,Self-Employed,55900.54,Single,0,Urban,18397.6,494,33,Mobile Money,No,No
1333,35,Male,Bachelor,Employed,61170.23,Married,1,Urban,26379.85,485,16,Debit Card,Yes,No
1334,55,Male,Diploma,Employed,41027.8,Single,0,Suburban,14402.67,465,28,Credit Card,No,No
1335,39,Female,High School,Self-Employed,32359.9,Married,1,Urban,9631.38,434,14,Mobile Money,Yes,No
1336,33,Male,Master,Unemployed,12156.78,Married,0,Suburban,1000.0,389,9,Debit Card,Yes,No
1337,30,Female,PhD,Employed,92634.15,Married,0,Suburban,30821.42,556,9,Cash,Yes,No
1338,34,Female,Diploma,Unemployed,5019.8,Married,2,Rural,1000.0,409,12,Mobile Money,No,No
1339,33,Male,Bachelor,Unemployed,26163.63,Married,1,Rural,9625.11,394,7,Debit Card,Yes,Yes
1340,40,Female,Diploma,Employed,49955.6,Married,1,Urban,23225.06,468,17,Debit Card,No,No
1341,39,Female,Diploma,Self-Employed,61136.27,Single,0,Urban,14906.22,518,21,Credit Card,No,No
1342,38,Female,High School,Employed,32247.18,Married,2,Rural,20190.22,506,16,Mobile Money,No,No
1343,43,Female,Diploma,Employed,36765.52,Married,1,Suburban,15870.33,458,18,Credit Card,Yes,No
1344,52,Female,Master,Employed,67624.78,Married,1,Suburban,21234.41,549,28,Debit Card,Yes,No
1345,49,Male,High School,Student,5000.0,Married,4,Suburban,1000.0,414,23,Credit Card,Yes,No
1346,20,Female,Bachelor,Employed,56984.04,Single,0,Suburban,21704.66,447,0,Debit Card,No,No
1347,18,Male,Master,Unemployed,24492.86,Single,0,Urban,13978.27,368,0,Credit Card,Yes,No
1348,49,Male,High School,Employed,39852.51,Married,0,Suburban,7440.63,499,29,Cash,No,No
1349,21,Female,High School,Unemployed,9160.99,Single,0,Rural,1208.75,430,0,Debit Card,Yes,No
1350,35,Male,Bachelor,Unemployed,5274.18,Single,0,Urban,5190.23,409,12,Cash,No,No
1351,23,Female,Diploma,Unemployed,8740.63,Single,0,Urban,3634.52,365,0,Cash,No,No
1352,18,Male,High School,Self-Employed,48446.81,Single,0,Suburban,17984.88,424,0,Credit Card,Yes,No
1353,44,Female,Diploma,Unemployed,5000.0,Single,0,Rural,2853.44,408,23,Cash,Yes,No
1354,47,Male,Diploma,Employed,45913.2,Married,1,Rural,8344.46,488,22,Cash,No,No
1355,31,Male,Master,Employed,66875.42,Married,0,Suburban,21104.76,489,8,Credit Card,Yes,No
1356,18,Male,Bachelor,Employed,47932.29,Single,0,Suburban,10409.83,405,0,Credit Card,No,Yes
1357,31,Female,Diploma,Self-Employed,51164.89,Single,0,Rural,26054.6,478,4,Debit Card,No,No
1358,42,Male,Bachelor,Employed,67487.62,Married,2,Urban,26098.36,571,17,Credit Card,No,No
1359,20,Female,PhD,Employed,92723.55,Single,0,Rural,29753.13,535,0,Credit Card,No,No
1360,40,Male,High School,Unemployed,6899.65,Married,0,Urban,3663.0,362,15,Debit Card,Yes,No
1361,37,Male,High School,Self-Employed,25631.61,Married,2,Suburban,9143.15,407,10,Credit Card,No,No
1362,44,Male,PhD,Unemployed,26209.21,Married,2,Rural,6893.07,507,21,Cash,Yes,No
1363,39,Male,PhD,Employed,79342.8,Married,1,Suburban,35762.5,511,14,Credit Card,No,No
1364,26,Female,High School,Employed,27520.61,Married,0,Urban,13243.46,443,0,Credit Card,Yes,No
1365,52,Female,High School,Employed,29495.54,Married,4,Rural,11650.2,438,30,Mobile Money,Yes,No
1366,36,Male,Diploma,Employed,21115.67,Married,0,Suburban,5345.83,396,17,Debit Card,No,No
1367,37,Female,High School,Employed,41106.58,Married,1,Urban,19605.28,493,12,Debit Card,Yes,No
1368,26,Female,Bachelor,Employed,45091.83,Married,1,Urban,16329.82,455,6,Credit Card,Yes,No
1369,32,Male,High School,Employed,28512.33,Single,0,Urban,11003.61,421,10,Debit Card,No,No
1370,27,Male,High School,Employed,34270.67,Married,0,Urban,4128.94,404,6,Debit Card,Yes,No
1371,35,Female,Diploma,Employed,50468.4,Single,0,Suburban,16159.81,509,9,Debit Card,Yes,No
1372,58,Male,PhD,Employed,83662.78,Married,5,Suburban,24904.47,564,33,Mobile Money,No,No
1373,21,Male,Diploma,Self-Employed,27926.52,Single,0,Rural,8924.53,365,0,Debit Card,No,No
1374,18,Male,Diploma,Self-Employed,56629.31,Single,0,Suburban,27925.06,465,0,Credit Card,No,No
1375,55,Female,PhD,Unemployed,17004.04,Married,4,Urban,4205.23,424,31,Mobile Money,Yes,No
1376,35,Male,Bachelor,Employed,57875.55,Single,0,Urban,14373.24,478,15,Credit Card,Yes,No
1377,29,Male,Diploma,Student,11372.72,Single,0,Urban,7684.4,426,10,Debit Card,Yes,No
1378,50,Male,Diploma,Student,5000.0,Married,2,Rural,4512.39,359,25,Credit Card,No,No
1379,30,Male,High School,Employed,17081.31,Married,0,Urban,1866.9,390,8,Cash,Yes,No
1380,59,Male,Bachelor,Employed,51313.51,Married,0,Urban,20723.71,535,32,Mobile Money,No,No
1381,46,Female,Diploma,Employed,19326.98,Married,1,Suburban,1000.0,429,22,Credit Card,Yes,No
1382,32,Male,Diploma,Self-Employed,37295.59,Married,1,Rural,21038.68,397,8,Credit Card,No,No
1383,63,Female,High School,Employed,30983.03,Single,0,Urban,12827.15,465,45,Cash,Yes,No
1384,30,Male,Diploma,Student,7292.13,Single,0,Urban,5187.95,400,12,Debit Card,Yes,No
1385,46,Female,Bachelor,Employed,57421.24,Married,1,Urban,27515.78,522,28,Credit Card,Yes,No
1386,41,Female,High School,Student,9593.77,Married,2,Urban,1000.0,376,16,Credit Card,No,No
1387,53,Male,High School,Unemployed,5000.0,Single,0,Urban,2900.55,475,33,Credit Card,No,No
1388,56,Female,Master,Student,5000.0,Single,0,Suburban,5601.02,428,30,Credit Card,Yes,Yes
1389,38,Female,Bachelor,Employed,61090.93,Married,1,Suburban,19334.72,532,15,Debit Card,No,No
1390,28,Female,High School,Employed,42194.64,Single,0,Urban,5646.6,425,8,Debit Card,Yes,No
1391,43,Male,Bachelor,Self-Employed,58260.74,Single,0,Suburban,20478.41,558,18,Mobile Money,No,No
1392,29,Female,High School,Self-Employed,38071.24,Married,0,Urban,18862.26,407,6,Credit Card,Yes,No
1393,62,Female,Bachelor,Employed,61456.66,Married,3,Rural,15003.78,581,35,Credit Card,Yes,No
1394,39,Female,Bachelor,Self-Employed,67900.44,Married,2,Rural,19538.11,454,19,Credit Card,Yes,No
1395,33,Female,Bachelor,Employed,53009.87,Married,1,Suburban,11889.86,513,8,Mobile Money,Yes,No
1396,40,Male,Bachelor,Employed,49874.8,Married,0,Urban,8383.91,488,21,Debit Card,Yes,No
1397,21,Female,High School,Employed,45882.15,Married,1,Rural,18690.99,428,1,Credit Card,Yes,Yes
1398,26,Female,Bachelor,Student,11769.67,Single,0,Rural,7416.21,367,3,Debit Card,No,Yes
1399,52,Female,High School,Employed,33111.54,Single,0,Urban,8286.74,472,28,Credit Card,No,No
1400,30,Male,Diploma,Self-Employed,50594.56,Married,1,Urban,18761.0,404,12,Debit Card,Yes,No
1401,25,Female,Master,Employed,63500.65,Married,0,Urban,14046.41,463,6,Mobile Money,Yes,No
1402,44,Male,Bachelor,Self-Employed,66406.57,Married,0,Urban,28335.07,550,18,Credit Card,Yes,No
1403,52,Female,PhD,Student,15422.06,Married,1,Urban,6027.13,472,33,Credit Card,No,Yes
1404,46,Male,High School,Employed,27278.82,Married,2,Suburban,5779.49,415,26,Debit Card,No,No
1405,49,Male,Diploma,Employed,42535.67,Married,2,Urban,11881.35,523,23,Credit Card,Yes,No
1406,28,Female,High School,Self-Employed,28674.86,Married,0,Urban,4730.6,370,6,Credit Card,No,No
1407,20,Male,Bachelor,Student,5000.0,Single,0,Urban,1000.0,367,0,Debit Card,Yes,No
1408,56,Female,High School,Employed,34021.8,Married,5,Urban,15493.72,488,31,Debit Card,No,No
1409,34,Female,High School,Employed,25747.12,Married,4,Suburban,10834.52,404,14,Credit Card,No,No
1410,34,Male,Diploma,Employed,37239.87,Married,1,Suburban,10359.29,490,15,Credit Card,Yes,No
1411,53,Male,Bachelor,Employed,39569.63,Married,3,Urban,9315.97,476,30,Debit Card,No,No
1412,44,Female,High School,Employed,37704.66,Married,1,Urban,13094.14,509,20,Credit Card,Yes,Yes
1413,43,Male,Master,Student,18192.13,Married,5,Suburban,8143.82,428,16,Mobile Money,No,No
1414,63,Female,High School,Employed,35664.55,Married,2,Rural,3190.27,485,40,Cash,Yes,No
1415,30,Female,High School,Employed,33098.6,Married,1,Suburban,7969.1,458,4,Debit Card,Yes,No
1416,49,Male,Diploma,Unemployed,5000.0,Married,3,Urban,1374.55,376,22,Debit Card,Yes,No
1417,38,Male,PhD,Employed,91831.99,Single,0,Suburban,26387.63,578,13,Cash,Yes,No
1418,41,Male,High School,Self-Employed,31126.93,Single,0,Urban,4460.25,474,16,Credit Card,Yes,No
1419,56,Female,High School,Self-Employed,28297.14,Married,2,Urban,9158.02,440,30,Cash,Yes,No
1420,44,Male,Bachelor,Employed,59000.39,Married,0,Urban,26654.23,517,21,Credit Card,No,No
1421,44,Male,Diploma,Employed,53268.07,Married,1,Urban,14491.91,518,18,Debit Card,No,No
1422,50,Female,Bachelor,Employed,66946.72,Single,0,Rural,27321.21,562,30,Debit Card,No,No
1423,33,Female,High School,Employed,34977.16,Single,0,Rural,9290.39,447,6,Credit Card,No,No
1424,27,Male,Diploma,Employed,39758.17,Married,0,Urban,12948.52,460,4,Debit Card,No,No
1425,25,Male,Diploma,Student,6275.66,Married,0,Rural,1000.0,387,7,Debit Card,Yes,No
1426,18,Female,Diploma,Employed,32763.97,Single,0,Urban,18124.39,394,0,Debit Card,Yes,No
1427,62,Female,Bachelor,Unemployed,14342.13,Married,5,Suburban,9352.99,437,43,Credit Card,Yes,No
1428,24,Female,Bachelor,Employed,62268.19,Single,0,Suburban,19003.0,476,4,Credit Card,Yes,No
1429,35,Female,Bachelor,Student,25585.11,Married,0,Suburban,9974.55,422,13,Cash,No,No
1430,34,Female,Master,Self-Employed,77468.15,Married,1,Urban,15763.18,523,12,Credit Card,Yes,No
1431,41,Female,Diploma,Unemployed,5000.0,Married,1,Rural,1000.0,425,16,Credit Card,Yes,No
1432,47,Female,High School,Employed,25753.01,Married,3,Urban,10344.39,435,27,Credit Card,No,No
1433,48,Female,Bachelor,Employed,62231.63,Married,0,Suburban,13660.37,495,27,Credit Card,Yes,No
1434,31,Female,Bachelor,Employed,71578.22,Married,0,Suburban,33083.53,544,8,Credit Card,Yes,No
1435,35,Male,High School,Self-Employed,46480.33,Single,0,Rural,14548.95,484,13,Cash,No,No
1436,41,Male,Bachelor,Unemployed,26782.28,Married,3,Urban,10229.96,426,23,Credit Card,Yes,No
1437,35,Female,Diploma,Employed,33203.52,Married,3,Suburban,21730.97,394,12,Cash,Yes,No
1438,57,Male,Bachelor,Student,5000.0,Married,3,Urban,1000.0,460,31,Cash,Yes,No
1439,43,Female,Master,Student,5000.0,Married,2,Suburban,1000.0,375,17,Debit Card,No,No
1440,46,Male,Bachelor,Employed,49676.16,Single,0,Suburban,13446.4,459,20,Credit Card,Yes,No
1441,45,Female,High School,Employed,37312.78,Married,1,Urban,18346.46,515,19,Credit Card,Yes,No
1442,52,Male,Bachelor,Unemployed,29495.9,Single,0,Urban,10145.79,492,32,Cash,No,No
1443,40,Female,Bachelor,Employed,57764.14,Married,1,Urban,22863.5,495,21,Credit Card,Yes,No
1444,22,Female,High School,Unemployed,6959.03,Married,1,Urban,1000.0,364,1,Debit Card,Yes,Yes
1445,42,Male,Diploma,Unemployed,5000.0,Single,0,Suburban,1000.0,404,18,Credit Card,No,No
1446,30,Female,PhD,Employed,89099.88,Married,0,Rural,29642.6,530,4,Debit Card,No,No
1447,31,Male,Diploma,Self-Employed,49625.01,Married,1,Suburban,18732.46,486,8,Mobile Money,Yes,No
1448,45,Male,High School,Employed,18295.42,Married,2,Suburban,5479.88,471,23,Credit Card,Yes,No
1449,52,Male,High School,Student,13371.78,Married,5,Rural,4753.67,460,29,Debit Card,Yes,No
1450,38,Male,Bachelor,Employed,51608.69,Married,1,Suburban,21254.59,475,20,Credit Card,No,Yes
1451,41,Female,Master,Employed,76891.33,Married,4,Urban,24691.39,540,18,Debit Card,No,No
1452,58,Male,Bachelor,Unemployed,16412.64,Married,1,Suburban,10771.67,424,39,Cash,No,No
1453,40,Female,Diploma,Employed,42377.73,Single,0,Suburban,14545.39,483,22,Credit Card,No,Yes
1454,69,Male,Bachelor,Self-Employed,60384.41,Married,2,Rural,23762.34,504,42,Credit Card,Yes,No
1455,44,Female,Bachelor,Employed,52243.08,Married,1,Rural,27413.15,495,23,Debit Card,Yes,Yes
1456,18,Male,Bachelor,Employed,60136.34,Single,0,Rural,17802.58,429,0,Debit Card,No,No
1457,47,Female,High School,Self-Employed,34948.01,Single,0,Urban,13044.04,441,29,Mobile Money,Yes,No
1458,42,Female,Bachelor,Employed,46160.21,Married,2,Urban,8483.12,476,22,Mobile Money,Yes,No
1459,53,Female,Diploma,Student,8892.59,Married,5,Suburban,2912.12,408,27,Credit Card,Yes,No
1460,46,Male,High School,Employed,33085.4,Married,3,Urban,11551.31,446,20,Mobile Money,Yes,No
1461,36,Female,Bachelor,Employed,65983.11,Married,0,Suburban,21572.34,449,10,Credit Card,Yes,Yes
1462,23,Male,PhD,Employed,99220.43,Single,0,Suburban,40881.89,538,4,Debit Card,No,No
1463,35,Male,Diploma,Self-Employed,47482.92,Single,0,Suburban,18887.24,546,8,Credit Card,Yes,No
1464,27,Male,PhD,Employed,85621.32,Married,0,Urban,32372.11,548,2,Cash,Yes,No
1465,31,Male,High School,Employed,28173.59,Single,0,Suburban,6203.89,423,5,Credit Card,No,No
1466,45,Male,Bachelor,Student,6810.13,Married,1,Suburban,2089.11,397,21,Credit Card,Yes,No
1467,58,Female,High School,Employed,34049.29,Married,5,Suburban,12867.96,438,31,Credit Card,Yes,No
1468,42,Male,Diploma,Employed,48333.32,Married,1,Rural,9885.6,488,19,Credit Card,Yes,No
1469,23,Male,Bachelor,Employed,64918.67,Single,0,Rural,20043.43,494,0,Cash,No,No
1470,43,Male,Bachelor,Employed,51702.35,Married,2,Urban,19244.68,525,19,Credit Card,No,No
1471,52,Female,Bachelor,Employed,50903.79,Single,0,Rural,13723.13,466,25,Cash,No,No
1472,30,Female,Bachelor,Employed,51636.84,Married,0,Urban,23423.27,495,7,Credit Card,Yes,No
1473,36,Male,Bachelor,Employed,39543.7,Married,1,Suburban,7592.62,477,11,Debit Card,No,No
1474,38,Female,Master,Employed,60377.5,Married,2,Rural,9674.25,426,18,Debit Card,No,No
1475,28,Female,Diploma,Employed,39723.58,Married,0,Suburban,19742.42,392,6,Credit Card,Yes,No
1476,45,Male,High School,Self-Employed,39034.17,Married,2,Urban,15736.82,427,19,Debit Card,Yes,No
1477,36,Female,High School,Self-Employed,39929.38,Single,0,Urban,6934.29,485,13,Credit Card,Yes,No
1478,43,Female,Diploma,Employed,33756.04,Married,0,Rural,17853.22,451,25,Debit Card,Yes,No
1479,27,Female,Bachelor,Student,7071.12,Single,0,Urban,2617.5,366,6,Debit Card,Yes,No
1480,32,Male,High School,Unemployed,6843.97,Single,0,Rural,3170.06,420,14,Credit Card,No,No
1481,46,Male,High School,Student,5000.0,Married,0,Suburban,1000.0,386,24,Credit Card,Yes,No
1482,33,Male,High School,Employed,35504.14,Single,0,Rural,12733.08,442,15,Cash,Yes,No
1483,58,Female,Bachelor,Self-Employed,55534.61,Single,0,Urban,29211.98,488,39,Mobile Money,No,No
1484,33,Female,High School,Employed,20805.64,Single,0,Urban,6502.91,428,13,Debit Card,Yes,No
1485,40,Male,High School,Unemployed,6612.52,Single,0,Urban,1000.0,398,20,Mobile Money,No,No
1486,49,Male,Bachelor,Employed,44075.17,Single,0,Suburban,12230.46,500,27,Credit Card,No,No
1487,20,Female,Bachelor,Employed,39796.24,Single,0,Urban,13705.14,443,0,Cash,No,No
1488,18,Female,Diploma,Employed,28052.18,Married,0,Urban,10588.1,399,0,Credit Card,Yes,No
1489,19,Female,Bachelor,Employed,53058.28,Single,0,Rural,12431.47,428,0,Credit Card,Yes,No
1490,53,Female,High School,Employed,35044.25,Married,4,Suburban,8664.35,522,26,Credit Card,No,No
1491,31,Female,Master,Employed,75210.93,Married,0,Urban,18120.81,554,11,Credit Card,Yes,No
1492,68,Male,Diploma,Employed,52703.32,Married,5,Suburban,18682.42,548,41,Debit Card,No,No
1493,31,Male,PhD,Student,18813.32,Single,0,Suburban,5937.51,391,5,Debit Card,Yes,No
1494,40,Male,PhD,Unemployed,28889.6,Married,2,Suburban,14305.6,483,15,Debit Card,No,No
1495,56,Female,Bachelor,Employed,52996.74,Married,1,Suburban,9572.78,532,31,Credit Card,No,No
1496,62,Male,High School,Employed,28385.39,Single,0,Suburban,10039.71,500,38,Cash,Yes,No
1497,62,Female,Bachelor,Employed,71644.36,Married,5,Urban,18976.39,590,40,Mobile Money,Yes,No
1498,52,Male,High School,Employed,32090.81,Married,2,Urban,2692.0,465,25,Credit Card,No,No
1499,50,Male,Master,Employed,72786.19,Single,0,Suburban,19236.97,506,24,Credit Card,No,No
1500,45,Female,Bachelor,Employed,45839.09,Single,0,Suburban,15967.41,432,27,Debit Card,Yes,No
1501,47,Male,PhD,Self-Employed,111283.38,Married,1,Rural,28951.47,592,20,Cash,Yes,No
1502,31,Male,Bachelor,Employed,60266.66,Married,1,Urban,19474.08,509,13,Credit Card,Yes,No
1503,28,Female,Bachelor,Employed,63882.48,Single,0,Urban,30340.72,504,3,Credit Card,Yes,No
1504,37,Male,Bachelor,Employed,60040.68,Married,2,Urban,18521.08,512,10,Mobile Money,No,No
1505,35,Female,Diploma,Employed,38986.09,Single,0,Urban,11670.91,424,9,Debit Card,Yes,No
1506,32,Female,Diploma,Self-Employed,46644.61,Single,0,Urban,17577.14,500,11,Mobile Money,Yes,No
1507,46,Female,Bachelor,Employed,54423.35,Single,0,Urban,13965.57,576,27,Debit Card,Yes,No
1508,49,Female,Master,Employed,70857.5,Married,1,Suburban,16832.99,497,30,Credit Card,No,No
1509,39,Male,Bachelor,Self-Employed,76141.2,Married,0,Urban,27495.65,520,16,Credit Card,Yes,No
1510,55,Female,Master,Employed,78581.12,Married,5,Urban,19495.32,539,29,Mobile Money,No,No
1511,24,Male,Master,Employed,76023.29,Married,0,Suburban,39956.57,484,5,Cash,Yes,No
1512,35,Male,Bachelor,Employed,71233.68,Married,0,Rural,23388.56,489,9,Debit Card,No,No
1513,29,Male,Diploma,Employed,18750.09,Single,0,Urban,5242.13,333,10,Credit Card,Yes,No
1514,18,Male,Bachelor,Employed,51319.53,Single,0,Urban,15786.71,489,0,Debit Card,Yes,No
1515,37,Female,Diploma,Self-Employed,47909.82,Married,1,Suburban,19909.19,476,11,Credit Card,No,No
1516,36,Male,High School,Employed,24622.16,Married,1,Urban,8732.27,423,9,Debit Card,Yes,No
1517,56,Female,Diploma,Employed,32561.99,Married,1,Urban,8645.3,489,32,Credit Card,Yes,No
1518,45,Male,PhD,Student,5000.0,Married,0,Rural,1000.0,306,25,Credit Card,Yes,No
1519,25,Male,High School,Employed,27509.37,Single,0,Rural,3846.79,390,1,Debit Card,Yes,Yes
1520,60,Female,Bachelor,Student,18152.22,Single,0,Suburban,6501.75,452,35,Debit Card,No,No
1521,52,Male,Master,Employed,76191.49,Married,2,Urban,33495.32,592,34,Debit Card,No,No
1522,44,Female,Bachelor,Self-Employed,59982.96,Married,2,Urban,23749.19,511,18,Debit Card,No,No
1523,35,Male,Bachelor,Self-Employed,67761.96,Married,0,Suburban,17354.23,556,8,Mobile Money,No,No
1524,26,Male,Bachelor,Unemployed,27360.8,Married,2,Suburban,6517.35,453,6,Credit Card,No,Yes
1525,33,Male,Diploma,Employed,27839.46,Single,0,Suburban,5339.8,389,10,Credit Card,No,No
1526,51,Female,High School,Employed,28729.31,Single,0,Urban,12851.18,451,31,Debit Card,No,No
1527,60,Male,PhD,Employed,92291.97,Married,3,Urban,36301.26,616,34,Cash,Yes,No
1528,56,Male,Diploma,Student,8080.12,Married,2,Urban,1000.0,402,33,Credit Card,No,No
1529,32,Male,Bachelor,Employed,61805.07,Married,0,Rural,20554.95,468,11,Mobile Money,Yes,No
1530,24,Female,Bachelor,Student,5000.0,Single,0,Suburban,3134.73,355,6,Credit Card,No,Yes
1531,39,Female,High School,Employed,21953.45,Single,0,Urban,1945.23,417,14,Mobile Money,No,No
1532,18,Female,PhD,Employed,95456.33,Single,0,Rural,37657.29,502,0,Debit Card,Yes,No
1533,41,Male,Bachelor,Employed,41382.21,Married,4,Rural,12807.01,452,21,Debit Card,No,No
1534,36,Female,High School,Employed,36494.14,Married,0,Suburban,19453.15,455,10,Cash,Yes,Yes
1535,32,Female,PhD,Unemployed,30598.55,Married,0,Suburban,8128.96,422,14,Cash,No,No
1536,18,Female,Bachelor,Employed,60935.36,Married,0,Urban,20330.13,427,0,Mobile Money,Yes,No
1537,44,Female,Diploma,Student,5000.0,Single,0,Urban,3008.68,446,17,Debit Card,No,No
1538,31,Female,Bachelor,Employed,59078.71,Single,0,Suburban,13420.25,569,4,Credit Card,No,No
1539,23,Male,High School,Self-Employed,26621.7,Single,0,Rural,12469.65,429,0,Credit Card,No,No
1540,18,Female,Bachelor,Self-Employed,62683.96,Single,0,Suburban,32070.25,461,0,Cash,No,No
1541,37,Female,High School,Employed,30290.71,Married,0,Urban,11687.97,422,11,Credit Card,Yes,No
1542,59,Male,Bachelor,Employed,47810.0,Married,1,Suburban,20212.46,510,33,Credit Card,No,No
1543,57,Male,Bachelor,Employed,56744.85,Married,2,Rural,29206.19,527,36,Debit Card,No,No
1544,32,Female,Master,Employed,60846.34,Married,2,Suburban,28406.88,483,12,Debit Card,Yes,No
1545,30,Male,Bachelor,Student,13149.21,Married,2,Urban,2021.69,395,9,Credit Card,No,No
1546,43,Female,High School,Student,19934.8,Married,2,Rural,8265.03,443,20,Credit Card,No,No
1547,26,Male,Master,Self-Employed,73946.67,Single,0,Urban,37838.25,552,4,Credit Card,Yes,Yes
1548,41,Male,Bachelor,Self-Employed,65819.52,Married,4,Urban,22622.4,531,16,Cash,Yes,No
1549,47,Male,Bachelor,Employed,42056.31,Married,5,Rural,19582.93,462,25,Credit Card,No,No
1550,52,Male,High School,Employed,23336.37,Married,2,Suburban,12336.65,424,31,Debit Card,Yes,No
1551,36,Male,Master,Unemployed,26615.59,Single,0,Suburban,10284.25,432,17,Credit Card,No,No
1552,35,Male,Master,Employed,66554.97,Single,0,Urban,18967.01,500,15,Debit Card,Yes,No
1553,27,Female,Bachelor,Self-Employed,71939.28,Married,1,Suburban,19077.63,542,8,Debit Card,Yes,No
1554,28,Female,Master,Self-Employed,86847.07,Single,0,Rural,12010.1,550,6,Mobile Money,No,No
1555,35,Male,Diploma,Employed,39483.85,Married,1,Urban,14113.36,423,10,Credit Card,Yes,No
1556,42,Female,Master,Employed,61764.7,Single,0,Urban,15002.66,500,21,Mobile Money,No,No
1557,48,Female,Diploma,Self-Employed,53483.91,Married,1,Urban,17853.27,480,26,Mobile Money,Yes,No
1558,28,Female,High School,Employed,32433.07,Single,0,Urban,11995.45,474,9,Debit Card,Yes,No
1559,55,Female,Bachelor,Unemployed,5000.0,Married,2,Suburban,4427.2,396,31,Debit Card,No,No
1560,34,Male,Bachelor,Employed,47283.8,Single,0,Urban,20373.76,424,14,Mobile Money,No,No
1561,37,Male,Diploma,Employed,17847.77,Married,2,Suburban,9514.45,395,12,Credit Card,Yes,No
1562,29,Male,High School,Employed,19074.99,Single,0,Urban,1315.62,357,10,Credit Card,Yes,No
1563,18,Male,High School,Self-Employed,33492.99,Single,0,Suburban,16696.91,364,0,Cash,No,No
1564,48,Female,Diploma,Employed,31553.15,Married,1,Urban,10770.53,473,27,Credit Card,No,No
1565,46,Male,High School,Employed,23346.67,Single,0,Suburban,16683.18,440,21,Debit Card,No,No
1566,34,Female,High School,Employed,41124.56,Married,0,Suburban,17425.01,518,15,Mobile Money,Yes,Yes
1567,38,Female,Diploma,Employed,48230.51,Single,0,Suburban,8336.61,539,16,Credit Card,No,No
1568,44,Female,PhD,Employed,84442.65,Married,2,Rural,30085.01,563,22,Mobile Money,No,No
1569,19,Female,Bachelor,Employed,61348.3,Single,0,Rural,20416.42,485,0,Credit Card,Yes,Yes
1570,31,Male,Diploma,Employed,49718.98,Married,0,Rural,11373.29,456,5,Credit Card,No,No
1571,47,Female,PhD,Employed,94948.39,Married,2,Rural,28330.71,614,29,Credit Card,Yes,No
1572,22,Male,Bachelor,Employed,57391.42,Single,0,Urban,28687.96,459,0,Debit Card,Yes,No
1573,41,Female,Diploma,Employed,48786.58,Married,4,Suburban,15873.39,468,21,Debit Card,No,No
1574,21,Female,Diploma,Employed,46156.14,Single,0,Urban,13299.86,415,0,Cash,Yes,No
1575,43,Female,Diploma,Employed,30295.25,Married,1,Rural,9168.09,441,25,Cash,No,No
1576,37,Male,High School,Employed,28488.54,Married,1,Rural,19349.66,432,15,Debit Card,Yes,No
1577,18,Female,Diploma,Student,5000.0,Single,0,Urban,1133.3,377,0,Credit Card,No,No
1578,51,Male,Bachelor,Employed,64219.79,Married,1,Suburban,20399.44,531,28,Debit Card,Yes,No
1579,29,Male,Bachelor,Self-Employed,61356.62,Single,0,Rural,18438.44,445,11,Cash,Yes,No
1580,28,Female,Bachelor,Employed,48982.52,Married,2,Suburban,7802.21,497,3,Credit Card,Yes,Yes
1581,40,Male,Diploma,Unemployed,20213.46,Married,1,Urban,9558.64,423,19,Cash,No,No
1582,51,Female,Bachelor,Student,13077.37,Married,5,Urban,4481.69,457,33,Mobile Money,No,No
1583,25,Male,Bachelor,Employed,71894.26,Married,1,Suburban,33366.77,432,0,Credit Card,Yes,Yes
1584,38,Female,PhD,Unemployed,20102.07,Single,0,Urban,8430.45,379,13,Cash,No,No
1585,43,Male,Diploma,Employed,35849.31,Married,0,Suburban,12441.98,377,17,Debit Card,No,No
1586,46,Female,Master,Employed,78975.74,Single,0,Rural,21756.29,528,21,Cash,No,No
1587,40,Female,Master,Employed,59767.2,Single,0,Urban,13498.49,524,15,Cash,Yes,No
1588,33,Female,Bachelor,Employed,65557.54,Married,0,Suburban,16078.83,503,9,Credit Card,Yes,No
1589,28,Male,Bachelor,Employed,45340.36,Married,0,Suburban,23636.43,452,10,Mobile Money,Yes,No
1590,39,Female,High School,Employed,34881.79,Married,2,Urban,14164.32,496,20,Debit Card,Yes,No
1591,25,Male,PhD,Employed,75255.59,Single,0,Rural,29317.66,511,7,Cash,Yes,No
1592,18,Male,High School,Self-Employed,36361.04,Single,0,Urban,10012.41,409,0,Mobile Money,Yes,No
1593,43,Male,Bachelor,Employed,44043.76,Married,2,Urban,22070.82,431,24,Mobile Money,Yes,No
1594,48,Female,Diploma,Employed,55410.2,Married,5,Rural,11868.79,537,29,Credit Card,Yes,No
1595,18,Male,Diploma,Employed,31426.96,Single,0,Suburban,13235.09,470,0,Credit Card,No,No
1596,25,Female,Bachelor,Employed,48369.14,Married,0,Urban,17038.3,388,0,Mobile Money,Yes,No
1597,45,Female,Master,Employed,74283.41,Married,2,Urban,26830.09,546,25,Debit Card,No,No
1598,62,Male,Diploma,Employed,35192.34,Married,1,Urban,7847.69,480,43,Cash,No,No
1599,38,Female,PhD,Employed,95599.63,Single,0,Rural,25350.7,526,16,Credit Card,Yes,No
1600,29,Male,Bachelor,Employed,49312.88,Single,0,Urban,25788.79,433,4,Cash,Yes,No
1601,35,Female,High School,Unemployed,5000.0,Married,0,Rural,1000.0,363,16,Debit Card,Yes,No
1602,54,Male,High School,Employed,29779.53,Married,5,Urban,1000.0,452,27,Debit Card,No,No
1603,30,Female,Bachelor,Employed,45264.56,Married,1,Suburban,8448.03,432,8,Credit Card,No,No
1604,28,Male,High School,Employed,33170.93,Married,0,Suburban,12516.08,423,6,Credit Card,Yes,No
1605,32,Male,Diploma,Student,15018.39,Single,0,Urban,5009.67,371,14,Mobile Money,Yes,No
1606,26,Male,High School,Self-Employed,40423.97,Single,0,Urban,11363.52,455,6,Debit Card,Yes,Yes
1607,39,Male,Diploma,Employed,45146.25,Single,0,Urban,24764.03,444,19,Credit Card,No,No
1608,57,Male,Bachelor,Employed,39601.16,Married,1,Suburban,13981.76,489,31,Debit Card,Yes,No
1609,41,Male,Diploma,Employed,36306.82,Married,1,Rural,12035.31,522,23,Debit Card,Yes,No
1610,34,Male,High School,Employed,28183.48,Married,1,Rural,9719.01,408,9,Credit Card,No,No
1611,34,Female,Diploma,Self-Employed,59635.62,Married,1,Urban,13492.12,456,13,Credit Card,Yes,No
1612,19,Female,Diploma,Employed,35349.54,Single,0,Rural,12236.48,370,0,Debit Card,No,No
1613,48,Female,High School,Employed,11586.12,Married,2,Urban,4553.69,379,24,Credit Card,No,No
1614,37,Female,Bachelor,Employed,46968.24,Married,1,Rural,22484.06,438,15,Credit Card,No,No
1615,35,Female,Bachelor,Self-Employed,60710.45,Married,2,Suburban,17422.3,462,8,Mobile Money,Yes,No
1616,70,Female,High School,Employed,12748.14,Married,5,Rural,5006.07,499,46,Debit Card,No,No
1617,41,Male,Diploma,Unemployed,19749.62,Married,2,Urban,10543.48,328,20,Debit Card,Yes,No
1618,28,Female,Diploma,Employed,27443.36,Married,2,Suburban,6692.28,386,7,Mobile Money,No,No
1619,32,Male,Diploma,Self-Employed,51568.17,Married,2,Suburban,22897.31,511,6,Credit Card,No,No
1620,51,Female,Bachelor,Employed,46260.83,Married,1,Urban,22344.53,467,32,Credit Card,No,No
1621,39,Female,Diploma,Employed,52055.87,Married,0,Rural,19029.83,489,21,Credit Card,No,No
1622,20,Male,Diploma,Self-Employed,45790.77,Single,0,Urban,19128.7,452,0,Debit Card,Yes,No
1623,49,Female,Bachelor,Unemployed,12667.11,Single,0,Rural,1000.0,350,26,Credit Card,No,No
1624,29,Male,High School,Employed,34226.04,Single,0,Rural,7554.23,482,6,Credit Card,Yes,No
1625,60,Male,Bachelor,Self-Employed,57941.6,Single,0,Suburban,19849.54,457,36,Mobile Money,No,No
1626,50,Male,Bachelor,Self-Employed,70604.37,Married,3,Urban,20462.43,483,30,Cash,Yes,No
1627,32,Female,Diploma,Employed,36146.65,Single,0,Urban,10313.13,423,11,Cash,No,No
1628,53,Female,Bachelor,Unemployed,11743.19,Married,2,Rural,3233.67,424,35,Credit Card,No,No
1629,38,Female,Bachelor,Employed,54299.45,Single,0,Suburban,22766.07,518,12,Mobile Money,Yes,No
1630,48,Male,Diploma,Self-Employed,39282.64,Married,1,Rural,9686.62,501,27,Credit Card,No,No
1631,43,Female,Bachelor,Employed,53472.87,Married,3,Urban,25105.56,471,20,Credit Card,No,No
1632,27,Female,Master,Employed,72715.88,Married,0,Rural,17787.5,521,3,Cash,No,No
1633,30,Male,PhD,Unemployed,8530.07,Single,0,Rural,1138.11,418,11,Debit Card,No,No
1634,50,Female,Bachelor,Employed,63730.46,Single,0,Rural,28393.93,568,28,Mobile Money,Yes,No
1635,33,Male,Master,Employed,76527.83,Single,0,Urban,28824.9,526,11,Debit Card,Yes,No
1636,33,Male,High School,Unemployed,5000.0,Married,0,Urban,3861.88,365,14,Mobile Money,Yes,No
1637,26,Male,Bachelor,Unemployed,5000.0,Single,0,Urban,1000.0,359,1,Mobile Money,Yes,No
1638,43,Female,High School,Employed,36735.25,Married,2,Suburban,7202.18,537,23,Debit Card,No,No
1639,62,Male,High School,Employed,36116.15,Married,3,Suburban,12415.85,494,37,Credit Card,No,No
1640,25,Male,Bachelor,Self-Employed,70984.28,Single,0,Urban,19163.96,475,2,Credit Card,Yes,No
1641,38,Male,Bachelor,Employed,43584.61,Married,2,Urban,21701.55,452,20,Debit Card,Yes,No
1642,54,Male,Diploma,Employed,54629.14,Married,3,Suburban,16865.3,547,33,Debit Card,Yes,No
1643,37,Male,Bachelor,Employed,48959.99,Married,0,Urban,18560.0,481,12,Debit Card,Yes,No
1644,43,Male,Diploma,Employed,41915.81,Married,2,Urban,20727.26,506,20,Debit Card,No,No
1645,25,Female,Diploma,Employed,42014.23,Single,0,Urban,14010.0,413,0,Credit Card,Yes,No
1646,43,Male,Diploma,Self-Employed,60743.45,Married,1,Suburban,24031.4,460,24,Credit Card,No,No
1647,35,Female,Diploma,Self-Employed,49001.34,Single,0,Urban,18078.06,494,9,Credit Card,No,No
1648,49,Female,Diploma,Employed,43326.73,Married,2,Suburban,16052.28,492,24,Credit Card,No,No
1649,52,Male,Bachelor,Employed,54382.99,Single,0,Urban,29498.87,487,30,Credit Card,No,No
1650,69,Male,High School,Employed,20427.2,Married,4,Urban,9870.66,519,46,Credit Card,No,No
1651,44,Female,High School,Employed,11450.72,Married,1,Suburban,12852.65,433,18,Debit Card,Yes,No
1652,41,Male,Bachelor,Employed,55260.64,Married,3,Suburban,27520.98,452,22,Debit Card,No,No
1653,40,Male,Bachelor,Self-Employed,54701.1,Married,5,Urban,15206.33,483,14,Credit Card,Yes,No
1654,33,Male,Diploma,Employed,42801.42,Married,0,Urban,5668.58,430,11,Credit Card,Yes,No
1655,42,Female,High School,Self-Employed,37190.0,Married,2,Urban,15108.95,475,22,Debit Card,No,No
1656,34,Female,Diploma,Self-Employed,48995.47,Married,0,Urban,12154.25,454,11,Mobile Money,Yes,No
1657,40,Female,Bachelor,Employed,46576.6,Married,2,Suburban,17732.56,448,16,Debit Card,Yes,No
1658,53,Female,Master,Employed,78292.35,Married,4,Rural,18573.66,572,29,Cash,No,No
1659,25,Male,Bachelor,Unemployed,20298.17,Married,1,Urban,5769.12,434,5,Credit Card,Yes,Yes
1660,51,Male,High School,Self-Employed,26546.4,Married,4,Urban,15035.43,456,31,Debit Card,Yes,No
1661,53,Male,Bachelor,Student,27548.38,Married,2,Urban,3784.76,466,26,Debit Card,Yes,No
1662,36,Male,High School,Employed,28313.67,Single,0,Rural,12823.41,400,11,Credit Card,Yes,Yes
1663,18,Male,Diploma,Student,5000.0,Single,0,Urban,2909.1,323,0,Credit Card,Yes,No
1664,30,Male,High School,Employed,23933.18,Married,1,Urban,9976.63,427,5,Credit Card,No,No
1665,53,Male,Bachelor,Employed,42928.87,Single,0,Urban,24217.41,494,35,Credit Card,Yes,No
1666,37,Male,Bachelor,Employed,65875.42,Married,2,Suburban,29765.14,528,18,Credit Card,No,No
1667,26,Male,Bachelor,Employed,63643.59,Single,0,Rural,24774.82,436,7,Cash,Yes,No
1668,31,Female,Bachelor,Self-Employed,71915.84,Married,0,Urban,19982.34,544,11,Debit Card,Yes,No
1669,48,Female,High School,Employed,34409.14,Married,3,Urban,8795.78,479,23,Debit Card,Yes,No
1670,44,Female,Diploma,Unemployed,21986.74,Single,0,Urban,8869.19,473,18,Credit Card,Yes,No
1671,35,Male,Bachelor,Employed,53064.05,Married,4,Urban,25301.05,475,10,Debit Card,Yes,No
1672,33,Male,Bachelor,Student,14381.3,Married,0,Rural,7441.87,420,7,Credit Card,Yes,No
1673,33,Male,Bachelor,Employed,48504.87,Married,0,Suburban,12948.34,502,13,Credit Card,Yes,No
1674,26,Male,Diploma,Self-Employed,46772.41,Married,0,Urban,10457.23,502,0,Credit Card,Yes,No
1675,57,Male,Bachelor,Employed,58600.62,Married,3,Urban,11181.15,581,33,Mobile Money,No,No
1676,34,Female,Diploma,Employed,15350.86,Married,0,Rural,5275.93,416,15,Debit Card,No,No
1677,52,Female,Bachelor,Self-Employed,61042.31,Married,3,Suburban,17371.07,532,25,Credit Card,Yes,No
1678,56,Male,Diploma,Employed,41319.9,Single,0,Suburban,6063.53,468,35,Debit Card,No,No
1679,49,Male,Master,Employed,69379.87,Single,0,Suburban,21580.31,496,27,Credit Card,Yes,No
1680,32,Male,High School,Self-Employed,32380.83,Married,0,Suburban,11830.56,362,7,Cash,No,No
1681,42,Male,Bachelor,Employed,59713.22,Married,2,Urban,21809.49,474,16,Credit Card,No,No
1682,37,Male,Bachelor,Employed,49338.3,Married,4,Urban,19252.43,467,14,Cash,No,No
1683,27,Male,High School,Employed,20224.74,Married,0,Rural,4535.18,334,0,Cash,No,No
1684,41,Male,High School,Employed,39470.13,Married,4,Urban,13157.65,429,19,Cash,No,No
1685,23,Male,Bachelor,Self-Employed,74341.19,Married,0,Urban,11534.58,507,0,Credit Card,Yes,Yes
1686,52,Male,High School,Employed,25206.81,Married,3,Rural,5006.06,433,28,Mobile Money,No,No
1687,32,Male,High School,Employed,29450.44,Married,0,Urban,14324.18,437,6,Mobile Money,Yes,No
1688,40,Male,PhD,Self-Employed,114767.92,Married,0,Suburban,19480.07,617,17,Debit Card,No,No
1689,41,Female,Bachelor,Self-Employed,66352.27,Married,1,Suburban,26903.06,523,23,Cash,Yes,No
1690,34,Male,Diploma,Unemployed,16241.66,Married,1,Urban,9818.8,409,8,Credit Card,No,No
1691,45,Female,Bachelor,Employed,58804.53,Married,3,Urban,15129.76,515,25,Credit Card,Yes,No
1692,32,Female,Bachelor,Employed,52446.64,Married,0,Urban,26663.81,475,8,Debit Card,Yes,No
1693,48,Female,Master,Employed,74127.39,Single,0,Urban,24246.2,519,22,Cash,No,No
1694,21,Female,Bachelor,Employed,47280.45,Married,0,Urban,15982.92,437,0,Debit Card,Yes,Yes
1695,39,Female,Master,Employed,73154.19,Married,0,Suburban,18642.84,559,12,Debit Card,No,No
1696,61,Female,High School,Unemployed,8407.22,Married,2,Rural,1359.65,445,37,Credit Card,No,No
1697,25,Male,Bachelor,Unemployed,13614.24,Single,0,Urban,4300.43,406,1,Debit Card,Yes,No
1698,29,Male,High School,Employed,20026.11,Married,3,Urban,2907.07,438,11,Credit Card,No,No
1699,44,Female,High School,Employed,31053.27,Single,0,Rural,22208.0,460,22,Credit Card,Yes,No
1700,40,Female,Bachelor,Employed,55308.24,Married,4,Urban,15822.44,514,17,Credit Card,No,No
1701,42,Female,High School,Unemployed,5000.0,Married,1,Suburban,1000.0,403,23,Mobile Money,Yes,Yes
1702,43,Female,Bachelor,Unemployed,5000.0,Married,1,Suburban,4250.24,390,23,Debit Card,No,No
1703,45,Female,Master,Employed,56844.2,Married,5,Urban,22489.36,521,20,Debit Card,Yes,Yes
1704,51,Female,Diploma,Self-Employed,45967.42,Married,2,Urban,22034.76,505,33,Debit Card,Yes,No
1705,42,Female,High School,Employed,32451.98,Married,2,Suburban,15168.57,463,18,Credit Card,No,No
1706,35,Female,Bachelor,Employed,69799.77,Married,2,Rural,23176.95,465,8,Debit Card,No,No
1707,46,Female,Master,Employed,69638.76,Single,0,Suburban,27009.43,504,27,Credit Card,Yes,No
1708,60,Female,Bachelor,Employed,41996.91,Married,4,Suburban,8192.38,468,42,Credit Card,No,No
1709,36,Female,Bachelor,Employed,53344.65,Married,2,Suburban,8397.11,494,10,Debit Card,No,No
1710,26,Female,High School,Employed,40010.92,Married,0,Urban,18067.34,457,2,Debit Card,No,No
1711,51,Male,High School,Employed,24537.64,Married,5,Suburban,8784.51,470,31,Debit Card,Yes,No
1712,36,Male,Bachelor,Employed,63948.83,Married,0,Urban,25170.98,489,10,Debit Card,Yes,No
1713,18,Female,High School,Self-Employed,37405.8,Single,0,Rural,6692.11,436,0,Debit Card,Yes,Yes
1714,48,Female,Master,Employed,75175.05,Married,3,Suburban,25691.79,527,22,Cash,Yes,No
1715,31,Male,Diploma,Unemployed,26870.85,Married,2,Urban,15932.37,421,10,Mobile Money,Yes,No
1716,36,Male,Bachelor,Employed,40301.89,Married,3,Urban,14288.13,470,11,Cash,Yes,No
1717,41,Female,Bachelor,Employed,62172.03,Married,0,Urban,28336.8,511,20,Debit Card,No,No
1718,40,Female,Bachelor,Employed,54242.39,Married,3,Urban,21014.0,509,19,Debit Card,No,No
1719,46,Female,Bachelor,Employed,47406.56,Married,3,Urban,16725.64,483,20,Debit Card,No,No
1720,32,Female,Master,Employed,69194.92,Single,0,Suburban,31072.49,523,7,Credit Card,Yes,No
1721,44,Male,PhD,Employed,103527.77,Married,1,Urban,30242.15,572,21,Debit Card,Yes,No
1722,34,Male,Master,Unemployed,31679.57,Married,0,Rural,11101.34,407,11,Cash,Yes,No
1723,46,Male,Master,Self-Employed,67994.28,Married,2,Urban,16942.75,528,24,Credit Card,Yes,No
1724,45,Female,Bachelor,Unemployed,10341.28,Married,3,Suburban,3445.46,372,19,Debit Card,No,No
1725,26,Male,Bachelor,Employed,62543.15,Single,0,Rural,21982.95,521,3,Credit Card,Yes,No
1726,51,Female,High School,Employed,29826.05,Single,0,Urban,14326.39,468,29,Mobile Money,No,No
1727,31,Female,Diploma,Employed,39855.89,Single,0,Urban,14456.06,458,4,Credit Card,Yes,Yes
1728,47,Female,High School,Self-Employed,23453.39,Married,1,Urban,10683.39,433,23,Debit Card,Yes,Yes
1729,42,Female,High School,Student,5000.0,Married,0,Suburban,1000.0,409,16,Debit Card,Yes,No
1730,60,Male,Diploma,Unemployed,5000.0,Single,0,Rural,3394.22,450,38,Mobile Money,Yes,No
1731,35,Female,High School,Employed,16773.46,Single,0,Urban,7952.84,401,8,Debit Card,Yes,No
1732,33,Male,Master,Employed,59938.1,Married,2,Suburban,38537.92,468,7,Debit Card,No,No
1733,37,Male,Master,Employed,62575.22,Single,0,Suburban,22502.46,465,10,Debit Card,No,No
1734,34,Male,High School,Employed,23911.09,Single,0,Urban,9119.73,446,9,Credit Card,Yes,No
1735,47,Male,High School,Employed,23262.96,Married,2,Urban,4373.44,394,29,Credit Card,No,No
1736,18,Female,Master,Employed,78163.65,Single,0,Urban,25226.29,483,0,Cash,Yes,No
1737,25,Female,Master,Employed,62742.85,Married,1,Urban,27177.32,446,0,Debit Card,No,No
1738,25,Male,Master,Employed,81409.48,Married,0,Urban,22114.65,501,7,Debit Card,Yes,No
1739,49,Male,PhD,Employed,86128.19,Married,3,Urban,38654.3,568,22,Debit Card,No,No
1740,58,Female,PhD,Self-Employed,111513.59,Married,1,Suburban,33058.98,638,35,Credit Card,No,No
1741,36,Female,Diploma,Employed,43769.14,Single,0,Rural,12883.52,462,9,Debit Card,No,No
1742,35,Male,Diploma,Employed,32817.25,Married,0,Urban,16905.56,411,13,Debit Card,No,No
1743,38,Female,Bachelor,Self-Employed,63375.28,Married,0,Urban,23212.81,522,16,Cash,Yes,No
1744,51,Female,Diploma,Employed,35976.45,Married,2,Urban,10044.25,438,29,Cash,No,No
1745,26,Female,Master,Employed,72979.53,Married,0,Rural,21411.05,475,0,Credit Card,Yes,No
1746,40,Male,Bachelor,Unemployed,15469.24,Single,0,Rural,2500.97,408,14,Credit Card,No,No
1747,49,Female,Bachelor,Employed,49012.81,Married,5,Urban,17997.58,562,23,Credit Card,Yes,No
1748,44,Female,Diploma,Employed,40952.47,Single,0,Urban,15322.51,484,24,Cash,No,No
1749,40,Female,Bachelor,Employed,57716.93,Single,0,Rural,22537.29,447,17,Mobile Money,No,No
1750,50,Female,Bachelor,Employed,69800.36,Married,0,Suburban,34323.44,550,24,Debit Card,Yes,No
1751,18,Female,Master,Employed,70545.01,Single,0,Suburban,21988.02,474,0,Debit Card,No,No
1752,46,Male,Diploma,Employed,40080.07,Married,4,Suburban,8958.96,459,21,Debit Card,No,No
1753,30,Female,Master,Employed,73427.19,Married,1,Suburban,13454.02,490,6,Mobile Money,No,No
1754,18,Female,Master,Student,6404.78,Single,0,Urban,1032.91,354,0,Credit Card,Yes,No
1755,44,Female,Bachelor,Employed,41195.92,Single,0,Urban,13981.47,463,26,Debit Card,No,No
1756,54,Male,Bachelor,Self-Employed,63503.18,Married,2,Urban,19063.16,553,32,Mobile Money,No,No
1757,36,Male,Bachelor,Employed,63576.79,Married,0,Suburban,22093.3,459,14,Credit Card,Yes,No
1758,49,Female,High School,Employed,39868.41,Married,2,Rural,14266.82,441,26,Debit Card,No,No
1759,57,Female,High School,Employed,14964.92,Married,5,Urban,6851.19,449,35,Credit Card,Yes,No
1760,53,Male,Master,Self-Employed,89328.64,Married,4,Rural,20587.21,592,30,Debit Card,Yes,No
1761,57,Female,Bachelor,Self-Employed,48521.62,Married,5,Suburban,24622.29,537,38,Debit Card,No,No
1762,46,Male,High School,Employed,33673.44,Single,0,Urban,6496.02,433,24,Cash,Yes,No
1763,38,Female,Bachelor,Employed,58194.87,Married,0,Suburban,18808.45,466,17,Credit Card,Yes,No
1764,18,Female,Diploma,Student,5000.0,Single,0,Urban,4488.96,302,0,Credit Card,No,Yes
1765,35,Male,High School,Unemployed,17000.37,Married,1,Urban,7698.72,406,13,Debit Card,No,No
1766,27,Female,Bachelor,Employed,68950.69,Married,1,Urban,26550.08,457,2,Mobile Money,Yes,No
1767,64,Female,Diploma,Employed,39500.16,Married,4,Urban,14611.1,524,41,Mobile Money,No,No
1768,35,Male,High School,Unemployed,10128.0,Single,0,Suburban,3130.59,420,16,Cash,Yes,No
1769,39,Female,Diploma,Employed,51832.93,Married,1,Rural,27613.09,527,16,Debit Card,No,No
1770,44,Male,Bachelor,Self-Employed,56989.34,Single,0,Urban,19067.23,469,25,Debit Card,No,No
1771,38,Female,High School,Employed,21191.38,Married,3,Suburban,8249.66,438,16,Mobile Money,No,No
1772,58,Male,Diploma,Self-Employed,41284.93,Married,2,Suburban,21876.64,563,32,Debit Card,No,No
1773,30,Male,Diploma,Employed,40296.66,Single,0,Suburban,7298.16,429,3,Cash,No,No
1774,40,Male,High School,Employed,30275.33,Single,0,Urban,16496.23,456,15,Debit Card,Yes,No
1775,29,Male,High School,Employed,25573.68,Married,1,Urban,9896.28,390,6,Credit Card,Yes,No
1776,22,Female,High School,Unemployed,6596.16,Single,0,Urban,1516.27,328,0,Cash,Yes,No
1777,30,Male,High School,Self-Employed,31683.45,Single,0,Suburban,12192.32,414,11,Mobile Money,No,No
1778,37,Male,Master,Unemployed,17065.6,Married,0,Rural,4271.0,409,10,Credit Card,Yes,No
1779,32,Female,Diploma,Unemployed,5851.83,Single,0,Urban,1988.17,382,12,Debit Card,Yes,No
1780,29,Female,High School,Employed,23916.48,Single,0,Suburban,14186.68,416,4,Debit Card,Yes,No
1781,21,Female,High School,Employed,13992.45,Single,0,Urban,5396.42,403,0,Credit Card,Yes,No
1782,37,Female,Diploma,Self-Employed,46210.6,Single,0,Rural,21328.69,469,18,Debit Card,No,No
1783,19,Female,Bachelor,Unemployed,5000.0,Married,0,Suburban,3729.79,322,1,Credit Card,Yes,No
1784,47,Male,Diploma,Employed,46004.47,Married,0,Suburban,12824.63,489,22,Debit Card,Yes,No
1785,38,Male,High School,Employed,25520.66,Married,2,Suburban,8493.54,399,18,Cash,No,No
1786,20,Female,Diploma,Employed,39044.72,Single,0,Urban,15628.95,500,0,Cash,Yes,Yes
1787,34,Male,Bachelor,Employed,52014.32,Married,0,Urban,9227.27,440,9,Debit Card,Yes,Yes
1788,28,Male,High School,Self-Employed,34047.09,Single,0,Suburban,12099.19,463,3,Credit Card,No,No
1789,41,Male,Bachelor,Self-Employed,76107.0,Married,2,Suburban,38774.86,549,18,Credit Card,No,No
1790,54,Male,Diploma,Self-Employed,37188.03,Single,0,Urban,9613.8,477,34,Debit Card,Yes,No
1791,18,Female,High School,Unemployed,5000.0,Single,0,Rural,6863.23,391,0,Debit Card,Yes,No
1792,39,Female,Bachelor,Employed,55954.98,Single,0,Urban,17928.43,474,18,Debit Card,Yes,No
1793,36,Female,Bachelor,Employed,51032.96,Married,0,Urban,18487.53,451,18,Credit Card,No,No
1794,46,Female,Bachelor,Unemployed,19376.99,Single,0,Urban,8320.8,410,27,Mobile Money,No,No
1795,40,Male,Diploma,Employed,45732.62,Married,2,Rural,6772.24,504,22,Credit Card,Yes,No
1796,28,Male,Bachelor,Employed,46149.25,Single,0,Urban,22454.56,448,10,Debit Card,Yes,No
1797,34,Female,Diploma,Self-Employed,52827.11,Married,0,Rural,15651.55,517,16,Credit Card,No,No
1798,28,Male,Bachelor,Unemployed,8324.45,Married,0,Suburban,1000.0,376,2,Debit Card,No,No
1799,50,Male,Bachelor,Self-Employed,66596.6,Single,0,Urban,16961.16,582,23,Cash,No,No
1800,38,Female,High School,Self-Employed,26104.69,Single,0,Suburban,13691.79,423,19,Mobile Money,Yes,No
1801,60,Female,Bachelor,Employed,56057.15,Single,0,Rural,18320.98,555,35,Debit Card,No,No
1802,37,Male,Bachelor,Employed,54832.98,Married,2,Suburban,18003.09,467,14,Credit Card,Yes,No
1803,29,Female,Diploma,Unemployed,5000.0,Single,0,Urban,5285.28,349,10,Credit Card,Yes,No
1804,19,Female,Master,Self-Employed,73132.71,Single,0,Urban,32134.23,504,0,Credit Card,Yes,No
1805,18,Male,Master,Employed,76005.11,Single,0,Urban,24147.63,504,0,Credit Card,Yes,Yes
1806,18,Female,High School,Employed,26376.0,Single,0,Urban,7691.22,401,0,Credit Card,Yes,Yes
1807,41,Male,Master,Self-Employed,92096.25,Married,1,Urban,44177.14,550,16,Credit Card,No,No
1808,44,Female,Diploma,Employed,35652.85,Married,4,Suburban,14437.61,479,21,Mobile Money,Yes,No
1809,19,Female,Bachelor,Self-Employed,76417.44,Married,0,Urban,29334.18,491,0,Credit Card,Yes,Yes
1810,48,Female,Master,Employed,62412.88,Married,2,Urban,32029.14,507,22,Credit Card,Yes,No
1811,32,Male,Bachelor,Employed,66781.97,Single,0,Urban,34475.83,507,12,Credit Card,No,No
1812,39,Male,Diploma,Self-Employed,49394.97,Married,1,Rural,18443.18,468,19,Debit Card,No,No
1813,57,Male,Master,Employed,73198.37,Married,5,Suburban,19997.04,574,38,Cash,No,No
1814,48,Female,High School,Employed,21967.8,Married,1,Rural,12685.89,411,29,Credit Card,No,No
1815,34,Male,Diploma,Unemployed,17833.72,Married,0,Urban,9171.87,393,9,Credit Card,Yes,No
1816,27,Male,Diploma,Self-Employed,54111.43,Single,0,Urban,5978.49,474,1,Debit Card,Yes,No
1817,18,Male,Master,Employed,67404.52,Single,0,Rural,7774.36,430,0,Credit Card,No,No
1818,29,Male,Master,Employed,52928.04,Married,0,Suburban,17031.34,467,2,Cash,Yes,No
1819,35,Male,High School,Employed,21093.37,Single,0,Urban,11471.28,369,12,Mobile Money,Yes,No
1820,26,Female,Master,Employed,61092.15,Married,1,Suburban,19442.26,490,0,Cash,No,No
1821,36,Male,Diploma,Employed,43594.82,Single,0,Urban,13847.65,477,14,Credit Card,Yes,No
1822,38,Male,PhD,Employed,86279.74,Married,0,Urban,40030.07,490,18,Credit Card,No,No
1823,35,Female,Bachelor,Employed,51435.12,Married,1,Rural,15365.77,462,16,Debit Card,Yes,No
1824,30,Female,High School,Employed,25469.5,Married,1,Rural,11147.51,385,12,Debit Card,No,No
1825,40,Male,High School,Employed,41754.32,Married,2,Urban,18517.02,491,19,Debit Card,No,No
1826,43,Male,High School,Employed,30362.82,Single,0,Suburban,9904.3,393,24,Mobile Money,Yes,No
1827,24,Female,High School,Student,7581.92,Single,0,Suburban,1000.0,305,4,Debit Card,Yes,Yes
1828,54,Male,Bachelor,Student,6044.88,Married,2,Suburban,3766.18,458,29,Credit Card,Yes,No
1829,36,Female,High School,Employed,29762.89,Married,0,Urban,11892.13,442,17,Cash,No,No
1830,38,Male,PhD,Self-Employed,100194.49,Single,0,Suburban,36535.79,603,13,Credit Card,Yes,No
1831,46,Male,Bachelor,Self-Employed,68749.8,Married,3,Suburban,31686.36,538,28,Debit Card,No,No
1832,40,Male,Bachelor,Employed,45827.57,Single,0,Urban,15430.01,511,22,Credit Card,Yes,No
1833,49,Female,High School,Employed,35953.76,Single,0,Suburban,11066.71,425,29,Mobile Money,No,No
1834,41,Female,Master,Employed,64120.38,Married,3,Suburban,25635.98,466,16,Credit Card,No,No
1835,30,Male,Bachelor,Employed,62587.14,Married,0,Urban,15673.55,500,8,Credit Card,No,No
1836,42,Female,Master,Employed,85258.35,Married,1,Urban,18687.13,540,22,Credit Card,Yes,No
1837,24,Male,PhD,Student,18008.81,Single,0,Suburban,8070.81,395,6,Debit Card,Yes,No
1838,39,Male,High School,Self-Employed,46492.92,Married,1,Urban,12608.57,483,14,Credit Card,Yes,No
1839,37,Female,High School,Unemployed,15011.59,Single,0,Rural,4354.02,447,16,Debit Card,Yes,No
1840,35,Male,Master,Unemployed,9537.74,Single,0,Urban,5491.88,407,15,Cash,No,No
1841,36,Female,Master,Unemployed,21887.42,Married,2,Suburban,12680.51,414,14,Cash,Yes,No
1842,18,Female,Bachelor,Employed,59009.59,Single,0,Rural,27207.32,478,0,Mobile Money,No,No
1843,31,Female,Diploma,Employed,44781.72,Married,1,Rural,11603.96,422,5,Credit Card,No,No
1844,39,Female,Bachelor,Employed,56425.65,Single,0,Urban,16098.46,427,12,Cash,Yes,Yes
1845,39,Male,Diploma,Self-Employed,49322.49,Single,0,Urban,25652.78,476,15,Cash,Yes,No
1846,25,Male,High School,Employed,30040.7,Married,0,Suburban,15613.19,475,2,Credit Card,No,Yes
1847,53,Male,Diploma,Unemployed,13065.41,Married,5,Urban,6348.24,452,34,Cash,No,No
1848,27,Male,High School,Student,5000.0,Single,0,Urban,1000.0,320,0,Debit Card,Yes,No
1849,49,Female,Diploma,Employed,38110.31,Married,4,Rural,10330.15,477,24,Credit Card,No,No
1850,43,Male,PhD,Employed,78376.15,Married,1,Urban,12021.27,610,19,Mobile Money,Yes,No
1851,30,Female,Master,Unemployed,17018.98,Married,2,Suburban,4263.67,391,10,Debit Card,Yes,Yes
1852,59,Male,Master,Employed,65273.56,Married,2,Suburban,23854.97,541,41,Credit Card,Yes,No
1853,23,Female,Master,Employed,64762.7,Single,0,Urban,22827.5,444,0,Credit Card,Yes,No
1854,49,Female,Diploma,Unemployed,5000.0,Married,2,Rural,3567.48,400,22,Debit Card,Yes,No
1855,50,Female,Master,Self-Employed,86154.22,Single,0,Urban,28378.21,531,32,Credit Card,No,No
1856,29,Male,Master,Employed,67455.44,Single,0,Urban,23554.79,477,6,Credit Card,No,No
1857,54,Female,Master,Unemployed,17636.59,Married,2,Urban,6274.39,506,33,Mobile Money,Yes,No
1858,34,Male,Bachelor,Employed,43739.41,Single,0,Suburban,11688.69,415,11,Cash,No,No
1859,41,Male,High School,Self-Employed,33617.11,Married,2,Urban,11485.8,463,19,Debit Card,Yes,No
1860,41,Male,High School,Self-Employed,45164.26,Married,2,Rural,6694.45,532,14,Credit Card,Yes,No
1861,36,Female,High School,Employed,39286.45,Married,0,Suburban,5132.73,461,10,Debit Card,Yes,No
1862,47,Male,PhD,Employed,92988.1,Married,2,Suburban,42616.62,615,28,Credit Card,No,No
1863,47,Female,Diploma,Student,5638.77,Married,2,Urban,1963.12,382,21,Credit Card,No,No
1864,18,Female,Master,Employed,74471.86,Single,0,Suburban,22265.44,458,0,Credit Card,Yes,No
1865,53,Male,Diploma,Employed,34661.17,Married,2,Suburban,14321.45,478,29,Credit Card,No,No
1866,18,Male,Bachelor,Employed,52605.98,Married,0,Urban,15124.74,418,0,Cash,Yes,No
1867,50,Female,High School,Employed,24059.82,Married,5,Suburban,8243.8,430,30,Debit Card,Yes,No
1868,51,Male,High School,Unemployed,16266.93,Married,5,Rural,6275.98,444,31,Debit Card,No,No
1869,24,Female,Diploma,Employed,46240.05,Single,0,Urban,10788.43,480,2,Credit Card,Yes,No
1870,33,Male,Bachelor,Self-Employed,65722.54,Single,0,Suburban,21335.92,493,14,Cash,No,No
1871,24,Female,High School,Employed,43850.02,Single,0,Rural,5687.05,457,6,Credit Card,No,Yes
1872,35,Male,Bachelor,Unemployed,19800.12,Married,0,Urban,7576.81,466,11,Mobile Money,No,No
1873,34,Male,Diploma,Employed,42849.82,Married,1,Urban,19097.35,386,7,Cash,No,No
1874,47,Female,Master,Employed,71992.96,Married,3,Suburban,14415.26,552,21,Credit Card,Yes,No
1875,53,Male,High School,Student,5000.0,Married,5,Rural,1000.0,363,27,Mobile Money,Yes,No
1876,54,Male,Bachelor,Employed,47845.76,Married,3,Rural,9283.05,487,34,Credit Card,No,No
1877,31,Male,Diploma,Employed,39562.9,Single,0,Urban,10344.19,475,11,Credit Card,Yes,No
1878,35,Male,Bachelor,Student,10628.93,Married,2,Rural,2179.06,432,12,Credit Card,No,No
1879,18,Female,Diploma,Self-Employed,52718.1,Single,0,Suburban,13981.63,421,0,Mobile Money,Yes,No
1880,28,Female,Bachelor,Self-Employed,60657.06,Married,1,Urban,18344.55,452,7,Credit Card,No,No
1881,49,Female,Master,Employed,70565.49,Married,5,Rural,27726.82,544,28,Debit Card,Yes,No
1882,57,Female,High School,Employed,30708.48,Married,2,Rural,10593.43,533,38,Mobile Money,No,No
1883,23,Male,High School,Employed,31025.56,Single,0,Suburban,9912.96,422,2,Mobile Money,Yes,No
1884,30,Male,Bachelor,Student,11131.32,Married,0,Urban,2801.37,419,8,Mobile Money,Yes,No
1885,37,Female,Bachelor,Student,5000.0,Single,0,Urban,2557.01,396,16,Mobile Money,Yes,No
1886,41,Female,Diploma,Employed,21910.25,Married,1,Urban,6425.07,377,17,Credit Card,Yes,No
1887,28,Male,Diploma,Employed,32465.89,Married,0,Suburban,12341.52,443,5,Debit Card,No,No
1888,43,Male,High School,Employed,25751.02,Married,2,Rural,5062.21,417,21,Cash,Yes,No
1889,32,Female,High School,Employed,20572.39,Married,1,Urban,2326.59,396,11,Debit Card,Yes,No
1890,37,Female,Diploma,Employed,39554.61,Married,2,Rural,9493.47,406,17,Debit Card,Yes,No
1891,44,Female,Master,Self-Employed,92720.86,Married,5,Urban,25037.57,551,18,Mobile Money,Yes,No
1892,38,Male,Diploma,Unemployed,17808.27,Single,0,Urban,2777.72,407,12,Credit Card,No,No
1893,32,Female,Bachelor,Self-Employed,69730.67,Single,0,Urban,15591.22,460,5,Credit Card,Yes,No
1894,36,Male,Master,Self-Employed,91882.49,Married,2,Urban,37516.24,504,18,Mobile Money,Yes,No
1895,36,Male,Diploma,Self-Employed,40603.02,Single,0,Suburban,19029.54,484,16,Debit Card,No,No
1896,33,Female,Bachelor,Self-Employed,62345.63,Married,0,Urban,18289.75,479,9,Debit Card,Yes,No
1897,34,Male,Master,Employed,74918.77,Married,0,Suburban,34910.12,513,7,Credit Card,Yes,Yes
1898,57,Male,High School,Employed,26203.76,Married,5,Suburban,7919.25,467,36,Cash,No,No
1899,44,Female,Diploma,Employed,36641.39,Married,3,Rural,8082.9,435,18,Credit Card,No,No
1900,34,Female,PhD,Self-Employed,122899.35,Married,2,Urban,44083.57,663,16,Debit Card,No,No
1901,46,Female,PhD,Student,18763.54,Married,2,Suburban,10403.73,456,24,Debit Card,No,No
1902,33,Male,High School,Employed,44109.01,Married,0,Urban,15175.75,487,11,Mobile Money,No,No
1903,52,Male,High School,Student,5000.0,Married,4,Urban,5767.71,440,27,Credit Card,No,No
1904,42,Female,Diploma,Employed,34953.07,Married,3,Urban,13859.95,486,16,Credit Card,No,No
1905,36,Female,Diploma,Self-Employed,51270.53,Married,0,Urban,24892.25,503,13,Debit Card,Yes,No
1906,43,Female,Diploma,Unemployed,12749.86,Married,4,Urban,4603.65,408,23,Debit Card,No,No
1907,19,Male,Bachelor,Self-Employed,49555.63,Single,0,Urban,16636.28,423,0,Debit Card,No,No
1908,24,Male,Master,Student,12163.37,Single,0,Urban,4730.5,341,0,Credit Card,No,No
1909,23,Female,Diploma,Employed,59784.14,Single,0,Suburban,23683.65,446,0,Credit Card,Yes,Yes
1910,39,Female,Master,Employed,71975.3,Married,1,Suburban,31304.96,549,13,Credit Card,No,No
1911,58,Male,High School,Employed,34835.49,Single,0,Urban,20356.06,455,39,Debit Card,No,No
1912,64,Male,High School,Employed,24848.45,Married,5,Urban,6705.05,501,40,Credit Card,No,No
1913,45,Male,Bachelor,Student,12946.27,Married,4,Urban,5679.55,419,24,Credit Card,No,No
1914,44,Male,High School,Employed,29901.37,Married,2,Urban,7392.43,449,18,Credit Card,No,No
1915,18,Male,Diploma,Self-Employed,56950.52,Single,0,Rural,12224.19,444,0,Mobile Money,No,No
1916,31,Male,Master,Self-Employed,92696.01,Single,0,Suburban,21372.78,481,5,Debit Card,No,No
1917,28,Female,High School,Employed,33260.13,Married,0,Urban,12733.0,397,5,Credit Card,Yes,No
1918,30,Male,Bachelor,Employed,55567.73,Single,0,Urban,16731.97,464,6,Credit Card,Yes,Yes
1919,35,Female,Diploma,Employed,26567.14,Married,1,Urban,14366.66,419,14,Debit Card,Yes,No
1920,32,Male,High School,Employed,16288.36,Married,1,Urban,7516.18,412,9,Debit Card,Yes,No
1921,18,Female,Bachelor,Employed,55655.29,Single,0,Suburban,14338.68,462,0,Credit Card,Yes,No
1922,46,Male,Master,Employed,76997.07,Married,1,Suburban,27258.96,505,26,Debit Card,No,No
1923,25,Female,Diploma,Employed,50653.97,Single,0,Suburban,19238.28,408,7,Credit Card,Yes,No
1924,40,Female,Bachelor,Self-Employed,58882.09,Single,0,Rural,11770.56,520,22,Credit Card,No,No
1925,62,Female,Master,Self-Employed,71926.09,Single,0,Urban,14649.38,545,42,Cash,No,No
1926,26,Female,Bachelor,Self-Employed,73463.67,Single,0,Urban,15837.5,534,2,Credit Card,Yes,No
1927,18,Male,High School,Employed,23482.47,Single,0,Rural,10817.67,377,0,Credit Card,No,Yes
1928,34,Female,Bachelor,Student,5000.0,Single,0,Urban,7355.71,409,12,Credit Card,Yes,Yes
1929,51,Female,Bachelor,Unemployed,12550.57,Married,2,Suburban,1000.0,416,31,Mobile Money,Yes,No
1930,61,Female,Bachelor,Student,6911.21,Married,1,Rural,4252.5,432,41,Credit Card,No,No
1931,23,Male,Diploma,Employed,50561.37,Single,0,Rural,8450.22,471,0,Cash,No,No
1932,43,Female,High School,Unemployed,15925.07,Married,1,Suburban,2283.25,380,21,Mobile Money,Yes,No
1933,32,Male,Bachelor,Self-Employed,60100.9,Married,0,Rural,37604.02,464,6,Credit Card,No,No
1934,36,Male,Diploma,Employed,51183.63,Married,0,Suburban,9197.83,531,9,Cash,Yes,No
1935,69,Male,Bachelor,Employed,56000.21,Single,0,Urban,26993.73,537,44,Credit Card,Yes,Yes
1936,19,Male,Master,Self-Employed,92486.69,Single,0,Rural,44149.84,518,1,Debit Card,No,No
1937,41,Female,Master,Employed,80617.43,Married,1,Rural,27730.98,543,18,Credit Card,Yes,No
1938,43,Female,Diploma,Employed,37899.26,Married,1,Suburban,14227.41,481,20,Debit Card,No,No
1939,51,Female,Diploma,Employed,44570.56,Married,5,Urban,9536.05,512,29,Cash,Yes,No
1940,39,Female,Bachelor,Self-Employed,62745.93,Married,0,Rural,28347.99,492,18,Mobile Money,Yes,No
1941,41,Female,Bachelor,Student,18440.82,Single,0,Urban,1052.6,431,21,Credit Card,No,No
1942,33,Female,PhD,Employed,90722.2,Single,0,Suburban,24943.95,524,12,Cash,No,No
1943,41,Male,Bachelor,Self-Employed,73682.58,Married,0,Urban,33214.06,539,18,Debit Card,Yes,No
1944,33,Female,Diploma,Employed,52198.05,Married,1,Urban,16988.19,453,12,Debit Card,Yes,No
1945,45,Female,Bachelor,Self-Employed,70377.85,Married,4,Urban,23139.28,570,25,Cash,No,No
1946,33,Female,Bachelor,Employed,54252.32,Married,1,Suburban,9253.83,532,10,Cash,No,No
1947,42,Female,Bachelor,Unemployed,15885.38,Married,3,Rural,5600.16,360,15,Credit Card,No,No
1948,37,Female,Bachelor,Employed,31343.75,Married,0,Urban,10318.98,492,17,Cash,No,No
1949,51,Male,High School,Employed,24297.65,Married,3,Suburban,11873.08,444,31,Debit Card,Yes,No
1950,37,Male,High School,Employed,37460.59,Married,0,Rural,18703.68,479,17,Credit Card,No,No
1951,18,Female,Diploma,Unemployed,19759.05,Married,1,Rural,3313.64,403,0,Cash,Yes,No
1952,53,Female,Diploma,Student,5000.0,Married,1,Suburban,7136.99,365,30,Cash,No,No
1953,27,Female,High School,Employed,31316.6,Married,1,Rural,5180.13,408,8,Credit Card,Yes,No
1954,30,Male,Master,Employed,68485.87,Single,0,Rural,29952.86,453,3,Mobile Money,Yes,Yes
1955,30,Male,Diploma,Self-Employed,53516.82,Married,0,Suburban,21522.97,424,10,Credit Card,No,No
1956,54,Female,Master,Unemployed,38668.92,Married,1,Rural,8399.59,528,32,Credit Card,Yes,No
1957,18,Male,High School,Employed,35667.75,Single,0,Urban,10574.74,432,0,Debit Card,No,No
1958,70,Female,High School,Employed,24638.58,Single,0,Suburban,11302.7,438,50,Debit Card,Yes,No
1959,50,Male,Diploma,Employed,39372.64,Married,4,Urban,10554.75,434,28,Cash,No,No
1960,40,Male,High School,Employed,41215.43,Married,2,Rural,10200.95,492,22,Credit Card,No,No
1961,37,Female,Master,Employed,58730.58,Married,2,Urban,18443.45,521,14,Debit Card,No,No
1962,41,Male,High School,Employed,25079.54,Married,4,Urban,10029.16,444,14,Credit Card,No,No
1963,44,Female,Diploma,Employed,45679.71,Married,1,Urban,18809.1,480,24,Cash,No,No
1964,45,Female,Master,Self-Employed,94354.65,Married,2,Urban,20056.89,556,20,Debit Card,No,No
1965,44,Male,Diploma,Student,12871.74,Married,2,Rural,5836.47,406,17,Debit Card,Yes,No
1966,39,Female,High School,Student,5000.0,Single,0,Rural,1000.0,400,20,Debit Card,No,No
1967,35,Female,Diploma,Self-Employed,52292.28,Married,0,Rural,17977.32,471,17,Credit Card,No,No
1968,36,Male,Diploma,Unemployed,15314.34,Single,0,Urban,6800.07,403,10,Mobile Money,No,No
1969,35,Male,High School,Employed,32806.57,Single,0,Urban,13847.11,504,17,Credit Card,No,No
1970,51,Male,Diploma,Self-Employed,47223.41,Married,1,Urban,16473.2,485,28,Credit Card,Yes,No
1971,45,Female,Master,Employed,70423.95,Married,2,Suburban,18621.96,491,25,Credit Card,No,No
1972,18,Female,Master,Self-Employed,76740.0,Single,0,Urban,27968.13,494,0,Debit Card,Yes,No
1973,45,Female,High School,Student,25841.63,Married,3,Rural,5706.87,440,19,Debit Card,No,No
1974,40,Female,High School,Unemployed,10256.0,Single,0,Rural,7246.23,388,18,Credit Card,No,No
1975,37,Female,Diploma,Employed,44388.1,Single,0,Urban,2657.63,448,14,Credit Card,Yes,No
1976,33,Female,Bachelor,Self-Employed,64256.71,Single,0,Suburban,18351.41,461,14,Credit Card,Yes,No
1977,51,Female,Diploma,Student,14762.48,Married,2,Urban,5726.65,436,27,Mobile Money,Yes,No
1978,49,Male,Master,Employed,59612.54,Married,3,Urban,20362.95,553,27,Credit Card,No,No
1979,28,Female,Bachelor,Self-Employed,52035.16,Single,0,Suburban,23207.71,466,4,Cash,No,No
1980,42,Female,High School,Employed,29756.23,Married,2,Rural,10617.82,430,24,Credit Card,No,No
1981,26,Female,Bachelor,Unemployed,32932.44,Married,1,Rural,9192.23,401,0,Credit Card,Yes,No
1982,21,Female,High School,Employed,39666.57,Single,0,Urban,11313.96,419,0,Credit Card,Yes,No
1983,30,Male,Diploma,Employed,33532.43,Married,2,Urban,18082.09,444,10,Credit Card,Yes,No
1984,48,Female,High School,Self-Employed,40128.7,Married,2,Suburban,14823.49,486,24,Credit Card,Yes,No
1985,49,Male,High School,Employed,24912.08,Married,0,Urban,10175.45,454,28,Mobile Money,No,No
1986,44,Female,Bachelor,Employed,58411.33,Married,2,Urban,9879.45,469,19,Credit Card,No,No
1987,46,Male,Bachelor,Employed,59035.15,Single,0,Suburban,28914.21,553,20,Debit Card,Yes,No
1988,44,Female,High School,Unemployed,16411.83,Single,0,Suburban,3218.16,414,18,Credit Card,No,No
1989,30,Female,PhD,Employed,77474.69,Single,0,Suburban,37137.7,572,11,Mobile Money,No,No
1990,43,Female,Diploma,Unemployed,5000.0,Single,0,Rural,1000.0,413,17,Cash,Yes,No
1991,47,Male,High School,Unemployed,8395.44,Married,3,Urban,1000.0,348,24,Credit Card,Yes,No
1992,47,Female,High School,Employed,21740.61,Single,0,Suburban,10734.65,390,26,Credit Card,No,No
1993,52,Female,Bachelor,Self-Employed,57122.22,Married,1,Urban,21867.01,532,34,Credit Card,No,No
1994,46,Female,PhD,Employed,92174.86,Married,5,Rural,25321.95,550,26,Mobile Money,Yes,No
1995,42,Male,Bachelor,Employed,47671.72,Married,2,Rural,11814.91,467,15,Mobile Money,No,No
1996,50,Female,Master,Employed,88061.26,Married,3,Rural,39445.1,563,25,Credit Card,No,No
1997,37,Male,Diploma,Employed,35734.67,Married,1,Suburban,10011.81,351,15,Credit Card,No,No
1998,27,Female,Diploma,Employed,37838.14,Single,0,Suburban,12456.31,435,8,Cash,Yes,No
1999,36,Male,Bachelor,Employed,57380.32,Married,1,Urban,24087.11,496,11,Credit Card,No,No
2000,29,Female,Bachelor,Self-Employed,53936.36,Single,0,Urban,18127.6,530,10,Debit Card,No,No
2001,29,Female,Diploma,Employed,44068.04,Married,0,Urban,16461.48,434,7,Mobile Money,Yes,No
2002,36,Male,Master,Student,16731.74,Married,2,Urban,5323.59,400,16,Credit Card,Yes,No
2003,28,Female,High School,Employed,27205.56,Married,0,Suburban,8866.42,400,10,Debit Card,Yes,No
2004,34,Female,Diploma,Employed,42191.42,Single,0,Urban,7080.84,530,8,Credit Card,Yes,No
2005,18,Male,Bachelor,Employed,58426.26,Single,0,Urban,31000.12,459,0,Cash,Yes,Yes
2006,40,Female,Bachelor,Employed,66481.53,Single,0,Urban,18114.48,498,15,Cash,No,No
2007,38,Male,Diploma,Self-Employed,68002.09,Married,2,Suburban,17142.39,512,13,Credit Card,Yes,No
2008,28,Male,Diploma,Employed,31507.99,Married,1,Suburban,9148.23,410,8,Mobile Money,Yes,No
2009,45,Male,Diploma,Employed,29621.22,Married,5,Urban,12196.51,440,18,Credit Card,Yes,No
2010,49,Female,Bachelor,Employed,55822.0,Married,2,Urban,14905.95,489,26,Debit Card,No,No
2011,18,Male,Bachelor,Employed,38368.65,Single,0,Suburban,8579.63,437,0,Debit Card,No,No
2012,28,Female,Bachelor,Employed,60195.32,Married,0,Urban,19952.41,463,7,Credit Card,Yes,No
2013,28,Female,Diploma,Employed,40904.65,Married,1,Rural,16210.82,427,10,Debit Card,No,No
2014,26,Male,PhD,Employed,92938.29,Married,0,Suburban,42533.95,538,0,Debit Card,No,Yes
2015,47,Female,Master,Employed,67571.42,Married,4,Urban,20968.71,531,22,Cash,Yes,No
2016,35,Male,Diploma,Employed,42040.13,Single,0,Rural,13087.63,492,9,Debit Card,Yes,No
2017,34,Female,High School,Self-Employed,39777.92,Married,2,Urban,18797.22,437,14,Cash,Yes,No
2018,18,Male,Diploma,Employed,41600.19,Single,0,Suburban,15464.86,419,0,Mobile Money,Yes,No
2019,45,Male,Diploma,Employed,29239.21,Married,4,Suburban,10698.06,428,22,Cash,Yes,No
2020,23,Female,Master,Employed,71376.05,Single,0,Urban,15958.83,493,5,Debit Card,Yes,No
2021,38,Female,Bachelor,Employed,69831.72,Married,1,Suburban,8238.43,519,18,Mobile Money,Yes,No
2022,41,Male,Master,Employed,71927.14,Married,1,Suburban,18659.1,518,16,Credit Card,No,No
2023,54,Female,Diploma,Employed,41096.44,Married,1,Rural,15727.06,478,28,Debit Card,Yes,No
2024,22,Male,Bachelor,Employed,67480.3,Married,0,Suburban,18795.44,404,0,Credit Card,Yes,No
2025,18,Female,Diploma,Employed,34035.08,Single,0,Urban,19439.51,369,0,Credit Card,No,No
2026,40,Female,High School,Unemployed,16117.42,Married,0,Rural,1000.0,383,17,Debit Card,No,No
2027,59,Male,Bachelor,Unemployed,12258.74,Married,5,Urban,2080.74,466,33,Debit Card,No,No
2028,52,Male,High School,Employed,38692.67,Married,1,Rural,9464.63,464,26,Credit Card,Yes,No
2029,40,Male,Bachelor,Employed,61384.39,Married,1,Rural,19338.49,547,20,Debit Card,Yes,No
2030,32,Male,Bachelor,Self-Employed,62701.77,Single,0,Suburban,32872.1,489,9,Debit Card,Yes,No
2031,47,Male,Master,Unemployed,18872.31,Married,0,Urban,13657.07,443,23,Mobile Money,No,No
2032,26,Female,High School,Student,13822.49,Single,0,Suburban,3814.08,391,0,Debit Card,Yes,No
2033,43,Female,Bachelor,Employed,40156.39,Married,3,Rural,18082.66,430,21,Credit Card,No,No
2034,44,Male,PhD,Employed,86464.57,Married,1,Suburban,38839.8,570,18,Debit Card,No,No
2035,50,Female,Master,Self-Employed,88963.34,Married,2,Rural,22830.89,534,25,Mobile Money,Yes,No
2036,70,Female,Bachelor,Unemployed,14035.15,Married,2,Urban,9500.3,496,44,Credit Card,Yes,No
2037,42,Female,Bachelor,Employed,56078.91,Married,1,Urban,11277.3,474,15,Debit Card,No,No
2038,31,Female,Diploma,Self-Employed,31670.79,Married,0,Urban,8309.88,444,10,Credit Card,Yes,No
2039,37,Female,Bachelor,Employed,48164.18,Married,4,Urban,14930.67,449,16,Debit Card,No,No
2040,18,Male,Bachelor,Employed,60435.62,Single,0,Urban,24714.43,464,0,Debit Card,Yes,No
2041,29,Male,Bachelor,Employed,48991.94,Married,0,Rural,7666.61,437,11,Mobile Money,Yes,No
2042,33,Male,Bachelor,Employed,44580.32,Single,0,Urban,19215.31,485,14,Credit Card,Yes,No
2043,31,Male,Diploma,Self-Employed,56492.87,Married,0,Suburban,19621.58,473,4,Credit Card,No,No
2044,39,Male,High School,Self-Employed,40125.47,Single,0,Urban,21953.97,471,19,Mobile Money,Yes,No
2045,28,Female,Bachelor,Unemployed,7791.73,Married,1,Rural,7628.15,354,2,Debit Card,Yes,Yes
2046,51,Male,Diploma,Employed,41108.03,Married,1,Suburban,10771.61,473,30,Credit Card,Yes,No
2047,38,Female,Diploma,Employed,31552.42,Married,2,Urban,12156.77,438,15,Credit Card,Yes,No
2048,37,Male,High School,Employed,28780.33,Single,0,Suburban,13764.16,436,16,Credit Card,Yes,No
2049,34,Female,Diploma,Employed,41407.91,Single,0,Suburban,10504.88,413,10,Debit Card,Yes,No
2050,39,Female,Master,Self-Employed,77532.03,Married,1,Urban,41890.55,567,18,Debit Card,Yes,No
2051,47,Male,Bachelor,Employed,60938.66,Single,0,Suburban,15173.3,527,29,Credit Card,No,No
2052,27,Male,High School,Employed,37178.81,Single,0,Urban,10830.12,384,6,Credit Card,No,No
2053,30,Female,Diploma,Employed,42108.52,Married,1,Urban,18820.06,430,5,Credit Card,Yes,No
2054,34,Male,Diploma,Employed,43311.86,Married,0,Urban,15309.35,381,15,Cash,No,No
2055,21,Male,Diploma,Self-Employed,36377.37,Single,0,Rural,15686.1,383,0,Cash,Yes,No
2056,28,Male,Diploma,Employed,50897.5,Single,0,Rural,20936.25,487,7,Debit Card,Yes,No
2057,32,Female,Master,Unemployed,20269.4,Married,1,Rural,4067.71,408,14,Cash,Yes,No
2058,48,Female,High School,Self-Employed,28517.95,Married,2,Urban,8015.68,417,29,Debit Card,No,No
2059,41,Female,Bachelor,Employed,56166.69,Married,0,Rural,28929.24,504,17,Debit Card,Yes,No
2060,40,Female,Master,Employed,75963.76,Married,0,Suburban,31095.76,509,20,Debit Card,Yes,No
2061,48,Female,PhD,Self-Employed,112098.8,Married,3,Urban,23384.85,577,26,Cash,No,No
2062,36,Female,High School,Employed,21322.48,Married,1,Urban,4659.2,429,17,Debit Card,No,No
2063,42,Female,Bachelor,Self-Employed,72061.1,Married,0,Suburban,31097.49,503,19,Mobile Money,No,No
2064,36,Male,High School,Employed,29514.73,Single,0,Urban,6212.21,413,15,Debit Card,No,No
2065,41,Male,Diploma,Employed,44009.63,Married,2,Suburban,18417.0,460,15,Credit Card,No,No
2066,31,Female,High School,Student,5000.0,Married,0,Suburban,5784.75,392,11,Credit Card,No,No
2067,18,Female,Master,Employed,78367.29,Single,0,Suburban,22335.35,517,0,Debit Card,No,No
2068,36,Male,High School,Employed,31461.72,Married,0,Rural,10468.84,428,10,Debit Card,Yes,No
2069,55,Male,Bachelor,Employed,64510.59,Married,5,Urban,32389.72,531,28,Debit Card,No,No
2070,49,Female,Bachelor,Employed,42721.06,Married,0,Urban,22565.22,487,31,Credit Card,No,No
2071,49,Female,PhD,Employed,78788.65,Married,1,Suburban,21977.03,523,25,Mobile Money,No,No
2072,52,Male,Bachelor,Employed,53079.78,Married,4,Suburban,23199.36,509,33,Credit Card,Yes,No
2073,39,Female,Diploma,Employed,51741.0,Married,2,Suburban,12257.04,476,20,Mobile Money,No,No
2074,40,Female,High School,Student,21702.49,Married,1,Urban,7732.36,389,18,Cash,Yes,No
2075,30,Female,High School,Employed,22892.59,Single,0,Urban,6128.63,396,3,Credit Card,Yes,No
2076,34,Male,Bachelor,Employed,55424.38,Married,0,Suburban,15471.45,505,9,Debit Card,No,Yes
2077,45,Male,Bachelor,Employed,56241.22,Married,4,Urban,15286.51,470,19,Debit Card,Yes,No
2078,52,Male,Bachelor,Employed,60745.26,Married,3,Suburban,25351.56,547,33,Debit Card,Yes,No
2079,36,Male,High School,Employed,37079.7,Single,0,Urban,17302.44,418,11,Debit Card,Yes,No
2080,32,Female,Bachelor,Employed,46084.81,Married,0,Suburban,17615.8,449,7,Cash,Yes,Yes
2081,38,Male,Bachelor,Student,11516.75,Single,0,Urban,8666.27,410,11,Debit Card,Yes,No
2082,45,Female,PhD,Employed,73931.86,Married,4,Urban,18637.76,511,25,Debit Card,No,No
2083,20,Male,Bachelor,Employed,61486.33,Single,0,Suburban,20774.59,450,0,Debit Card,Yes,Yes
2084,18,Male,Diploma,Self-Employed,45291.04,Single,0,Suburban,12607.99,444,0,Debit Card,No,Yes
2085,31,Female,Diploma,Employed,30356.94,Married,0,Urban,14137.86,434,13,Credit Card,Yes,No
2086,23,Female,High School,Self-Employed,38660.37,Single,0,Urban,16732.93,441,0,Debit Card,Yes,No
2087,31,Male,Bachelor,Employed,52041.05,Single,0,Suburban,13810.21,481,7,Credit Card,No,No
2088,36,Female,Bachelor,Self-Employed,76091.69,Married,1,Suburban,32407.73,541,11,Cash,Yes,No
2089,32,Female,High School,Self-Employed,28859.34,Single,0,Suburban,10782.21,429,7,Credit Card,No,No
2090,55,Female,High School,Unemployed,26783.64,Married,3,Urban,11977.43,462,37,Credit Card,No,No
2091,41,Female,High School,Employed,36836.44,Married,2,Urban,11598.04,510,23,Debit Card,No,No
2092,41,Male,Master,Unemployed,31301.56,Married,2,Urban,13030.26,487,14,Debit Card,Yes,No
2093,45,Female,High School,Employed,21769.31,Married,3,Urban,6311.16,503,27,Cash,No,No
2094,24,Female,Diploma,Self-Employed,62307.68,Single,0,Urban,31005.52,468,1,Debit Card,Yes,No
2095,50,Male,Diploma,Employed,30299.62,Married,1,Rural,6657.87,456,27,Credit Card,Yes,No
2096,37,Male,Diploma,Employed,38321.51,Married,1,Urban,10690.4,407,13,Debit Card,Yes,No
2097,46,Female,Bachelor,Employed,65437.25,Married,3,Urban,32266.83,469,26,Credit Card,No,No
2098,25,Male,Master,Employed,74054.15,Married,1,Urban,35608.0,487,3,Debit Card,Yes,No
2099,19,Male,High School,Employed,20086.7,Single,0,Rural,6104.75,426,0,Debit Card,No,No
2100,47,Female,Bachelor,Self-Employed,75083.28,Single,0,Rural,24803.95,573,23,Credit Card,No,No
2101,42,Male,Diploma,Employed,42719.64,Married,1,Suburban,10876.87,459,23,Credit Card,Yes,No
2102,27,Male,PhD,Self-Employed,104670.4,Single,0,Urban,30669.12,576,8,Credit Card,Yes,No
2103,27,Female,Diploma,Employed,27663.93,Single,0,Urban,6027.58,378,1,Debit Card,Yes,No
2104,51,Female,High School,Employed,33478.0,Married,3,Urban,13336.42,487,31,Credit Card,Yes,No
2105,23,Male,Bachelor,Employed,53692.58,Single,0,Urban,17501.87,456,0,Debit Card,No,No
2106,57,Female,High School,Employed,31250.47,Married,3,Suburban,11683.06,515,33,Credit Card,No,No
2107,27,Female,High School,Employed,17318.39,Married,0,Rural,7813.45,390,5,Credit Card,No,No
2108,45,Female,Bachelor,Student,7650.74,Married,5,Urban,1445.42,308,25,Mobile Money,No,No
2109,34,Male,Bachelor,Employed,58842.44,Single,0,Urban,25506.9,480,16,Cash,Yes,No
2110,45,Male,Diploma,Self-Employed,63011.72,Married,3,Rural,24207.28,511,24,Credit Card,Yes,No
2111,31,Male,Bachelor,Employed,53357.75,Married,3,Suburban,26928.54,465,5,Mobile Money,Yes,No
2112,36,Female,Bachelor,Unemployed,28046.39,Married,2,Rural,9834.54,370,12,Debit Card,Yes,No
2113,38,Female,Bachelor,Employed,61298.79,Married,1,Rural,16128.25,563,17,Credit Card,Yes,No
2114,25,Female,Bachelor,Student,12870.28,Married,3,Urban,1925.36,379,1,Cash,Yes,No
2115,46,Female,Bachelor,Employed,46901.27,Married,4,Suburban,16397.5,480,25,Credit Card,No,No
2116,31,Female,High School,Employed,22236.17,Married,1,Suburban,8983.88,390,9,Credit Card,No,No
2117,35,Male,Diploma,Employed,44940.33,Single,0,Suburban,20418.9,443,12,Debit Card,No,No
2118,26,Female,Diploma,Employed,35788.04,Married,1,Urban,15064.46,379,1,Debit Card,Yes,No
2119,18,Female,Diploma,Employed,35077.1,Single,0,Rural,17679.1,442,0,Mobile Money,Yes,No
2120,35,Female,Bachelor,Employed,53555.12,Single,0,Suburban,16369.58,478,12,Cash,Yes,No
2121,66,Male,Diploma,Self-Employed,46689.35,Married,3,Urban,9601.34,528,43,Cash,Yes,No
2122,47,Female,High School,Employed,37206.14,Married,1,Urban,11545.4,502,28,Debit Card,Yes,No
2123,37,Male,Diploma,Employed,35956.02,Single,0,Urban,14469.28,432,10,Credit Card,Yes,No
2124,34,Male,High School,Employed,36409.92,Single,0,Rural,8269.95,481,15,Credit Card,No,No
2125,38,Female,Bachelor,Self-Employed,69517.64,Married,1,Urban,16804.21,501,20,Credit Card,Yes,No
2126,44,Female,Diploma,Employed,26608.03,Married,1,Urban,12247.55,418,24,Credit Card,Yes,No
2127,23,Male,Bachelor,Employed,57356.06,Single,0,Urban,29788.39,451,1,Credit Card,Yes,No
2128,51,Female,Diploma,Employed,18657.93,Single,0,Suburban,3614.37,435,29,Debit Card,No,No
2129,46,Male,Master,Employed,62838.21,Married,1,Urban,25826.22,553,27,Cash,No,No
2130,46,Male,PhD,Employed,93704.61,Married,5,Urban,22029.7,588,28,Credit Card,Yes,No
2131,43,Male,Bachelor,Student,10914.86,Married,1,Rural,1000.0,419,16,Credit Card,No,No
2132,38,Female,Master,Employed,55856.86,Single,0,Urban,16919.53,451,19,Credit Card,Yes,No
2133,46,Female,Bachelor,Employed,46046.71,Single,0,Urban,25529.31,489,21,Credit Card,Yes,No
2134,45,Female,Master,Self-Employed,63128.7,Married,5,Urban,28485.09,468,24,Debit Card,No,No
2135,33,Female,Master,Employed,59259.49,Married,0,Urban,19154.54,465,10,Debit Card,Yes,No
2136,31,Male,PhD,Self-Employed,112632.51,Single,0,Urban,39563.75,588,8,Credit Card,No,No
2137,39,Male,Bachelor,Student,6540.54,Single,0,Suburban,4038.98,352,12,Credit Card,Yes,No
2138,56,Female,Bachelor,Student,12359.56,Married,3,Urban,1000.0,506,33,Debit Card,Yes,No
2139,23,Male,Bachelor,Employed,55109.16,Single,0,Suburban,12475.38,441,0,Credit Card,No,Yes
2140,20,Female,Diploma,Employed,40260.66,Single,0,Urban,18425.21,456,0,Credit Card,Yes,No
2141,39,Female,Diploma,Student,16185.06,Married,2,Urban,11252.79,436,13,Debit Card,Yes,No
2142,38,Female,Master,Employed,68376.71,Single,0,Rural,26028.67,535,11,Mobile Money,No,No
2143,40,Male,High School,Employed,37285.35,Married,0,Urban,18976.64,469,17,Credit Card,No,No
2144,40,Male,Bachelor,Employed,35181.25,Single,0,Rural,10000.4,422,21,Cash,No,No
2145,35,Female,Diploma,Employed,48891.41,Single,0,Suburban,20405.85,485,9,Credit Card,No,No
2146,55,Male,Diploma,Student,5000.0,Married,2,Suburban,1000.0,417,36,Credit Card,Yes,No
2147,18,Female,Master,Self-Employed,75416.48,Single,0,Suburban,21257.22,431,0,Debit Card,No,No
2148,28,Male,Master,Employed,64363.06,Single,0,Urban,29810.45,504,2,Debit Card,Yes,No
2149,36,Male,Bachelor,Unemployed,25170.84,Single,0,Urban,9340.14,417,13,Credit Card,No,No
2150,18,Male,Diploma,Employed,32885.6,Single,0,Urban,8671.88,350,0,Cash,Yes,Yes
2151,35,Male,Diploma,Unemployed,6752.89,Married,1,Suburban,3156.72,453,11,Credit Card,Yes,No
2152,57,Female,Diploma,Employed,32306.5,Single,0,Suburban,13066.36,532,30,Credit Card,No,No
2153,38,Male,Diploma,Employed,42043.16,Single,0,Rural,19572.84,472,18,Credit Card,No,No
2154,40,Male,High School,Employed,35948.87,Married,1,Rural,12001.31,463,20,Credit Card,Yes,No
2155,22,Male,Bachelor,Employed,68634.6,Single,0,Rural,32882.96,486,0,Debit Card,Yes,No
2156,30,Male,Diploma,Employed,59198.54,Married,1,Urban,8220.87,412,9,Debit Card,Yes,No
2157,33,Male,Bachelor,Employed,60201.45,Single,0,Urban,15358.57,502,11,Debit Card,Yes,No
2158,34,Male,Diploma,Student,10925.23,Married,1,Urban,2743.6,400,14,Credit Card,No,Yes
2159,53,Female,Diploma,Student,5000.0,Married,1,Suburban,3056.18,429,30,Mobile Money,Yes,No
2160,44,Female,High School,Self-Employed,51274.43,Married,1,Urban,16757.59,471,20,Debit Card,Yes,No
2161,24,Female,PhD,Unemployed,28723.22,Single,0,Urban,7692.64,400,2,Mobile Money,No,No
2162,40,Female,Bachelor,Student,8687.48,Married,3,Suburban,6801.37,405,20,Debit Card,No,No
2163,43,Male,High School,Self-Employed,39100.25,Married,1,Urban,5560.79,459,20,Credit Card,No,No
2164,51,Female,Bachelor,Employed,49909.19,Married,4,Suburban,16754.7,501,24,Credit Card,Yes,Yes
2165,56,Female,Master,Unemployed,5000.0,Married,2,Suburban,1000.0,432,38,Debit Card,No,No
2166,25,Male,Bachelor,Employed,59574.42,Married,0,Urban,16286.85,479,0,Mobile Money,No,No
2167,28,Female,Bachelor,Employed,65739.79,Single,0,Rural,17350.79,494,5,Debit Card,Yes,No
2168,22,Male,High School,Employed,34455.38,Single,0,Suburban,11244.54,425,2,Debit Card,No,No
2169,35,Male,Bachelor,Employed,54943.37,Married,0,Urban,29280.11,448,8,Mobile Money,Yes,No
2170,43,Female,Bachelor,Student,11106.17,Married,0,Urban,1000.0,392,20,Credit Card,No,No
2171,49,Male,Bachelor,Self-Employed,67378.24,Married,4,Rural,17186.0,497,22,Credit Card,Yes,No
2172,37,Male,Master,Unemployed,22133.23,Single,0,Rural,4341.76,397,13,Mobile Money,Yes,No
2173,34,Male,Diploma,Self-Employed,47514.39,Married,1,Urban,18644.88,460,15,Mobile Money,Yes,No
2174,39,Male,High School,Employed,30202.74,Married,0,Rural,7282.07,409,16,Debit Card,Yes,No
2175,27,Male,Master,Self-Employed,96440.1,Married,3,Suburban,28936.21,608,4,Mobile Money,No,No
2176,63,Female,Bachelor,Employed,58778.19,Married,2,Urban,19677.45,593,41,Mobile Money,Yes,No
2177,18,Female,High School,Employed,30841.18,Single,0,Suburban,8062.06,358,0,Debit Card,No,No
2178,40,Female,Diploma,Unemployed,17273.82,Married,2,Urban,2683.83,415,21,Credit Card,No,No
2179,62,Male,Master,Self-Employed,89274.39,Single,0,Urban,27787.26,653,39,Credit Card,No,No
2180,38,Female,High School,Unemployed,16567.98,Married,1,Urban,8465.08,388,13,Credit Card,No,No
2181,35,Female,High School,Employed,23944.71,Married,4,Suburban,4965.35,439,12,Debit Card,No,No
2182,33,Male,Diploma,Self-Employed,44155.78,Married,0,Suburban,13685.27,500,12,Credit Card,Yes,No
2183,35,Female,Master,Employed,63491.54,Single,0,Suburban,26440.24,508,12,Credit Card,No,No
2184,54,Female,Master,Employed,76133.78,Married,3,Urban,17445.26,593,32,Debit Card,Yes,Yes
2185,18,Female,Bachelor,Employed,60742.97,Single,0,Suburban,26351.13,418,0,Debit Card,No,No
2186,56,Male,Bachelor,Employed,44814.06,Married,3,Urban,12030.47,485,38,Debit Card,Yes,No
2187,20,Male,Diploma,Employed,43126.7,Single,0,Rural,19312.47,424,0,Cash,Yes,No
2188,34,Female,High School,Employed,40977.87,Single,0,Urban,11079.32,445,15,Credit Card,Yes,No
2189,32,Female,Master,Self-Employed,82117.34,Single,0,Urban,36613.02,559,7,Debit Card,Yes,No
2190,45,Female,High School,Employed,32511.79,Single,0,Suburban,10579.43,464,25,Mobile Money,Yes,No
2191,18,Female,Diploma,Employed,45843.89,Single,0,Suburban,17228.83,430,0,Cash,Yes,Yes
2192,43,Female,Bachelor,Employed,44435.53,Married,2,Urban,11416.82,415,22,Debit Card,No,No
2193,62,Male,High School,Student,7215.91,Married,4,Urban,4040.94,433,39,Credit Card,Yes,No
2194,21,Female,Bachelor,Student,21176.93,Single,0,Rural,5003.17,348,3,Credit Card,Yes,No
2195,40,Male,Bachelor,Employed,50254.33,Married,4,Urban,21304.9,458,18,Debit Card,No,No
2196,30,Female,Bachelor,Employed,61659.73,Married,0,Urban,13397.85,469,8,Cash,Yes,No
2197,43,Female,High School,Employed,30217.29,Married,3,Suburban,8279.54,465,25,Cash,No,No
2198,38,Male,Diploma,Employed,34603.96,Single,0,Urban,10907.04,444,18,Credit Card,No,No
2199,30,Female,Bachelor,Employed,54227.93,Single,0,Urban,21667.68,513,11,Cash,Yes,No
2200,43,Male,PhD,Employed,85790.98,Married,1,Urban,41621.21,580,16,Cash,No,No
2201,59,Male,High School,Employed,22893.49,Single,0,Rural,6463.56,452,34,Mobile Money,Yes,No
2202,35,Male,PhD,Self-Employed,105965.24,Married,2,Urban,38733.07,538,15,Mobile Money,Yes,No
2203,46,Male,Bachelor,Employed,55547.41,Married,1,Suburban,17136.32,497,20,Cash,No,No
2204,22,Male,Master,Employed,68671.56,Single,0,Urban,18589.47,512,0,Mobile Money,Yes,No
2205,26,Male,High School,Unemployed,6877.01,Married,1,Suburban,7275.98,339,0,Credit Card,No,No
2206,43,Female,Diploma,Unemployed,13807.97,Married,1,Suburban,5547.73,399,25,Cash,No,No
2207,55,Female,High School,Unemployed,13251.25,Married,1,Urban,1000.0,414,37,Mobile Money,No,No
2208,42,Female,Diploma,Employed,30847.24,Married,4,Urban,10813.67,449,17,Debit Card,Yes,No
2209,34,Male,PhD,Employed,87980.83,Married,2,Suburban,19808.44,528,7,Mobile Money,Yes,No
2210,37,Female,High School,Employed,14211.67,Married,1,Rural,12973.0,385,12,Mobile Money,Yes,No
2211,22,Female,Bachelor,Employed,53702.53,Single,0,Urban,25594.8,447,0,Credit Card,Yes,Yes
2212,45,Male,High School,Employed,31204.23,Married,2,Suburban,9888.47,451,23,Credit Card,No,No
2213,48,Female,Bachelor,Unemployed,21058.24,Married,3,Rural,13983.94,452,22,Credit Card,No,No
2214,32,Male,High School,Student,7232.84,Single,0,Urban,1000.0,377,5,Cash,Yes,No
2215,32,Female,High School,Unemployed,13385.41,Married,1,Rural,4364.08,431,8,Debit Card,No,No
2216,41,Male,Diploma,Self-Employed,48521.8,Married,1,Suburban,9793.4,473,14,Credit Card,No,No
2217,32,Male,Bachelor,Employed,49595.85,Single,0,Urban,22358.72,408,10,Debit Card,Yes,No
2218,37,Female,High School,Self-Employed,27072.52,Single,0,Urban,8167.28,417,16,Cash,Yes,No
2219,63,Male,High School,Student,5000.0,Married,5,Urban,4655.02,418,41,Debit Card,Yes,No
2220,35,Male,High School,Self-Employed,29869.79,Married,0,Urban,11176.96,444,12,Debit Card,No,Yes
2221,33,Female,PhD,Employed,89042.25,Married,0,Suburban,41338.93,556,13,Mobile Money,Yes,No
2222,30,Female,Bachelor,Employed,51064.98,Married,1,Urban,9846.91,471,8,Credit Card,Yes,No
2223,46,Female,Bachelor,Employed,58352.65,Married,1,Urban,26924.81,530,24,Credit Card,No,No
2224,35,Male,Bachelor,Employed,55391.64,Married,2,Rural,17067.04,498,11,Debit Card,No,No
2225,30,Male,High School,Student,9579.95,Single,0,Urban,1135.58,412,10,Credit Card,Yes,No
2226,53,Female,Bachelor,Self-Employed,69539.08,Married,5,Rural,30730.09,563,32,Debit Card,No,No
2227,55,Male,High School,Self-Employed,34562.62,Married,3,Suburban,17565.34,481,30,Mobile Money,No,No
2228,30,Male,Diploma,Employed,39053.31,Married,0,Urban,12768.01,471,6,Mobile Money,No,No
2229,18,Female,Bachelor,Employed,59012.84,Single,0,Suburban,36751.8,468,0,Credit Card,No,Yes
2230,50,Male,Bachelor,Employed,74567.51,Married,2,Urban,19454.47,565,23,Credit Card,No,No
2231,29,Male,High School,Self-Employed,28086.95,Married,0,Suburban,16693.48,395,10,Cash,Yes,No
2232,47,Male,High School,Employed,30334.01,Married,4,Rural,5623.53,427,27,Credit Card,No,No
2233,18,Male,Bachelor,Student,5000.0,Single,0,Urban,1557.72,338,0,Debit Card,Yes,Yes
2234,48,Male,Bachelor,Self-Employed,65832.7,Married,4,Urban,31330.48,556,26,Mobile Money,No,No
2235,23,Male,High School,Self-Employed,30607.51,Single,0,Urban,8132.28,403,1,Credit Card,Yes,No
2236,46,Male,High School,Student,5040.75,Married,2,Rural,2042.76,386,20,Credit Card,No,No
2237,38,Female,Master,Student,15242.48,Married,2,Rural,4242.95,390,13,Mobile Money,No,No
2238,26,Female,Bachelor,Employed,51084.87,Single,0,Urban,27586.56,490,0,Credit Card,No,Yes
2239,33,Male,PhD,Unemployed,12729.93,Married,0,Urban,7072.82,346,12,Mobile Money,Yes,No
2240,46,Female,Diploma,Employed,51404.29,Married,2,Urban,25310.31,459,23,Credit Card,Yes,No
2241,39,Male,Diploma,Employed,46714.22,Married,2,Urban,14277.19,440,16,Credit Card,Yes,No
2242,45,Male,High School,Employed,28955.53,Married,2,Urban,11051.7,430,18,Debit Card,Yes,No
2243,61,Male,Bachelor,Self-Employed,58842.14,Married,5,Urban,20540.71,555,42,Cash,No,No
2244,19,Female,High School,Employed,30680.2,Married,0,Urban,10377.93,382,1,Cash,Yes,No
2245,57,Female,High School,Self-Employed,38887.91,Married,3,Suburban,16248.08,447,39,Credit Card,Yes,No
2246,39,Female,High School,Self-Employed,42160.09,Married,3,Urban,12990.34,484,17,Mobile Money,Yes,No
2247,27,Male,Bachelor,Self-Employed,72897.78,Married,0,Urban,18958.19,513,6,Credit Card,Yes,Yes
2248,22,Male,Diploma,Employed,48405.41,Single,0,Urban,16951.19,481,4,Credit Card,Yes,No
2249,35,Female,Bachelor,Unemployed,5000.0,Single,0,Urban,8732.15,450,15,Debit Card,Yes,No
2250,49,Male,Master,Employed,67562.85,Married,2,Urban,18153.9,519,22,Credit Card,Yes,Yes
2251,36,Female,Bachelor,Employed,62944.81,Single,0,Urban,5834.27,530,11,Debit Card,No,Yes
2252,56,Female,Diploma,Student,5000.0,Married,5,Urban,1000.0,395,35,Credit Card,No,Yes
2253,20,Female,PhD,Employed,99754.14,Single,0,Rural,30409.74,549,0,Credit Card,Yes,No
2254,37,Female,Diploma,Employed,54483.02,Single,0,Urban,11402.85,436,15,Credit Card,Yes,No
2255,22,Female,High School,Self-Employed,45530.03,Single,0,Urban,10117.64,437,3,Debit Card,Yes,Yes
2256,42,Female,PhD,Employed,95292.72,Single,0,Suburban,36683.25,611,22,Credit Card,No,No
2257,48,Female,High School,Employed,26419.95,Married,1,Urban,10958.1,514,29,Debit Card,Yes,No
2258,32,Male,Bachelor,Unemployed,18753.08,Single,0,Rural,5928.68,404,14,Debit Card,Yes,No
2259,18,Female,Diploma,Employed,29231.24,Single,0,Rural,9234.64,363,0,Debit Card,Yes,No
2260,40,Male,Bachelor,Employed,48751.11,Married,2,Rural,15093.83,515,17,Debit Card,Yes,No
2261,43,Male,Bachelor,Self-Employed,60313.57,Single,0,Urban,15169.22,533,16,Credit Card,No,No
2262,42,Male,High School,Self-Employed,36495.78,Married,4,Urban,13401.17,466,23,Credit Card,No,No
2263,52,Male,Bachelor,Self-Employed,62862.58,Married,4,Suburban,22621.32,515,26,Debit Card,No,No
2264,25,Female,Bachelor,Unemployed,18592.8,Married,1,Urban,6361.57,360,0,Debit Card,Yes,Yes
2265,46,Female,Diploma,Employed,47022.61,Married,4,Urban,10679.13,490,22,Cash,No,No
2266,52,Male,Diploma,Self-Employed,42322.18,Single,0,Urban,9873.49,502,28,Cash,Yes,No
2267,18,Male,Diploma,Self-Employed,49188.81,Single,0,Suburban,11647.76,428,0,Cash,No,No
2268,41,Female,Master,Employed,66672.25,Married,1,Rural,31124.53,524,22,Credit Card,Yes,No
2269,31,Female,Bachelor,Student,12521.3,Married,2,Suburban,4057.12,390,8,Mobile Money,No,No
2270,37,Female,Master,Unemployed,26489.38,Single,0,Suburban,13475.63,477,10,Mobile Money,Yes,No
2271,42,Male,High School,Employed,37369.89,Married,1,Suburban,17267.29,484,21,Credit Card,No,No
2272,32,Female,High School,Self-Employed,41362.43,Single,0,Suburban,12253.02,504,11,Credit Card,Yes,No
2273,29,Male,High School,Self-Employed,39311.89,Married,0,Rural,18290.75,411,4,Cash,Yes,Yes
2274,38,Male,High School,Employed,18638.29,Married,2,Urban,9227.82,433,13,Credit Card,No,No
2275,24,Male,Bachelor,Unemployed,7849.87,Single,0,Rural,3773.76,363,0,Credit Card,Yes,Yes
2276,24,Male,PhD,Self-Employed,101406.57,Married,3,Urban,44552.66,564,0,Mobile Money,Yes,No
2277,46,Male,Diploma,Self-Employed,50868.96,Single,0,Urban,19487.12,480,27,Cash,No,No
2278,24,Female,PhD,Employed,79671.96,Single,0,Suburban,34785.75,479,1,Cash,No,No
2279,45,Male,High School,Employed,32700.18,Married,5,Urban,7197.67,424,19,Credit Card,No,No
2280,43,Male,Master,Employed,72115.75,Married,5,Urban,16345.07,563,17,Debit Card,No,No
2281,18,Male,High School,Self-Employed,20514.49,Single,0,Rural,6427.81,363,0,Credit Card,Yes,No
2282,29,Male,Master,Self-Employed,75299.18,Single,0,Urban,14049.37,518,10,Debit Card,Yes,No
2283,52,Female,High School,Employed,38351.0,Single,0,Rural,14489.67,424,27,Credit Card,Yes,No
2284,26,Male,Master,Employed,75579.27,Married,0,Suburban,38710.41,485,1,Debit Card,No,No
2285,32,Female,High School,Employed,23196.85,Single,0,Rural,10474.11,418,6,Debit Card,Yes,No
2286,43,Male,Diploma,Self-Employed,39721.11,Married,1,Rural,17801.91,450,17,Credit Card,Yes,No
2287,47,Female,Diploma,Self-Employed,28397.23,Married,5,Suburban,7039.25,432,27,Debit Card,No,No
2288,34,Female,Diploma,Employed,51770.38,Single,0,Suburban,24937.86,493,11,Credit Card,No,No
2289,30,Female,Bachelor,Employed,55328.43,Single,0,Rural,21167.49,464,10,Mobile Money,No,No
2290,55,Female,PhD,Employed,105069.79,Married,4,Suburban,34793.79,627,36,Mobile Money,Yes,No
2291,58,Female,Bachelor,Employed,53466.63,Married,0,Urban,27395.75,520,40,Credit Card,Yes,No
2292,49,Male,Bachelor,Self-Employed,68260.71,Married,5,Rural,30609.51,558,28,Mobile Money,Yes,No
2293,39,Female,High School,Employed,37130.39,Married,2,Urban,10118.6,412,20,Cash,Yes,No
2294,28,Female,Bachelor,Employed,68110.74,Married,1,Urban,35332.23,525,6,Credit Card,Yes,No
2295,28,Female,Diploma,Self-Employed,52008.17,Single,0,Suburban,12640.61,478,5,Debit Card,Yes,No
2296,44,Male,Master,Student,14019.26,Single,0,Urban,3057.63,430,19,Credit Card,No,No
2297,43,Male,Diploma,Student,8223.66,Married,2,Urban,1000.0,421,16,Debit Card,No,No
2298,54,Female,Bachelor,Student,5000.0,Married,3,Suburban,1041.13,388,31,Credit Card,Yes,No
2299,45,Male,High School,Self-Employed,32944.94,Single,0,Urban,10396.74,464,19,Credit Card,Yes,No
2300,19,Male,Diploma,Self-Employed,48409.76,Single,0,Suburban,13342.05,447,0,Debit Card,No,No
2301,50,Male,Diploma,Self-Employed,59055.15,Married,1,Suburban,26348.38,498,29,Debit Card,No,No
2302,26,Female,Diploma,Unemployed,8559.65,Married,1,Urban,3458.0,390,5,Credit Card,No,No
2303,33,Female,Diploma,Student,16501.24,Single,0,Rural,2957.78,399,6,Credit Card,Yes,No
2304,41,Female,High School,Employed,29345.3,Married,2,Rural,12763.26,479,17,Debit Card,Yes,No
2305,61,Male,Master,Employed,79948.47,Married,4,Suburban,35563.47,602,34,Credit Card,No,No
2306,70,Male,High School,Employed,35413.78,Married,5,Suburban,10244.87,531,43,Credit Card,No,No
2307,45,Male,Master,Self-Employed,88873.56,Married,2,Rural,22703.1,552,24,Credit Card,Yes,No
2308,35,Female,High School,Self-Employed,43830.61,Single,0,Urban,21832.38,503,14,Credit Card,Yes,No
2309,44,Female,High School,Unemployed,15665.28,Married,1,Suburban,1681.75,423,23,Credit Card,Yes,No
2310,48,Male,Bachelor,Employed,63510.51,Married,2,Suburban,28363.54,518,24,Cash,Yes,No
2311,34,Female,Bachelor,Employed,72054.11,Single,0,Urban,29134.08,538,7,Debit Card,Yes,No
2312,59,Female,Diploma,Student,20935.16,Married,1,Rural,8060.19,444,32,Debit Card,Yes,No
2313,40,Male,Bachelor,Employed,58731.39,Married,2,Urban,29260.41,543,16,Credit Card,Yes,No
2314,43,Male,Diploma,Employed,36466.03,Married,1,Urban,12003.21,530,18,Mobile Money,Yes,No
2315,45,Female,Bachelor,Self-Employed,68931.34,Married,1,Rural,20336.62,484,21,Mobile Money,Yes,No
2316,43,Male,Bachelor,Employed,39590.43,Married,2,Rural,17556.99,519,20,Mobile Money,Yes,No
2317,48,Female,Diploma,Employed,46631.89,Single,0,Suburban,14457.4,495,29,Cash,No,Yes
2318,30,Male,Master,Employed,61519.73,Single,0,Suburban,13751.98,455,4,Mobile Money,No,No
2319,31,Female,Bachelor,Employed,63979.85,Married,0,Suburban,17959.24,453,6,Credit Card,No,No
2320,24,Female,Diploma,Employed,55842.31,Single,0,Urban,19564.04,389,1,Credit Card,No,No
2321,43,Female,Master,Employed,58392.53,Married,1,Urban,19902.94,471,18,Debit Card,No,No
2322,47,Female,Master,Employed,69597.56,Married,2,Suburban,24671.63,542,25,Cash,Yes,No
2323,43,Female,Bachelor,Employed,46484.7,Married,0,Urban,16934.23,455,22,Credit Card,Yes,No
2324,58,Female,High School,Self-Employed,22173.52,Married,1,Rural,16303.71,431,37,Credit Card,Yes,No
2325,37,Male,Master,Employed,69149.43,Married,1,Urban,26413.59,488,19,Credit Card,Yes,No
2326,46,Male,High School,Employed,35081.34,Married,3,Rural,13500.39,454,22,Debit Card,No,No
2327,24,Female,High School,Employed,36035.2,Single,0,Urban,16236.26,405,0,Debit Card,Yes,No
2328,33,Female,Diploma,Employed,41231.41,Single,0,Urban,13236.13,428,9,Credit Card,Yes,No
2329,46,Male,Bachelor,Employed,41686.14,Married,3,Urban,11687.73,507,24,Credit Card,Yes,No
2330,48,Male,Master,Employed,70987.03,Married,5,Suburban,18941.75,574,21,Credit Card,No,No
2331,34,Female,Bachelor,Student,5000.0,Married,3,Suburban,2875.5,300,12,Credit Card,Yes,Yes
2332,37,Male,PhD,Student,6584.09,Married,1,Rural,1965.87,386,17,Mobile Money,Yes,No
2333,19,Female,High School,Self-Employed,28025.44,Married,1,Urban,19380.73,394,0,Mobile Money,Yes,No
2334,33,Female,High School,Employed,38398.49,Married,0,Suburban,15170.0,386,10,Debit Card,No,No
2335,48,Female,Bachelor,Self-Employed,70362.04,Married,1,Suburban,28444.56,525,30,Credit Card,No,No
2336,44,Male,PhD,Employed,92580.73,Single,0,Urban,38913.43,564,23,Credit Card,No,No
2337,44,Male,Bachelor,Self-Employed,59099.09,Married,3,Rural,26733.01,523,18,Mobile Money,Yes,No
2338,38,Male,High School,Employed,26897.8,Married,4,Urban,5843.73,411,11,Credit Card,Yes,No
2339,38,Male,High School,Unemployed,5000.0,Single,0,Suburban,2136.51,351,19,Credit Card,Yes,No
2340,30,Female,High School,Student,16914.41,Married,1,Suburban,4477.01,438,6,Debit Card,Yes,No
2341,46,Female,Diploma,Employed,57578.06,Single,0,Urban,25703.97,497,21,Cash,No,No
2342,43,Male,High School,Employed,34452.79,Married,5,Urban,6503.87,442,22,Credit Card,No,No
2343,43,Male,Master,Employed,75854.03,Single,0,Suburban,23396.33,490,19,Credit Card,Yes,No
2344,31,Male,Bachelor,Employed,53728.32,Married,2,Urban,25315.07,458,9,Debit Card,Yes,No
2345,18,Female,Bachelor,Student,5000.0,Single,0,Urban,1000.0,356,0,Credit Card,No,No
2346,51,Male,High School,Employed,23248.28,Married,0,Urban,9002.01,443,24,Credit Card,No,No
2347,32,Female,High School,Employed,26276.92,Married,0,Suburban,12600.02,384,10,Credit Card,No,No
2348,27,Female,Bachelor,Self-Employed,62917.95,Married,0,Suburban,31950.78,469,0,Credit Card,Yes,No
2349,46,Female,Master,Employed,65076.85,Married,1,Urban,14347.1,512,21,Debit Card,No,No
2350,33,Female,Bachelor,Employed,55382.03,Single,0,Urban,29468.45,473,12,Cash,Yes,No
2351,50,Male,Master,Employed,63198.65,Married,5,Suburban,25856.62,570,30,Credit Card,Yes,No
2352,45,Female,Master,Self-Employed,101341.79,Married,1,Suburban,37317.34,616,20,Cash,No,No
2353,46,Male,High School,Employed,19077.01,Married,1,Rural,2531.01,464,27,Cash,Yes,No
2354,21,Female,High School,Self-Employed,43098.48,Single,0,Urban,22884.81,362,2,Credit Card,Yes,No
2355,52,Male,Bachelor,Employed,52905.16,Married,2,Rural,15037.74,501,29,Cash,No,No
2356,41,Female,Diploma,Employed,43702.38,Married,3,Urban,13198.92,479,19,Credit Card,No,No
2357,33,Male,Diploma,Employed,44064.92,Married,1,Urban,21529.78,438,13,Credit Card,Yes,No
2358,39,Female,Diploma,Student,9256.35,Married,1,Suburban,1067.93,375,19,Credit Card,No,No
2359,18,Male,Diploma,Employed,30933.03,Single,0,Rural,9819.75,410,0,Debit Card,No,No
2360,42,Female,Master,Employed,67343.68,Married,0,Urban,24120.29,509,15,Mobile Money,No,No
2361,25,Male,High School,Student,7352.76,Married,0,Rural,1000.0,360,0,Mobile Money,Yes,Yes
2362,21,Male,Diploma,Student,8851.47,Single,0,Urban,6538.11,377,0,Debit Card,No,No
2363,19,Female,Bachelor,Unemployed,8314.94,Single,0,Urban,7456.42,435,0,Debit Card,No,No
2364,51,Female,Bachelor,Employed,65329.7,Married,5,Urban,19621.5,528,30,Credit Card,No,No
2365,30,Male,Bachelor,Employed,35051.41,Married,2,Suburban,12813.4,451,10,Debit Card,No,No
2366,56,Female,Master,Employed,67999.0,Married,5,Urban,27986.55,576,29,Mobile Money,No,No
2367,31,Female,Bachelor,Unemployed,9129.45,Married,2,Urban,2765.26,416,7,Mobile Money,No,No
2368,18,Female,Bachelor,Employed,56457.32,Single,0,Urban,16024.77,433,0,Debit Card,Yes,No
2369,24,Male,High School,Employed,38133.81,Single,0,Suburban,11218.35,440,3,Debit Card,No,No
2370,52,Male,Diploma,Employed,28744.25,Married,2,Urban,5941.74,471,33,Credit Card,No,No
2371,36,Female,Bachelor,Employed,73828.84,Married,0,Urban,23700.12,508,12,Mobile Money,Yes,No
2372,31,Male,Master,Self-Employed,85614.79,Married,2,Urban,30966.13,526,11,Debit Card,Yes,No
2373,39,Female,PhD,Unemployed,30053.79,Married,1,Urban,3741.25,441,20,Credit Card,Yes,No
2374,44,Male,Bachelor,Self-Employed,54481.97,Married,2,Suburban,18556.19,468,22,Cash,Yes,No
2375,51,Male,Bachelor,Employed,54627.46,Married,5,Urban,29474.73,515,25,Credit Card,No,No
2376,55,Female,High School,Unemployed,16773.4,Married,5,Suburban,1000.0,447,35,Cash,Yes,No
2377,33,Female,High School,Employed,31679.37,Married,0,Urban,12642.66,401,15,Credit Card,No,No
2378,22,Female,High School,Employed,31121.56,Single,0,Suburban,10249.74,396,4,Mobile Money,Yes,No
2379,33,Male,High School,Employed,29585.12,Married,2,Suburban,11926.89,449,9,Credit Card,No,No
2380,41,Male,Diploma,Employed,28976.0,Married,0,Urban,14806.74,405,23,Credit Card,Yes,No
2381,26,Male,Diploma,Employed,28930.33,Married,0,Urban,11537.61,443,4,Cash,Yes,No
2382,26,Female,Bachelor,Employed,64354.62,Single,0,Urban,18284.21,512,2,Mobile Money,Yes,No
2383,42,Female,Bachelor,Student,18058.29,Single,0,Urban,9998.51,427,22,Debit Card,No,No
2384,37,Female,Bachelor,Student,19242.17,Married,0,Urban,4892.61,433,11,Cash,Yes,No
2385,38,Male,Diploma,Employed,33417.44,Married,1,Urban,16104.4,450,19,Credit Card,Yes,No
2386,28,Female,Diploma,Employed,38739.46,Single,0,Suburban,11853.98,404,5,Credit Card,Yes,Yes
2387,35,Male,PhD,Employed,99854.4,Married,4,Urban,27877.49,549,11,Credit Card,Yes,Yes
2388,26,Female,High School,Employed,20170.76,Married,1,Urban,12073.73,386,8,Debit Card,Yes,No
2389,48,Male,Master,Employed,79039.06,Married,0,Urban,37648.76,578,29,Credit Card,Yes,No
2390,50,Female,Diploma,Employed,35307.84,Married,3,Rural,8454.97,441,28,Cash,Yes,Yes
2391,18,Male,Bachelor,Self-Employed,59158.13,Single,0,Urban,21558.61,492,0,Debit Card,Yes,No
2392,26,Male,High School,Employed,29744.67,Single,0,Urban,5300.15,371,6,Debit Card,Yes,Yes
2393,20,Male,High School,Employed,21063.98,Single,0,Suburban,5976.85,387,0,Credit Card,Yes,No
2394,30,Male,Diploma,Self-Employed,32824.85,Married,1,Urban,7708.75,450,3,Cash,No,Yes
2395,36,Male,Bachelor,Self-Employed,66608.24,Single,0,Rural,13214.51,501,12,Credit Card,Yes,No
2396,20,Male,Diploma,Employed,44274.13,Single,0,Rural,13980.4,440,0,Debit Card,Yes,No
2397,26,Male,Bachelor,Employed,64722.32,Married,0,Urban,21392.91,413,1,Debit Card,Yes,No
2398,25,Female,Diploma,Student,12855.8,Single,0,Rural,6377.38,384,6,Credit Card,No,No
2399,40,Male,Diploma,Self-Employed,63723.18,Married,2,Suburban,23973.96,478,22,Cash,No,No
2400,38,Female,Master,Employed,80888.6,Married,1,Urban,30766.64,481,19,Mobile Money,Yes,No
2401,29,Male,Master,Self-Employed,89904.63,Married,2,Rural,27829.83,515,10,Credit Card,Yes,No
2402,40,Female,Bachelor,Employed,58748.95,Married,1,Rural,17621.56,555,19,Credit Card,Yes,No
2403,31,Female,High School,Self-Employed,45840.82,Married,0,Urban,22214.63,476,12,Credit Card,No,No
2404,34,Male,High School,Employed,12295.82,Single,0,Suburban,5441.41,424,12,Debit Card,No,Yes
2405,58,Female,PhD,Employed,86159.54,Single,0,Rural,22301.32,619,32,Credit Card,No,No
2406,54,Male,High School,Self-Employed,21132.15,Married,2,Suburban,9578.43,432,34,Mobile Money,No,No
2407,22,Female,Master,Self-Employed,89304.78,Single,0,Urban,32527.38,541,0,Credit Card,Yes,No
2408,47,Female,Diploma,Employed,34057.89,Married,1,Urban,6516.85,503,28,Debit Card,Yes,No
2409,47,Male,PhD,Employed,114157.23,Married,1,Rural,46078.75,623,26,Cash,Yes,No
2410,24,Male,Diploma,Employed,35856.59,Single,0,Suburban,16515.0,378,0,Credit Card,Yes,Yes
2411,47,Male,Diploma,Employed,40850.91,Married,2,Suburban,15751.33,464,25,Debit Card,No,No
2412,56,Male,Bachelor,Employed,51781.87,Married,0,Rural,16306.31,514,38,Cash,No,No
2413,24,Female,PhD,Self-Employed,104089.35,Single,0,Urban,20171.2,589,5,Credit Card,Yes,No
2414,26,Male,PhD,Employed,80027.82,Single,0,Urban,29646.89,455,2,Mobile Money,No,No
2415,50,Male,Bachelor,Self-Employed,55758.8,Single,0,Suburban,10532.39,512,26,Credit Card,No,No
2416,41,Male,Bachelor,Self-Employed,48564.06,Married,1,Urban,23760.2,471,23,Credit Card,No,Yes
2417,44,Male,Bachelor,Employed,59363.7,Single,0,Suburban,13274.32,518,26,Credit Card,No,No
2418,42,Male,Bachelor,Self-Employed,62602.83,Married,2,Rural,30696.37,510,21,Credit Card,No,No
2419,42,Female,Master,Student,29469.03,Married,4,Urban,14111.99,454,20,Mobile Money,No,No
2420,22,Male,Diploma,Employed,30046.88,Single,0,Rural,9741.13,402,0,Cash,No,No
2421,50,Female,Bachelor,Student,22810.52,Married,5,Rural,5934.85,424,27,Cash,No,No
2422,52,Male,Bachelor,Self-Employed,78578.07,Married,3,Rural,29849.88,547,28,Cash,No,No
2423,35,Male,Bachelor,Employed,65216.35,Single,0,Suburban,22434.02,502,16,Mobile Money,Yes,No
2424,37,Female,Master,Employed,71878.38,Married,0,Rural,34153.35,482,18,Debit Card,No,No
2425,19,Male,Diploma,Self-Employed,45294.35,Single,0,Suburban,15911.19,449,0,Debit Card,Yes,No
2426,44,Male,High School,Employed,40208.54,Single,0,Rural,12578.88,480,22,Debit Card,Yes,No
2427,44,Female,Diploma,Self-Employed,41668.29,Married,1,Urban,16881.21,444,24,Cash,Yes,No
2428,37,Female,High School,Unemployed,11165.66,Single,0,Urban,1000.0,403,18,Credit Card,Yes,No
2429,51,Male,Diploma,Employed,39650.02,Married,2,Urban,9863.57,488,31,Credit Card,Yes,No
2430,33,Female,Master,Employed,62868.67,Married,2,Urban,16366.34,498,8,Credit Card,No,No
2431,44,Female,Bachelor,Employed,57224.38,Single,0,Suburban,14899.26,441,25,Cash,No,No
2432,25,Male,Master,Employed,75934.71,Married,0,Urban,19102.28,546,1,Credit Card,Yes,No
2433,37,Male,High School,Unemployed,5000.0,Single,0,Suburban,2164.21,435,12,Credit Card,No,No
2434,35,Male,Master,Employed,73680.96,Single,0,Rural,23077.33,487,8,Debit Card,Yes,No
2435,40,Male,Bachelor,Employed,37167.77,Married,0,Urban,17915.75,436,13,Credit Card,Yes,No
2436,33,Female,High School,Employed,21606.76,Married,2,Rural,5708.45,444,9,Debit Card,Yes,No
2437,36,Female,Bachelor,Unemployed,12841.23,Single,0,Urban,1000.0,444,13,Credit Card,No,No
2438,47,Female,PhD,Employed,92858.7,Single,0,Suburban,36666.6,559,22,Debit Card,Yes,No
2439,32,Male,High School,Student,12954.52,Married,0,Urban,1000.0,405,7,Cash,Yes,No
2440,18,Male,Bachelor,Self-Employed,66662.58,Married,0,Urban,26368.41,476,0,Debit Card,Yes,No
2441,58,Female,Master,Unemployed,25532.77,Married,2,Suburban,7893.0,446,33,Credit Card,No,No
2442,54,Male,High School,Employed,28715.34,Married,2,Suburban,9936.44,504,29,Credit Card,Yes,No
2443,22,Female,Bachelor,Employed,58237.99,Married,0,Suburban,20368.47,438,0,Mobile Money,Yes,Yes
2444,46,Female,Diploma,Employed,42815.27,Married,3,Rural,26262.33,475,26,Cash,Yes,No
2445,31,Female,Diploma,Employed,35927.83,Single,0,Urban,10403.11,389,10,Credit Card,Yes,No
2446,41,Male,Bachelor,Self-Employed,63156.96,Married,1,Urban,26803.45,492,18,Mobile Money,Yes,No
2447,41,Male,High School,Employed,34801.02,Married,0,Suburban,17287.31,466,14,Debit Card,No,No
2448,35,Female,Bachelor,Employed,69496.7,Single,0,Urban,32307.55,559,14,Credit Card,No,No
2449,28,Female,High School,Self-Employed,45654.55,Married,0,Suburban,16808.13,452,6,Cash,Yes,No
2450,29,Female,Diploma,Employed,30967.07,Married,1,Rural,15543.81,438,3,Credit Card,Yes,No
2451,27,Male,Bachelor,Employed,45995.35,Single,0,Suburban,12617.23,464,8,Credit Card,No,No
2452,28,Female,Diploma,Employed,35714.95,Single,0,Suburban,13733.74,444,7,Credit Card,No,No
2453,37,Female,Diploma,Self-Employed,48791.37,Single,0,Suburban,22903.94,457,17,Cash,No,No
2454,29,Male,Master,Employed,70386.05,Married,1,Urban,31822.98,481,6,Mobile Money,Yes,No
2455,46,Female,Master,Self-Employed,93922.24,Married,4,Suburban,35928.4,481,28,Credit Card,Yes,No
2456,55,Female,Master,Employed,80360.91,Single,0,Urban,38231.41,575,29,Credit Card,No,No
2457,31,Male,Bachelor,Employed,55045.32,Married,2,Urban,24250.48,469,7,Debit Card,Yes,No
2458,40,Male,Master,Unemployed,19178.43,Married,2,Suburban,11350.02,436,19,Debit Card,Yes,No
2459,43,Female,Master,Self-Employed,88133.97,Single,0,Rural,30735.47,599,17,Cash,No,No
2460,43,Male,Diploma,Employed,48505.61,Married,2,Urban,12233.11,473,17,Credit Card,Yes,No
2461,38,Female,Diploma,Self-Employed,52419.49,Married,0,Suburban,14507.05,508,15,Credit Card,No,No
2462,46,Male,High School,Employed,26547.63,Married,3,Suburban,6301.47,425,25,Debit Card,No,Yes
2463,43,Male,Diploma,Unemployed,7101.97,Married,2,Rural,1000.0,383,20,Mobile Money,No,No
2464,23,Female,Master,Self-Employed,75115.17,Single,0,Urban,13916.85,452,0,Debit Card,Yes,Yes
2465,48,Female,Bachelor,Employed,56547.89,Single,0,Rural,20003.7,507,24,Mobile Money,Yes,No
2466,48,Male,Bachelor,Student,15984.96,Married,3,Rural,5885.37,453,29,Mobile Money,Yes,No
2467,28,Female,High School,Employed,35878.76,Married,1,Urban,8426.93,422,9,Cash,No,No
2468,38,Male,High School,Self-Employed,45214.08,Married,1,Urban,11846.28,485,19,Credit Card,No,No
2469,46,Male,Diploma,Student,19842.48,Married,3,Urban,12250.07,436,22,Credit Card,No,No
2470,35,Male,PhD,Employed,79000.27,Single,0,Urban,40049.57,520,13,Credit Card,Yes,No
2471,50,Male,Diploma,Employed,43238.1,Married,2,Urban,24373.55,511,27,Credit Card,No,No
2472,66,Female,Master,Self-Employed,87514.08,Married,4,Rural,16760.03,581,40,Credit Card,Yes,No
2473,28,Female,High School,Employed,29408.43,Married,0,Urban,4539.83,426,5,Credit Card,Yes,No
2474,21,Female,Bachelor,Unemployed,9873.24,Single,0,Urban,3009.82,363,0,Mobile Money,Yes,No
2475,41,Female,Bachelor,Employed,66557.04,Single,0,Rural,22076.27,542,15,Credit Card,Yes,No
2476,46,Male,Master,Self-Employed,79291.2,Married,1,Suburban,33338.69,545,22,Debit Card,No,No
2477,35,Female,High School,Employed,12459.45,Single,0,Urban,5882.85,373,15,Credit Card,Yes,No
2478,55,Female,High School,Employed,30160.58,Married,4,Urban,7941.99,483,35,Mobile Money,Yes,No
2479,21,Female,High School,Unemployed,7097.09,Single,0,Suburban,1803.32,383,0,Credit Card,No,No
2480,46,Female,Master,Self-Employed,98861.58,Married,5,Urban,42004.55,631,28,Cash,Yes,No
2481,30,Female,High School,Employed,33917.55,Single,0,Urban,16104.0,426,11,Credit Card,Yes,No
2482,58,Male,High School,Employed,27557.9,Married,5,Urban,14265.57,483,36,Debit Card,Yes,No
2483,61,Female,Bachelor,Self-Employed,64425.16,Married,1,Urban,15491.55,603,39,Credit Card,Yes,No
2484,28,Female,Bachelor,Unemployed,14832.77,Married,1,Urban,4080.14,399,10,Debit Card,No,No
2485,31,Female,Master,Self-Employed,101737.07,Single,0,Urban,41739.37,612,11,Credit Card,Yes,No
2486,48,Male,Master,Self-Employed,89403.87,Single,0,Urban,22551.45,618,22,Cash,No,No
2487,33,Female,Bachelor,Employed,43742.72,Single,0,Suburban,22058.34,499,10,Mobile Money,Yes,No
2488,37,Female,Master,Unemployed,19044.48,Married,2,Suburban,7894.21,403,19,Cash,Yes,No
2489,38,Male,Bachelor,Self-Employed,65810.94,Single,0,Suburban,20277.12,486,12,Cash,No,No
2490,18,Female,Diploma,Employed,31139.45,Single,0,Suburban,10687.47,412,0,Mobile Money,Yes,Yes
2491,37,Male,Master,Employed,55736.36,Single,0,Suburban,13046.42,436,15,Credit Card,Yes,No
2492,29,Male,Bachelor,Employed,59764.51,Married,0,Suburban,34351.07,495,5,Debit Card,No,No
2493,32,Male,Diploma,Unemployed,5562.94,Single,0,Suburban,1000.0,333,13,Credit Card,Yes,No
2494,55,Female,Bachelor,Self-Employed,75990.17,Married,0,Urban,26151.49,570,29,Credit Card,Yes,No
2495,22,Male,Diploma,Unemployed,12065.56,Single,0,Rural,2636.53,359,0,Cash,No,No
2496,47,Female,High School,Employed,26205.85,Single,0,Suburban,10355.14,436,21,Cash,Yes,No
2497,34,Male,Bachelor,Self-Employed,46666.13,Married,0,Rural,17519.96,435,16,Mobile Money,No,No
2498,34,Male,Master,Unemployed,30778.54,Married,2,Urban,8034.12,433,16,Credit Card,Yes,No
2499,47,Male,Bachelor,Employed,57348.21,Married,1,Urban,20787.92,562,25,Credit Card,No,No
2500,42,Male,High School,Employed,26414.44,Married,2,Rural,3301.02,441,23,Debit Card,No,No
2501,44,Female,PhD,Self-Employed,100877.67,Single,0,Suburban,42134.18,636,22,Credit Card,Yes,No
2502,49,Female,High School,Student,18792.73,Married,5,Suburban,7479.41,442,27,Credit Card,No,No
2503,34,Male,Diploma,Employed,31486.24,Married,3,Suburban,15155.07,404,14,Cash,Yes,No
2504,30,Male,Diploma,Employed,37050.82,Single,0,Urban,13338.32,435,12,Credit Card,Yes,No
2505,24,Female,High School,Employed,34557.96,Single,0,Suburban,3294.49,380,1,Mobile Money,No,No
2506,28,Male,Diploma,Employed,51606.13,Single,0,Urban,14747.95,495,10,Debit Card,Yes,No
2507,70,Female,Bachelor,Employed,53269.44,Single,0,Rural,24214.36,552,49,Debit Card,Yes,No
2508,52,Female,Master,Employed,64121.46,Married,3,Urban,16871.44,532,34,Mobile Money,Yes,No
2509,21,Male,PhD,Unemployed,26146.09,Single,0,Urban,10590.96,418,2,Credit Card,Yes,No
2510,22,Male,Master,Self-Employed,91235.77,Single,0,Rural,42470.76,509,0,Mobile Money,No,No
2511,43,Female,Diploma,Employed,49035.16,Married,1,Rural,19383.47,508,16,Mobile Money,No,No
2512,44,Male,Bachelor,Unemployed,5498.73,Married,5,Suburban,3368.42,402,23,Credit Card,No,No
2513,44,Male,Master,Self-Employed,84919.52,Married,5,Suburban,26223.03,565,26,Debit Card,No,No
2514,34,Male,Diploma,Employed,28525.88,Married,1,Rural,3240.66,439,13,Cash,Yes,No
2515,36,Female,Bachelor,Employed,62073.74,Married,1,Suburban,12581.49,503,16,Mobile Money,No,No
2516,41,Female,Diploma,Self-Employed,51379.07,Married,2,Suburban,12985.05,481,15,Credit Card,No,No
2517,39,Male,Diploma,Self-Employed,40630.51,Married,1,Urban,19682.7,457,20,Mobile Money,Yes,No
2518,18,Female,Bachelor,Employed,67273.16,Single,0,Suburban,33280.99,484,0,Credit Card,No,No
2519,35,Male,Bachelor,Employed,57680.11,Married,1,Rural,22238.13,485,17,Debit Card,Yes,No
2520,27,Female,Bachelor,Unemployed,18301.54,Married,1,Urban,1299.15,362,6,Cash,Yes,Yes
2521,40,Male,Diploma,Employed,38567.11,Married,0,Suburban,10718.99,456,18,Credit Card,No,No
2522,70,Female,Bachelor,Self-Employed,65935.7,Married,5,Urban,28648.98,540,49,Credit Card,Yes,No
2523,42,Female,Master,Self-Employed,80948.14,Married,1,Suburban,28058.43,611,22,Credit Card,Yes,No
2524,34,Male,PhD,Employed,84070.33,Single,0,Urban,29084.32,578,12,Cash,Yes,No
2525,49,Male,High School,Employed,39833.04,Single,0,Rural,17917.25,532,23,Cash,Yes,No
2526,43,Male,High School,Employed,26058.06,Married,1,Urban,3880.75,427,20,Debit Card,Yes,No
2527,43,Male,Bachelor,Employed,50788.74,Married,3,Urban,23944.5,496,19,Credit Card,Yes,No
2528,45,Male,Diploma,Employed,38965.65,Single,0,Rural,17542.31,453,20,Mobile Money,Yes,No
2529,62,Female,High School,Self-Employed,47396.12,Married,3,Urban,7546.62,567,37,Credit Card,Yes,No
2530,24,Female,Diploma,Employed,49049.33,Married,2,Suburban,7264.04,434,0,Credit Card,Yes,No
2531,43,Male,Master,Employed,66841.21,Married,1,Rural,24060.41,524,21,Credit Card,No,No
2532,26,Female,Bachelor,Self-Employed,75814.28,Married,0,Urban,22130.69,513,6,Credit Card,Yes,No
2533,44,Female,Diploma,Unemployed,12864.96,Single,0,Urban,1087.28,459,18,Credit Card,No,No
2534,26,Female,Diploma,Student,5000.0,Married,1,Rural,1456.68,387,1,Debit Card,Yes,Yes
2535,32,Male,Bachelor,Employed,51190.97,Married,1,Suburban,18525.89,466,10,Debit Card,No,No
2536,34,Male,High School,Employed,40986.03,Single,0,Urban,13154.05,501,7,Mobile Money,Yes,No
2537,49,Male,Bachelor,Employed,71662.76,Married,1,Urban,16944.49,547,25,Credit Card,No,No
2538,49,Male,High School,Employed,32558.53,Single,0,Suburban,13466.21,499,29,Debit Card,Yes,No
2539,23,Female,Diploma,Self-Employed,43467.7,Single,0,Suburban,20289.85,400,4,Credit Card,No,No
2540,38,Female,Diploma,Employed,39000.66,Single,0,Suburban,9373.92,510,11,Cash,No,No
2541,29,Male,Bachelor,Self-Employed,59900.45,Married,0,Suburban,19749.77,478,10,Credit Card,No,No
2542,22,Male,Bachelor,Employed,50065.89,Single,0,Suburban,12679.52,462,0,Debit Card,Yes,No
2543,35,Female,Diploma,Employed,34279.62,Married,1,Rural,11056.87,418,13,Mobile Money,No,No
2544,34,Female,High School,Unemployed,8365.25,Married,1,Urban,1000.0,353,12,Debit Card,No,No
2545,67,Female,Diploma,Employed,40965.45,Married,5,Rural,20601.99,521,43,Credit Card,No,No
2546,43,Male,Bachelor,Employed,53814.71,Single,0,Suburban,10484.62,509,18,Debit Card,Yes,No
2547,21,Female,High School,Employed,28229.42,Single,0,Urban,9841.88,368,0,Debit Card,Yes,Yes
2548,31,Female,High School,Student,12083.93,Married,0,Urban,1367.52,388,8,Cash,No,Yes
2549,50,Female,Bachelor,Employed,53166.33,Married,3,Suburban,13070.39,442,26,Mobile Money,No,No
2550,63,Male,Bachelor,Employed,53679.87,Married,5,Urban,12464.73,511,36,Cash,Yes,No
2551,18,Male,Diploma,Self-Employed,46587.52,Single,0,Urban,8786.92,417,0,Credit Card,Yes,No
2552,18,Male,Diploma,Self-Employed,60346.3,Single,0,Suburban,14113.79,397,0,Mobile Money,No,No
2553,60,Female,Master,Unemployed,17070.28,Married,2,Suburban,6076.61,471,41,Credit Card,Yes,No
2554,42,Female,Master,Employed,74770.37,Married,0,Urban,31995.33,598,18,Cash,No,No
2555,27,Female,Diploma,Student,5000.0,Married,1,Urban,3051.21,393,7,Debit Card,No,No
2556,44,Female,Master,Self-Employed,86799.56,Married,1,Suburban,36117.07,532,25,Credit Card,No,No
2557,18,Male,Bachelor,Employed,59369.87,Married,0,Rural,19681.75,454,0,Debit Card,Yes,No
2558,38,Male,PhD,Employed,98674.07,Married,4,Urban,30624.61,578,14,Mobile Money,Yes,No
2559,41,Male,Diploma,Student,5000.0,Married,1,Suburban,1000.0,397,18,Credit Card,No,No
2560,49,Male,Bachelor,Self-Employed,57088.3,Married,4,Suburban,22207.19,514,23,Credit Card,Yes,No
2561,25,Female,Bachelor,Self-Employed,59728.12,Married,0,Suburban,20219.57,463,3,Cash,Yes,No
2562,39,Female,Diploma,Self-Employed,55716.33,Single,0,Urban,21317.26,472,19,Credit Card,Yes,No
2563,26,Male,Bachelor,Employed,71654.01,Married,0,Suburban,20797.0,515,2,Debit Card,Yes,No
2564,41,Female,Diploma,Employed,46675.63,Married,1,Urban,15127.99,518,18,Debit Card,No,No
2565,27,Female,High School,Employed,19902.88,Single,0,Urban,3457.27,376,1,Credit Card,No,No
2566,33,Male,Diploma,Employed,46405.22,Single,0,Rural,16584.16,423,13,Debit Card,Yes,No
2567,26,Male,Master,Employed,62449.67,Single,0,Urban,34011.57,510,5,Credit Card,Yes,Yes
2568,45,Male,Bachelor,Employed,52206.86,Married,1,Urban,8272.41,495,23,Credit Card,No,Yes
2569,48,Male,Bachelor,Self-Employed,67497.85,Married,4,Urban,9483.33,488,23,Credit Card,Yes,No
2570,35,Female,Bachelor,Employed,57842.95,Married,0,Urban,17923.96,468,13,Credit Card,No,No
2571,38,Male,High School,Employed,30523.54,Married,1,Suburban,9150.25,484,17,Cash,No,No
2572,20,Male,Diploma,Unemployed,7191.1,Single,0,Urban,4681.64,352,0,Mobile Money,Yes,Yes
2573,34,Female,Bachelor,Self-Employed,74479.67,Single,0,Suburban,34803.88,541,16,Credit Card,No,No
2574,37,Female,PhD,Employed,85779.47,Married,0,Urban,19442.27,496,18,Mobile Money,Yes,No
2575,69,Male,High School,Unemployed,19036.1,Married,5,Urban,3998.36,453,47,Mobile Money,Yes,No
2576,24,Female,Diploma,Self-Employed,37124.96,Single,0,Urban,19002.57,462,3,Debit Card,No,No
2577,55,Male,High School,Employed,31724.24,Married,1,Rural,5811.53,471,30,Debit Card,No,No
2578,49,Male,High School,Employed,20190.79,Married,1,Rural,1000.0,463,29,Mobile Money,No,No
2579,41,Female,Diploma,Employed,33327.34,Single,0,Urban,15509.18,479,22,Cash,No,No
2580,59,Male,Bachelor,Unemployed,12395.9,Single,0,Urban,7203.3,441,40,Debit Card,No,No
2581,42,Female,High School,Employed,42164.84,Married,2,Urban,4872.53,472,19,Mobile Money,Yes,No
2582,42,Male,High School,Employed,40464.2,Married,4,Urban,14417.79,446,15,Mobile Money,No,No
2583,37,Male,Bachelor,Unemployed,23493.99,Single,0,Urban,9992.31,359,15,Debit Card,Yes,No
2584,52,Female,PhD,Employed,90266.29,Married,5,Suburban,29904.5,622,26,Credit Card,No,No
2585,51,Male,Diploma,Employed,41504.47,Married,1,Urban,15519.71,538,30,Debit Card,Yes,No
2586,30,Female,Bachelor,Employed,65131.83,Married,0,Suburban,16823.83,470,7,Mobile Money,No,No
2587,22,Female,Diploma,Employed,45610.44,Single,0,Urban,14503.85,492,0,Credit Card,Yes,No
2588,35,Female,Master,Self-Employed,84144.07,Married,0,Suburban,18025.96,563,16,Debit Card,Yes,Yes
2589,28,Female,Bachelor,Self-Employed,77893.37,Married,1,Suburban,28449.47,449,7,Credit Card,No,No
2590,37,Male,Master,Employed,76516.24,Married,3,Suburban,19294.12,488,18,Mobile Money,Yes,No
2591,52,Female,High School,Employed,31939.36,Married,2,Rural,8097.04,388,30,Credit Card,No,No
2592,32,Female,Bachelor,Employed,51328.19,Single,0,Rural,15384.63,487,14,Credit Card,No,No
2593,37,Female,Bachelor,Student,6606.06,Married,0,Suburban,1000.0,372,16,Debit Card,No,No
2594,38,Female,Diploma,Self-Employed,45310.6,Married,4,Urban,19312.02,459,16,Cash,Yes,No
2595,48,Female,Diploma,Employed,43655.93,Married,1,Urban,27647.79,471,22,Credit Card,No,No
2596,18,Male,Bachelor,Employed,61686.26,Single,0,Rural,27488.19,460,0,Credit Card,No,No
2597,30,Female,Bachelor,Employed,43445.67,Married,1,Suburban,14367.92,465,7,Debit Card,No,No
2598,40,Male,High School,Employed,14427.21,Married,1,Suburban,7193.54,444,15,Credit Card,Yes,No
2599,52,Male,Bachelor,Student,5000.0,Married,3,Urban,4156.07,394,32,Cash,No,No
2600,32,Female,High School,Self-Employed,32738.59,Married,1,Suburban,10296.75,396,5,Credit Card,No,No
2601,18,Male,High School,Self-Employed,45567.58,Single,0,Rural,18106.25,441,0,Mobile Money,Yes,No
2602,45,Male,Bachelor,Employed,52756.65,Single,0,Urban,14595.92,488,23,Mobile Money,Yes,Yes
2603,30,Male,Diploma,Employed,42038.19,Single,0,Suburban,12393.1,448,6,Debit Card,Yes,No
2604,23,Female,Diploma,Employed,43343.24,Single,0,Urban,16191.64,461,1,Debit Card,No,No
2605,30,Male,Diploma,Employed,31811.43,Single,0,Urban,9568.14,405,8,Cash,No,No
2606,35,Female,Bachelor,Employed,66679.11,Single,0,Urban,27903.09,438,9,Mobile Money,Yes,No
2607,30,Male,Diploma,Employed,34681.55,Married,0,Suburban,14780.74,420,7,Credit Card,No,Yes
2608,18,Male,PhD,Employed,102478.33,Single,0,Urban,49550.05,625,0,Credit Card,No,No
2609,48,Male,Diploma,Employed,38990.59,Married,1,Urban,9089.28,472,25,Cash,Yes,No
2610,53,Female,Bachelor,Student,8299.97,Married,4,Urban,1121.34,401,26,Debit Card,Yes,No
2611,45,Male,Diploma,Student,5000.0,Married,0,Urban,7114.27,395,25,Debit Card,No,No
2612,24,Female,Bachelor,Employed,56578.28,Single,0,Urban,13407.02,483,1,Cash,Yes,No
2613,35,Female,Bachelor,Employed,73035.06,Married,0,Rural,22079.38,489,9,Debit Card,Yes,No
2614,37,Female,Diploma,Employed,43308.71,Single,0,Urban,17346.89,545,17,Credit Card,No,No
2615,45,Female,Diploma,Unemployed,14163.49,Single,0,Suburban,5348.0,391,27,Debit Card,No,No
2616,46,Male,Diploma,Student,5000.0,Married,2,Urban,1000.0,379,20,Mobile Money,Yes,No
2617,29,Female,High School,Unemployed,13735.87,Single,0,Urban,1461.99,442,9,Debit Card,Yes,No
2618,38,Female,High School,Self-Employed,37260.94,Married,0,Urban,7698.13,468,13,Debit Card,No,No
2619,43,Female,Bachelor,Employed,54497.32,Married,5,Urban,22136.56,554,17,Debit Card,No,No
2620,55,Female,Bachelor,Employed,58958.36,Married,0,Suburban,8913.15,577,36,Credit Card,Yes,No
2621,46,Female,Diploma,Employed,25473.23,Single,0,Urban,10678.77,467,24,Credit Card,Yes,No
2622,47,Female,Diploma,Self-Employed,47195.8,Married,0,Urban,20965.32,439,26,Cash,No,No
2623,39,Male,High School,Employed,20423.78,Married,1,Urban,9636.18,403,17,Cash,Yes,No
2624,54,Female,High School,Self-Employed,36231.19,Married,5,Urban,11207.12,449,33,Mobile Money,Yes,Yes
2625,42,Female,Bachelor,Self-Employed,60206.4,Married,1,Rural,25499.56,491,21,Cash,No,No
2626,27,Female,Bachelor,Employed,49753.28,Married,0,Urban,21933.09,426,7,Debit Card,Yes,Yes
2627,54,Male,High School,Student,5000.0,Married,0,Urban,1000.0,394,35,Debit Card,Yes,No
2628,46,Female,Diploma,Employed,48925.32,Married,1,Urban,6709.21,532,21,Debit Card,Yes,No
2629,32,Female,Master,Student,8578.03,Single,0,Suburban,6563.35,409,12,Credit Card,Yes,No
2630,32,Male,High School,Student,5000.0,Married,0,Urban,6377.99,329,5,Mobile Money,No,Yes
2631,41,Female,Diploma,Employed,52244.92,Married,2,Urban,25507.76,500,22,Credit Card,Yes,No
2632,43,Male,Bachelor,Employed,59543.66,Married,1,Rural,16966.38,456,18,Credit Card,Yes,No
2633,40,Female,Bachelor,Employed,38722.89,Married,3,Suburban,8495.7,465,15,Credit Card,No,Yes
2634,41,Male,Diploma,Self-Employed,59082.88,Married,3,Urban,10375.18,471,19,Credit Card,No,No
2635,58,Male,Master,Employed,83183.13,Single,0,Suburban,27405.69,571,39,Debit Card,No,No
2636,50,Male,High School,Student,18435.01,Married,0,Urban,4557.46,402,23,Credit Card,No,No
2637,40,Female,Bachelor,Employed,60345.51,Married,1,Suburban,20451.75,522,15,Cash,No,No
2638,49,Male,High School,Self-Employed,27186.32,Married,1,Rural,6196.81,433,28,Cash,Yes,No
2639,25,Female,Bachelor,Student,10606.2,Married,0,Urban,8140.19,364,3,Debit Card,Yes,Yes
2640,42,Female,Master,Self-Employed,72412.44,Married,2,Rural,30603.92,499,16,Cash,No,No
2641,59,Female,Diploma,Employed,33071.87,Married,1,Suburban,7985.5,471,36,Credit Card,No,No
2642,35,Male,Bachelor,Employed,46112.91,Single,0,Rural,13082.14,471,14,Credit Card,No,No
2643,27,Female,Master,Employed,64983.76,Married,0,Suburban,22504.83,469,0,Debit Card,Yes,Yes
2644,30,Female,High School,Employed,31311.63,Married,0,Urban,9680.74,365,5,Cash,Yes,Yes
2645,24,Male,Bachelor,Employed,51440.7,Single,0,Urban,20435.68,473,6,Credit Card,Yes,No
2646,28,Male,Master,Employed,66097.11,Married,0,Suburban,32707.54,508,5,Credit Card,No,No
2647,33,Male,Bachelor,Self-Employed,63672.84,Married,0,Urban,29636.92,480,7,Credit Card,Yes,No
2648,21,Female,High School,Employed,41995.78,Single,0,Urban,21312.84,450,0,Credit Card,Yes,Yes
2649,38,Male,High School,Self-Employed,53310.04,Married,3,Suburban,11618.99,470,15,Debit Card,No,No
2650,48,Male,Diploma,Employed,36394.43,Married,3,Suburban,15014.21,434,23,Credit Card,Yes,Yes
2651,27,Female,High School,Employed,32688.59,Single,0,Urban,7010.12,432,8,Cash,No,No
2652,56,Female,Bachelor,Employed,48269.78,Married,4,Urban,20696.85,545,33,Credit Card,No,No
2653,44,Female,High School,Employed,36141.21,Single,0,Suburban,13161.19,470,25,Credit Card,No,Yes
2654,50,Female,High School,Employed,26188.4,Married,5,Suburban,7610.37,478,25,Debit Card,No,No
2655,30,Male,Diploma,Self-Employed,42311.16,Married,0,Urban,10880.46,433,5,Credit Card,Yes,No
2656,48,Female,Diploma,Student,24012.7,Married,4,Urban,13841.69,441,29,Credit Card,No,No
2657,24,Male,Bachelor,Employed,44151.45,Single,0,Rural,9867.63,476,1,Cash,Yes,No
2658,48,Female,Bachelor,Employed,35377.38,Married,2,Urban,9415.51,494,22,Debit Card,Yes,Yes
2659,40,Female,High School,Employed,35878.64,Married,1,Suburban,14320.32,480,18,Mobile Money,No,No
2660,44,Male,High School,Unemployed,6058.97,Married,2,Urban,1000.0,387,18,Credit Card,Yes,No
2661,23,Female,High School,Self-Employed,30832.03,Single,0,Urban,12607.08,403,2,Cash,Yes,Yes
2662,27,Male,Diploma,Self-Employed,69853.27,Married,0,Rural,10811.22,502,3,Mobile Money,Yes,No
2663,45,Male,High School,Employed,35841.81,Married,3,Urban,8099.23,428,24,Debit Card,No,Yes
2664,26,Female,Bachelor,Employed,54531.89,Married,0,Suburban,17693.79,409,1,Credit Card,No,Yes
2665,43,Female,High School,Employed,24336.55,Married,2,Urban,15164.76,460,21,Cash,No,No
2666,21,Female,Master,Unemployed,24566.3,Single,0,Urban,8459.46,351,0,Debit Card,No,No
2667,48,Female,Diploma,Employed,26137.18,Married,2,Urban,12104.19,443,29,Debit Card,No,No
2668,23,Female,Diploma,Self-Employed,43871.19,Single,0,Suburban,23282.85,459,0,Mobile Money,Yes,No
2669,44,Male,Bachelor,Employed,54703.21,Married,2,Urban,17441.67,482,26,Debit Card,Yes,No
2670,45,Male,Bachelor,Employed,56707.93,Married,2,Urban,11785.78,488,20,Credit Card,Yes,No
2671,29,Male,Bachelor,Employed,53860.55,Single,0,Rural,31496.11,494,7,Credit Card,No,No
2672,44,Male,Master,Self-Employed,78454.31,Married,1,Urban,25412.3,572,20,Credit Card,No,No
2673,41,Female,Diploma,Employed,47365.3,Married,0,Rural,16610.53,524,18,Credit Card,No,No
2674,31,Male,Master,Student,5000.0,Single,0,Urban,1000.0,367,4,Debit Card,Yes,No
2675,25,Male,Diploma,Employed,37776.61,Single,0,Rural,4596.85,367,6,Mobile Money,No,No
2676,18,Male,Master,Employed,65856.56,Single,0,Urban,14136.26,470,0,Credit Card,Yes,No
2677,42,Female,Diploma,Employed,48094.74,Married,0,Rural,18676.58,481,15,Cash,No,Yes
2678,19,Female,Diploma,Unemployed,8328.94,Single,0,Suburban,1415.8,320,1,Cash,No,Yes
2679,39,Male,Bachelor,Employed,58501.31,Single,0,Suburban,19145.18,506,15,Mobile Money,No,No
2680,34,Female,High School,Employed,32664.37,Married,0,Urban,9155.91,397,7,Credit Card,Yes,No
2681,46,Male,High School,Employed,15319.05,Single,0,Suburban,4350.8,475,24,Debit Card,No,No
2682,34,Female,Diploma,Employed,39474.82,Single,0,Rural,9905.54,430,9,Mobile Money,Yes,No
2683,34,Male,Bachelor,Self-Employed,52058.11,Married,0,Suburban,16623.29,401,13,Mobile Money,No,No
2684,46,Male,Master,Employed,72810.28,Married,2,Urban,14868.66,556,22,Cash,Yes,No
2685,42,Female,Bachelor,Self-Employed,60157.43,Married,2,Urban,25700.22,527,16,Credit Card,Yes,No
2686,41,Female,Master,Self-Employed,93493.36,Single,0,Rural,26855.09,543,22,Credit Card,No,No
2687,43,Male,Bachelor,Unemployed,15053.86,Married,0,Urban,2969.82,377,18,Credit Card,No,No
2688,19,Female,High School,Employed,23839.55,Single,0,Urban,12545.86,440,0,Credit Card,No,Yes
2689,47,Female,High School,Employed,39598.87,Married,1,Urban,16595.03,544,22,Credit Card,No,No
2690,45,Female,Bachelor,Student,5000.0,Married,1,Suburban,1000.0,427,22,Mobile Money,Yes,No
2691,25,Male,Diploma,Self-Employed,55157.56,Married,0,Suburban,23819.03,454,5,Credit Card,Yes,No
2692,35,Male,High School,Employed,33740.23,Single,0,Urban,9916.8,422,10,Credit Card,Yes,No
2693,37,Female,Diploma,Employed,37076.55,Married,0,Suburban,8854.59,458,18,Debit Card,Yes,No
2694,36,Male,Bachelor,Student,5000.0,Married,1,Urban,1000.0,399,16,Cash,Yes,No
2695,42,Male,Diploma,Employed,49933.3,Married,0,Urban,18419.99,476,23,Credit Card,Yes,No
2696,55,Male,Master,Unemployed,25003.71,Single,0,Suburban,8796.6,446,35,Debit Card,No,No
2697,50,Female,Bachelor,Employed,48824.42,Married,3,Urban,10696.45,482,26,Debit Card,No,No
2698,22,Male,Bachelor,Employed,56956.85,Single,0,Urban,19803.96,420,0,Debit Card,No,No
2699,45,Female,PhD,Employed,98049.3,Single,0,Urban,42409.85,587,19,Mobile Money,No,No
2700,53,Male,Diploma,Employed,40896.15,Married,1,Urban,14097.99,496,35,Credit Card,No,Yes
2701,42,Male,Bachelor,Employed,56907.19,Married,1,Urban,32178.83,510,15,Debit Card,No,No
2702,51,Male,Master,Unemployed,29256.03,Married,5,Suburban,9177.43,444,24,Credit Card,Yes,No
2703,62,Male,Bachelor,Self-Employed,78298.1,Single,0,Suburban,31454.44,612,43,Mobile Money,No,No
2704,50,Female,Bachelor,Self-Employed,65043.21,Married,4,Urban,28602.09,537,28,Credit Card,No,No
2705,40,Female,Diploma,Self-Employed,37300.46,Single,0,Urban,4093.67,484,16,Debit Card,Yes,Yes
2706,50,Male,Bachelor,Employed,44579.39,Single,0,Suburban,18383.55,488,32,Cash,No,No
2707,39,Male,High School,Employed,24472.06,Single,0,Suburban,7272.27,426,15,Credit Card,Yes,No
2708,38,Female,PhD,Student,10520.87,Single,0,Rural,1923.24,422,20,Debit Card,No,No
2709,33,Female,Master,Employed,56540.25,Married,1,Urban,17105.37,467,15,Debit Card,Yes,No
2710,56,Female,Master,Employed,84782.6,Married,5,Rural,23822.98,576,36,Credit Card,No,Yes
2711,28,Female,Bachelor,Student,15224.79,Single,0,Urban,3923.01,382,3,Debit Card,Yes,No
2712,56,Male,High School,Employed,25809.62,Married,1,Urban,6278.77,458,38,Debit Card,No,No
2713,43,Female,High School,Unemployed,8739.87,Married,1,Suburban,1000.0,396,20,Credit Card,Yes,No
2714,21,Male,Master,Unemployed,6708.81,Single,0,Urban,1000.0,340,0,Credit Card,No,No
2715,42,Male,Diploma,Employed,49258.58,Single,0,Urban,10023.75,549,15,Mobile Money,Yes,No
2716,18,Female,Diploma,Employed,24403.12,Single,0,Urban,5847.82,427,0,Credit Card,Yes,No
2717,45,Female,Bachelor,Student,15080.22,Married,0,Urban,6818.33,406,23,Credit Card,Yes,No
2718,48,Female,Diploma,Employed,25292.62,Married,4,Urban,7897.93,439,28,Debit Card,No,No
2719,30,Male,Bachelor,Employed,51687.94,Single,0,Suburban,14226.7,511,10,Credit Card,Yes,No
2720,39,Male,Diploma,Employed,49941.51,Single,0,Suburban,11247.94,511,17,Credit Card,Yes,No
2721,61,Male,Bachelor,Self-Employed,52928.38,Married,5,Rural,21987.14,541,37,Debit Card,Yes,No
2722,31,Female,Master,Self-Employed,82810.33,Single,0,Suburban,25125.67,533,9,Cash,Yes,No
2723,25,Male,High School,Student,11022.17,Married,0,Urban,6973.65,366,4,Credit Card,No,No
2724,55,Female,Diploma,Student,11713.36,Single,0,Rural,4891.68,434,37,Debit Card,Yes,No
2725,61,Male,Diploma,Student,8561.49,Married,4,Suburban,6650.39,435,38,Credit Card,Yes,No
2726,38,Female,PhD,Employed,93966.11,Single,0,Urban,44858.17,547,18,Debit Card,Yes,No
2727,50,Female,Diploma,Self-Employed,43113.41,Married,0,Urban,28547.82,539,26,Debit Card,No,No
2728,54,Male,Diploma,Employed,55462.37,Single,0,Urban,30314.82,540,31,Credit Card,No,No
2729,29,Male,Bachelor,Employed,42115.06,Single,0,Rural,19313.79,462,7,Cash,Yes,No
2730,32,Female,Diploma,Unemployed,21296.57,Single,0,Urban,11156.45,365,7,Debit Card,No,No
2731,52,Female,PhD,Employed,91515.96,Married,4,Urban,50484.52,613,26,Credit Card,Yes,No
2732,58,Female,Master,Student,18936.87,Single,0,Rural,3609.42,392,31,Mobile Money,No,No
2733,44,Female,Bachelor,Employed,61356.37,Married,2,Rural,21389.13,475,21,Cash,No,No
2734,27,Male,Bachelor,Unemployed,20945.03,Single,0,Urban,1000.0,419,4,Credit Card,No,No
2735,61,Female,High School,Employed,23511.83,Married,5,Rural,8771.15,492,36,Credit Card,No,No
2736,31,Male,Bachelor,Employed,52709.84,Married,0,Urban,18209.14,405,10,Debit Card,Yes,Yes
2737,33,Female,Bachelor,Employed,43387.28,Single,0,Rural,15384.45,477,8,Debit Card,No,No
2738,42,Male,Diploma,Employed,37612.03,Single,0,Rural,4599.27,501,22,Debit Card,No,No
2739,56,Female,High School,Employed,32580.15,Married,2,Suburban,11185.69,450,37,Debit Card,No,No
2740,48,Male,Master,Student,18857.03,Married,0,Suburban,10647.48,457,23,Credit Card,Yes,No
2741,42,Male,Diploma,Self-Employed,51131.47,Single,0,Suburban,20878.57,488,16,Debit Card,Yes,No
2742,43,Male,Bachelor,Employed,40959.28,Married,4,Urban,12155.44,475,22,Credit Card,No,No
2743,38,Female,High School,Employed,25502.61,Married,3,Urban,5921.24,434,16,Debit Card,Yes,No
2744,44,Female,Diploma,Employed,34702.0,Married,0,Urban,12239.45,450,24,Credit Card,Yes,No
2745,18,Female,Master,Employed,59518.66,Married,1,Rural,30829.68,510,0,Debit Card,Yes,Yes
2746,34,Male,Diploma,Self-Employed,41312.53,Married,0,Suburban,11319.03,488,11,Credit Card,Yes,No
2747,40,Female,Bachelor,Employed,55010.23,Single,0,Suburban,27967.74,542,20,Cash,Yes,No
2748,24,Female,High School,Self-Employed,47310.31,Single,0,Urban,17267.85,445,4,Credit Card,Yes,No
2749,42,Male,Diploma,Employed,32375.49,Single,0,Rural,18984.1,445,17,Debit Card,Yes,No
2750,35,Male,Master,Employed,60969.08,Single,0,Urban,15495.5,504,17,Credit Card,Yes,No
2751,59,Male,Bachelor,Self-Employed,61204.22,Married,2,Urban,28078.25,573,35,Debit Card,Yes,No
2752,56,Male,Master,Employed,72699.73,Married,2,Urban,17438.03,564,35,Credit Card,Yes,No
2753,32,Male,Master,Unemployed,30789.66,Married,1,Rural,5966.56,428,11,Credit Card,No,No
2754,36,Female,Master,Self-Employed,83307.93,Married,0,Rural,34810.19,541,10,Credit Card,Yes,No
2755,37,Male,Master,Self-Employed,72432.97,Married,1,Rural,30973.37,540,15,Debit Card,No,No
2756,32,Female,High School,Employed,20135.34,Single,0,Urban,7286.57,407,10,Credit Card,Yes,Yes
2757,40,Female,Master,Student,15506.25,Married,1,Rural,2799.87,397,22,Debit Card,No,No
2758,28,Female,High School,Self-Employed,43962.04,Single,0,Urban,21572.38,428,3,Credit Card,Yes,Yes
2759,24,Female,High School,Employed,44525.94,Single,0,Urban,15749.43,423,1,Credit Card,Yes,No
2760,45,Male,High School,Employed,20540.79,Married,3,Suburban,7672.02,390,26,Credit Card,Yes,No
2761,45,Female,Diploma,Employed,41118.2,Married,3,Rural,8466.12,446,23,Credit Card,Yes,No
2762,28,Male,Bachelor,Employed,46761.24,Married,1,Suburban,12592.26,503,6,Credit Card,No,No
2763,48,Female,Diploma,Student,5000.0,Married,1,Urban,1000.0,422,21,Debit Card,Yes,No
2764,30,Female,High School,Employed,22133.51,Married,0,Urban,13810.88,422,8,Credit Card,No,No
2765,41,Female,Diploma,Unemployed,9325.91,Married,3,Suburban,6944.66,390,19,Debit Card,No,Yes
2766,47,Female,Diploma,Employed,32941.77,Single,0,Rural,12899.1,398,27,Cash,No,No
2767,37,Male,Bachelor,Employed,74830.77,Single,0,Urban,20373.08,540,17,Cash,Yes,No
2768,43,Male,Diploma,Student,5000.0,Married,2,Rural,1000.0,408,21,Credit Card,Yes,No
2769,31,Female,High School,Employed,37902.22,Single,0,Urban,17699.21,453,4,Debit Card,Yes,No
2770,35,Male,Diploma,Employed,34723.78,Single,0,Rural,15689.95,446,13,Credit Card,No,No
2771,35,Female,Diploma,Student,25865.92,Married,1,Suburban,2996.94,381,11,Cash,No,Yes
2772,29,Male,Bachelor,Student,13712.52,Single,0,Urban,1000.0,436,2,Debit Card,Yes,No
2773,35,Female,Diploma,Unemployed,18695.45,Married,0,Urban,12143.22,449,15,Debit Card,Yes,No
2774,19,Male,Diploma,Unemployed,7271.38,Married,1,Rural,5724.67,399,0,Debit Card,Yes,No
2775,32,Female,Diploma,Self-Employed,55811.52,Married,2,Suburban,15726.29,420,14,Credit Card,No,No
2776,34,Female,Diploma,Employed,42679.11,Single,0,Urban,10268.08,468,12,Debit Card,Yes,No
2777,34,Male,PhD,Self-Employed,104968.18,Married,0,Urban,49161.68,609,12,Credit Card,Yes,No
2778,35,Male,High School,Student,5000.0,Married,1,Urban,1084.52,397,17,Debit Card,Yes,No
2779,37,Male,Master,Employed,68099.65,Married,2,Suburban,27311.08,510,16,Mobile Money,No,No
2780,43,Male,Bachelor,Employed,52414.85,Single,0,Suburban,16707.15,508,19,Cash,No,No
2781,48,Male,High School,Employed,36952.23,Married,2,Rural,18136.77,492,21,Debit Card,Yes,No
2782,30,Male,PhD,Self-Employed,106142.01,Married,0,Suburban,25115.93,591,7,Cash,No,Yes
2783,23,Female,Bachelor,Employed,39627.65,Single,0,Urban,10300.11,393,2,Credit Card,No,No
2784,25,Male,Bachelor,Self-Employed,71169.44,Single,0,Suburban,16537.83,537,7,Debit Card,Yes,No
2785,32,Female,Diploma,Employed,50345.33,Married,0,Suburban,16298.18,508,10,Debit Card,No,Yes
2786,33,Female,Bachelor,Self-Employed,52671.46,Single,0,Urban,13510.89,491,7,Mobile Money,Yes,No
2787,28,Male,Diploma,Employed,54437.84,Married,0,Rural,14968.19,486,2,Mobile Money,Yes,No
2788,22,Male,High School,Employed,41173.21,Married,0,Suburban,14898.08,390,0,Credit Card,Yes,Yes
2789,32,Female,Master,Self-Employed,78952.95,Married,1,Urban,15019.19,518,14,Debit Card,Yes,No
2790,40,Male,Master,Employed,61062.72,Married,1,Rural,19657.24,462,17,Mobile Money,Yes,No
2791,45,Female,High School,Employed,38423.82,Single,0,Rural,4983.7,550,20,Debit Card,No,No
2792,31,Female,Bachelor,Employed,44042.81,Married,0,Rural,18555.93,462,9,Debit Card,Yes,No
2793,33,Male,Bachelor,Employed,49653.28,Married,2,Rural,12383.31,490,8,Cash,No,Yes
2794,26,Female,High School,Employed,19478.96,Married,1,Urban,7348.36,388,1,Mobile Money,Yes,No
2795,37,Male,Diploma,Student,8047.26,Married,1,Rural,6208.85,303,17,Mobile Money,Yes,No
2796,27,Male,Diploma,Self-Employed,59721.48,Single,0,Suburban,27358.43,444,0,Credit Card,Yes,Yes
2797,44,Female,Bachelor,Unemployed,19499.33,Married,1,Suburban,10355.58,390,24,Credit Card,No,No
2798,18,Female,Master,Employed,78144.6,Single,0,Rural,24382.43,498,0,Debit Card,Yes,No
2799,33,Female,High School,Employed,27185.58,Single,0,Urban,8365.24,403,14,Debit Card,Yes,Yes
2800,41,Female,Bachelor,Employed,55778.42,Single,0,Rural,21065.35,529,17,Debit Card,No,No
2801,40,Female,Bachelor,Self-Employed,56188.5,Married,0,Suburban,19287.51,472,16,Debit Card,Yes,No
2802,70,Female,Bachelor,Employed,54224.91,Married,3,Suburban,19646.7,555,43,Credit Card,No,No
2803,42,Male,High School,Self-Employed,30032.24,Married,1,Suburban,11993.09,422,18,Credit Card,No,No
2804,25,Female,Bachelor,Employed,53717.84,Married,0,Suburban,11969.02,492,0,Debit Card,Yes,Yes
2805,36,Female,Master,Employed,68167.9,Single,0,Urban,28686.49,529,11,Credit Card,Yes,No
2806,18,Male,Diploma,Employed,37484.48,Single,0,Rural,9587.57,383,0,Cash,No,No
2807,37,Female,Diploma,Unemployed,28860.46,Single,0,Urban,10204.07,431,11,Mobile Money,Yes,No
2808,28,Male,Master,Employed,84140.36,Single,0,Rural,23197.87,502,9,Credit Card,No,No
2809,48,Female,High School,Employed,41329.14,Married,2,Suburban,12197.62,521,23,Debit Card,No,No
2810,31,Female,Master,Student,28360.47,Married,1,Rural,10942.12,398,8,Debit Card,No,No
2811,36,Female,Diploma,Self-Employed,59354.42,Married,2,Urban,10329.91,515,11,Cash,No,No
2812,30,Male,High School,Employed,29820.98,Married,0,Rural,18204.11,428,5,Mobile Money,Yes,No
2813,58,Female,High School,Employed,29000.72,Married,3,Suburban,5189.87,456,36,Credit Card,No,No
2814,34,Male,High School,Employed,31883.2,Married,3,Rural,8248.11,479,10,Cash,No,No
2815,59,Female,High School,Employed,28314.52,Married,5,Urban,9326.14,468,41,Mobile Money,Yes,No
2816,47,Female,Bachelor,Self-Employed,57679.64,Married,1,Rural,15444.62,469,20,Credit Card,Yes,No
2817,43,Female,High School,Employed,32372.84,Married,3,Rural,17016.45,452,17,Debit Card,Yes,No
2818,42,Female,Master,Unemployed,8471.03,Married,3,Urban,1000.0,382,21,Mobile Money,No,No
2819,42,Female,Bachelor,Employed,56101.13,Married,1,Urban,23467.84,553,18,Credit Card,No,No
2820,18,Male,Diploma,Employed,32041.82,Single,0,Suburban,11460.88,424,0,Debit Card,Yes,No
2821,34,Male,Diploma,Student,7351.69,Married,0,Urban,2572.01,419,15,Credit Card,No,No
2822,48,Female,Bachelor,Employed,56529.63,Married,1,Urban,13305.83,466,26,Debit Card,No,No
2823,37,Female,Diploma,Unemployed,9177.17,Married,0,Rural,1000.0,440,11,Mobile Money,No,No
2824,21,Male,High School,Self-Employed,22875.91,Single,0,Urban,12866.92,380,2,Credit Card,No,No
2825,37,Female,Master,Employed,60495.85,Married,1,Suburban,34276.23,468,17,Credit Card,Yes,No
2826,58,Male,Diploma,Employed,43665.95,Married,2,Suburban,13816.7,522,32,Debit Card,No,No
2827,52,Male,High School,Employed,25540.46,Married,4,Urban,14217.78,444,33,Debit Card,No,No
2828,37,Female,Bachelor,Student,15486.8,Married,0,Suburban,10591.71,389,18,Cash,No,No
2829,49,Male,Bachelor,Employed,55077.61,Single,0,Rural,24545.92,544,22,Credit Card,Yes,No
2830,33,Male,Diploma,Employed,38417.34,Single,0,Suburban,17132.63,397,11,Credit Card,Yes,No
2831,18,Male,Master,Employed,72781.15,Married,1,Suburban,23415.58,463,0,Debit Card,Yes,No
2832,26,Female,Bachelor,Self-Employed,60600.82,Married,2,Suburban,18143.45,485,3,Debit Card,No,Yes
2833,56,Female,Bachelor,Employed,58203.16,Married,4,Urban,25063.5,545,38,Credit Card,No,No
2834,34,Female,Diploma,Employed,36643.94,Single,0,Urban,9279.76,396,14,Credit Card,Yes,No
2835,35,Male,PhD,Student,38290.28,Single,0,Urban,17797.59,467,8,Debit Card,Yes,No
2836,34,Female,Diploma,Employed,30928.52,Single,0,Urban,18448.08,446,16,Credit Card,Yes,No
2837,60,Female,Bachelor,Employed,52142.01,Married,3,Rural,14568.17,494,38,Credit Card,Yes,No
2838,57,Female,Diploma,Self-Employed,45464.74,Married,5,Urban,7716.94,441,36,Debit Card,Yes,No
2839,64,Female,Bachelor,Unemployed,5685.08,Married,5,Urban,1000.0,404,46,Credit Card,No,No
2840,36,Male,High School,Employed,35806.5,Married,1,Suburban,16520.83,471,18,Credit Card,No,No
2841,41,Male,High School,Employed,26570.21,Married,1,Suburban,10615.68,431,15,Debit Card,Yes,No
2842,19,Male,Master,Employed,50961.77,Married,0,Urban,26675.67,415,0,Credit Card,No,No
2843,55,Male,Diploma,Employed,45561.03,Married,1,Urban,12442.96,527,36,Cash,No,No
2844,23,Female,Diploma,Self-Employed,42910.65,Single,0,Urban,22460.39,415,5,Debit Card,Yes,No
2845,40,Female,Bachelor,Employed,54160.79,Single,0,Suburban,13160.33,518,16,Credit Card,Yes,No
2846,24,Female,Bachelor,Self-Employed,71414.58,Married,2,Urban,22048.63,492,2,Credit Card,Yes,Yes
2847,30,Male,High School,Employed,27082.35,Single,0,Suburban,9228.41,364,4,Cash,No,Yes
2848,27,Male,High School,Unemployed,6016.83,Single,0,Urban,1000.0,387,5,Credit Card,Yes,Yes
2849,30,Male,PhD,Employed,109717.62,Married,0,Urban,37039.22,584,4,Credit Card,Yes,No
2850,31,Male,Bachelor,Student,5000.0,Single,0,Rural,4395.63,387,5,Debit Card,No,No
2851,31,Male,Diploma,Employed,29712.28,Married,0,Urban,3508.23,409,11,Debit Card,Yes,No
2852,48,Female,Master,Self-Employed,75263.51,Married,2,Suburban,30220.66,520,29,Mobile Money,No,No
2853,24,Male,Bachelor,Employed,69312.18,Single,0,Urban,28914.15,515,2,Cash,Yes,No
2854,40,Female,High School,Employed,24843.09,Married,3,Urban,4930.32,443,13,Credit Card,Yes,No
2855,52,Male,High School,Unemployed,10921.67,Married,1,Urban,5573.52,418,32,Debit Card,Yes,No
2856,31,Female,Diploma,Employed,36207.37,Single,0,Rural,4898.99,440,5,Mobile Money,No,No
2857,29,Female,Master,Employed,74825.6,Single,0,Suburban,39448.56,486,7,Credit Card,No,No
2858,35,Male,High School,Self-Employed,35898.29,Married,2,Suburban,19497.38,451,8,Credit Card,No,No
2859,52,Female,High School,Self-Employed,38024.79,Married,3,Suburban,14199.38,510,30,Credit Card,No,No
2860,40,Female,Master,Employed,80297.97,Single,0,Urban,25961.33,621,17,Credit Card,No,No
2861,31,Female,High School,Employed,33522.16,Married,2,Urban,15488.54,431,10,Credit Card,Yes,No
2862,43,Female,Bachelor,Employed,49119.46,Single,0,Urban,23665.45,513,25,Credit Card,No,No
2863,24,Male,High School,Student,8496.54,Single,0,Urban,4182.04,386,4,Credit Card,No,No
2864,46,Female,Bachelor,Employed,74349.22,Married,2,Urban,14476.15,553,25,Credit Card,No,No
2865,42,Female,Diploma,Self-Employed,52519.76,Married,0,Rural,17793.7,478,22,Cash,Yes,No
2866,34,Male,High School,Employed,31215.28,Single,0,Suburban,9685.85,407,7,Debit Card,Yes,No
2867,27,Male,Bachelor,Employed,44035.58,Married,2,Urban,12825.87,428,2,Cash,No,No
2868,27,Female,Bachelor,Employed,60795.35,Married,1,Rural,24107.61,472,3,Debit Card,No,No
2869,44,Male,Bachelor,Self-Employed,72977.82,Married,3,Urban,16843.77,521,23,Debit Card,Yes,No
2870,52,Female,Bachelor,Employed,57501.79,Married,5,Urban,17619.48,482,32,Cash,Yes,No
2871,30,Female,Bachelor,Employed,55912.75,Married,2,Rural,8600.97,490,8,Credit Card,No,No
2872,43,Female,Bachelor,Employed,77660.32,Married,0,Urban,35647.49,512,19,Debit Card,No,No
2873,18,Male,Bachelor,Employed,61843.42,Single,0,Urban,19250.82,488,0,Credit Card,Yes,No
2874,30,Male,Bachelor,Employed,64920.23,Single,0,Urban,32267.39,477,5,Mobile Money,No,No
2875,37,Male,Bachelor,Employed,55535.06,Single,0,Suburban,29808.88,447,19,Mobile Money,No,No
2876,27,Female,Bachelor,Self-Employed,64947.24,Married,0,Urban,28481.3,451,7,Mobile Money,Yes,No
2877,26,Female,High School,Employed,35056.79,Single,0,Urban,11809.86,424,0,Debit Card,Yes,No
2878,29,Female,High School,Employed,28939.66,Married,1,Urban,15837.59,416,11,Credit Card,No,No
2879,41,Female,Diploma,Student,7596.53,Married,0,Rural,1000.0,362,15,Credit Card,Yes,No
2880,35,Male,Master,Employed,73705.65,Single,0,Rural,24895.75,500,16,Mobile Money,No,No
2881,18,Male,Bachelor,Student,6897.52,Single,0,Urban,1000.0,369,0,Cash,Yes,No
2882,18,Female,Bachelor,Employed,56763.27,Married,0,Urban,6162.97,459,0,Credit Card,Yes,No
2883,30,Female,Diploma,Employed,40640.67,Married,1,Suburban,13186.27,429,6,Credit Card,No,No
2884,43,Male,High School,Employed,37736.21,Single,0,Urban,9895.48,501,23,Mobile Money,No,No
2885,18,Male,Master,Employed,65109.49,Married,1,Rural,14873.6,400,0,Credit Card,Yes,Yes
2886,32,Male,Master,Employed,54000.54,Married,0,Suburban,22671.48,440,13,Cash,Yes,No
2887,31,Male,High School,Employed,27514.92,Single,0,Urban,11125.58,390,12,Debit Card,Yes,No
2888,54,Female,Bachelor,Self-Employed,69178.29,Married,0,Urban,17142.28,581,28,Credit Card,Yes,No
2889,33,Female,Diploma,Employed,47712.86,Single,0,Rural,11431.95,483,13,Debit Card,No,No
2890,42,Female,Diploma,Employed,34457.26,Married,2,Urban,20809.84,526,18,Cash,Yes,Yes
2891,39,Female,Bachelor,Employed,59336.8,Married,2,Urban,27461.53,513,13,Debit Card,Yes,No
2892,18,Female,Bachelor,Self-Employed,75081.23,Single,0,Urban,22651.55,485,0,Credit Card,Yes,Yes
2893,47,Female,Bachelor,Employed,61010.01,Married,2,Urban,14796.62,581,28,Mobile Money,No,No
2894,40,Male,High School,Employed,23674.92,Married,1,Urban,10114.89,399,20,Credit Card,Yes,No
2895,44,Female,Diploma,Unemployed,6534.19,Married,1,Rural,3421.35,378,19,Credit Card,No,No
2896,70,Male,Diploma,Student,11480.03,Married,4,Suburban,1000.0,422,43,Credit Card,No,No
2897,18,Male,Diploma,Employed,53002.72,Single,0,Suburban,11511.54,464,0,Cash,Yes,No
2898,58,Male,Bachelor,Student,11113.32,Married,4,Urban,1000.0,442,34,Mobile Money,No,No
2899,34,Female,Diploma,Employed,38677.38,Married,0,Urban,12230.39,441,9,Debit Card,Yes,No
2900,41,Male,Diploma,Student,5000.0,Single,0,Rural,2674.21,395,23,Debit Card,No,No
2901,37,Male,Diploma,Self-Employed,45085.7,Married,1,Urban,13361.55,465,11,Credit Card,Yes,No
2902,32,Male,Bachelor,Unemployed,10778.09,Single,0,Rural,4783.58,338,14,Mobile Money,No,Yes
2903,31,Female,Bachelor,Self-Employed,66217.59,Married,0,Suburban,24337.03,538,10,Credit Card,No,No
2904,41,Female,Bachelor,Employed,42897.41,Married,2,Suburban,17941.84,449,14,Credit Card,No,No
2905,19,Female,High School,Employed,27371.28,Single,0,Urban,12837.18,406,0,Debit Card,Yes,Yes
2906,47,Male,Diploma,Employed,31928.53,Married,0,Suburban,13730.17,436,23,Debit Card,Yes,No
2907,33,Male,High School,Employed,37521.83,Married,1,Rural,16772.24,427,13,Debit Card,Yes,No
2908,24,Female,High School,Employed,23126.62,Single,0,Urban,8822.77,384,1,Mobile Money,Yes,No
2909,32,Male,Diploma,Student,5000.0,Married,0,Urban,1000.0,376,8,Credit Card,Yes,No
2910,53,Female,High School,Employed,32257.01,Married,5,Suburban,15487.36,499,26,Credit Card,No,No
2911,31,Female,Bachelor,Employed,51370.28,Married,0,Suburban,27764.46,449,6,Credit Card,Yes,No
2912,42,Female,PhD,Employed,108875.62,Married,1,Suburban,38066.77,589,17,Credit Card,Yes,No
2913,29,Female,High School,Self-Employed,43444.12,Married,0,Urban,14308.87,430,2,Mobile Money,Yes,No
2914,47,Male,Master,Employed,70137.65,Married,0,Urban,22221.38,513,28,Credit Card,No,No
2915,46,Male,High School,Employed,32944.81,Single,0,Urban,10912.26,469,27,Mobile Money,No,No
2916,60,Female,Bachelor,Unemployed,5000.0,Married,0,Urban,6134.33,469,35,Credit Card,No,No
2917,35,Male,Bachelor,Unemployed,26353.8,Married,0,Suburban,17539.88,435,9,Credit Card,No,No
2918,46,Male,Master,Self-Employed,88095.17,Married,4,Urban,19083.38,562,24,Credit Card,No,No
2919,39,Male,High School,Self-Employed,35414.74,Married,1,Rural,12416.86,501,19,Credit Card,No,No
2920,53,Male,Diploma,Employed,44526.8,Married,1,Rural,13385.81,474,29,Credit Card,No,No
2921,29,Male,High School,Self-Employed,41502.79,Single,0,Urban,19912.41,444,9,Debit Card,Yes,No
2922,46,Male,Diploma,Employed,36669.02,Single,0,Suburban,10122.38,511,25,Credit Card,Yes,No
2923,35,Female,Master,Employed,73041.3,Married,1,Rural,14576.27,478,12,Debit Card,No,No
2924,37,Female,Bachelor,Employed,63389.8,Married,1,Suburban,21647.65,495,10,Credit Card,No,No
2925,39,Female,Bachelor,Employed,58639.18,Married,4,Urban,16344.01,508,12,Credit Card,Yes,No
2926,41,Female,Bachelor,Employed,52979.15,Married,3,Rural,28259.74,497,15,Credit Card,No,No
2927,36,Male,Master,Employed,72373.21,Married,0,Suburban,30888.25,505,9,Mobile Money,No,No
2928,40,Male,Diploma,Employed,51057.91,Married,0,Urban,9678.76,532,14,Credit Card,No,No
2929,56,Male,High School,Employed,36271.81,Single,0,Suburban,10801.65,470,32,Mobile Money,Yes,No
2930,49,Female,Master,Self-Employed,74695.46,Married,3,Suburban,33163.64,526,23,Cash,Yes,No
2931,48,Female,Diploma,Employed,44693.47,Married,2,Urban,14840.37,480,30,Cash,Yes,No
2932,32,Male,High School,Student,9633.26,Single,0,Rural,4849.59,350,6,Cash,Yes,No
2933,27,Male,High School,Employed,39312.91,Married,0,Rural,15259.51,383,8,Credit Card,Yes,Yes
2934,49,Female,Bachelor,Self-Employed,66262.56,Married,2,Urban,30576.41,554,23,Credit Card,Yes,No
2935,48,Female,Bachelor,Self-Employed,63045.28,Single,0,Suburban,11537.58,523,21,Debit Card,No,No
2936,55,Female,Diploma,Student,5000.0,Married,1,Urban,6608.74,406,31,Cash,No,No
2937,30,Male,Bachelor,Employed,49443.24,Married,0,Urban,23346.86,490,4,Credit Card,Yes,No
2938,35,Male,Bachelor,Employed,64663.56,Single,0,Rural,9745.19,504,17,Debit Card,No,No
2939,18,Female,Master,Employed,71583.65,Married,0,Urban,23684.88,471,0,Credit Card,Yes,No
2940,33,Female,Bachelor,Employed,54201.7,Married,0,Urban,18050.45,450,13,Debit Card,Yes,Yes
2941,49,Female,Bachelor,Employed,65364.99,Married,3,Rural,21733.68,518,26,Mobile Money,Yes,No
2942,32,Female,Bachelor,Unemployed,25216.82,Married,0,Urban,8474.18,407,8,Credit Card,Yes,No
2943,45,Female,Diploma,Employed,34114.04,Single,0,Suburban,8753.16,486,22,Debit Card,Yes,No
2944,35,Female,Diploma,Employed,49607.97,Married,1,Rural,8208.48,450,11,Cash,Yes,No
2945,41,Male,Diploma,Employed,26731.35,Married,1,Urban,6704.47,442,18,Mobile Money,No,No
2946,24,Male,High School,Employed,33676.36,Single,0,Urban,6976.87,411,2,Cash,Yes,Yes
2947,39,Female,Diploma,Student,10730.47,Married,2,Urban,6148.57,381,12,Cash,No,No
2948,18,Male,Diploma,Unemployed,21198.26,Married,1,Rural,5344.64,386,0,Mobile Money,No,Yes
2949,35,Female,High School,Employed,33048.09,Married,0,Urban,6025.2,446,12,Credit Card,No,No
2950,18,Female,High School,Employed,28043.52,Single,0,Suburban,11224.92,374,0,Debit Card,No,No
2951,52,Female,Diploma,Student,6675.5,Single,0,Urban,2571.39,403,33,Credit Card,No,No
2952,47,Male,Bachelor,Employed,76545.99,Single,0,Rural,23214.04,523,27,Credit Card,No,No
2953,43,Male,Master,Self-Employed,84661.12,Married,4,Suburban,28611.16,587,25,Mobile Money,Yes,No
2954,56,Female,Bachelor,Student,15776.61,Married,1,Suburban,6069.12,485,34,Debit Card,No,No
2955,26,Female,Diploma,Employed,23830.71,Married,1,Suburban,5091.45,390,8,Debit Card,Yes,No
2956,58,Female,Diploma,Employed,33381.14,Married,4,Suburban,13071.18,504,36,Credit Card,Yes,No
2957,49,Male,High School,Employed,34150.14,Married,1,Urban,15406.56,443,27,Cash,Yes,No
2958,35,Male,High School,Student,5000.0,Single,0,Rural,2616.24,372,11,Credit Card,Yes,No
2959,51,Female,Bachelor,Employed,59395.19,Single,0,Urban,13214.02,543,25,Mobile Money,No,No
2960,24,Female,Diploma,Employed,34199.0,Single,0,Urban,18848.34,402,2,Debit Card,No,Yes
2961,28,Female,Bachelor,Self-Employed,57729.19,Married,0,Urban,20598.84,461,10,Debit Card,Yes,No
2962,30,Male,Bachelor,Unemployed,10669.31,Single,0,Urban,5408.87,352,4,Credit Card,Yes,Yes
2963,31,Male,High School,Employed,42220.31,Married,0,Urban,10644.45,433,7,Credit Card,No,No
2964,25,Male,Bachelor,Employed,57667.34,Married,1,Urban,11560.77,481,6,Credit Card,Yes,No
2965,52,Female,Diploma,Employed,32716.51,Married,1,Urban,12408.58,485,29,Cash,No,No
2966,34,Female,Diploma,Employed,46202.72,Married,0,Rural,14883.49,442,10,Credit Card,Yes,No
2967,42,Male,Bachelor,Employed,61637.91,Married,0,Rural,23071.1,474,18,Debit Card,No,No
2968,31,Male,PhD,Unemployed,23949.54,Married,0,Urban,12095.89,428,13,Mobile Money,No,No
2969,18,Female,Master,Employed,77673.39,Married,0,Urban,35604.34,439,0,Credit Card,No,Yes
2970,41,Male,Master,Employed,78054.0,Married,2,Urban,28668.91,564,20,Mobile Money,No,No
2971,18,Female,High School,Employed,36810.66,Single,0,Rural,19980.57,456,0,Debit Card,Yes,No
2972,37,Female,High School,Employed,24609.98,Married,0,Urban,9529.4,455,10,Debit Card,Yes,No
2973,21,Male,High School,Self-Employed,26567.58,Single,0,Suburban,17202.38,410,0,Debit Card,Yes,No
2974,61,Male,Diploma,Self-Employed,34457.06,Married,2,Urban,12916.11,499,34,Cash,No,No
2975,48,Female,Diploma,Self-Employed,42755.88,Married,4,Suburban,13779.96,471,25,Credit Card,Yes,No
2976,39,Male,Bachelor,Self-Employed,63057.51,Single,0,Suburban,22303.79,487,14,Debit Card,No,No
2977,53,Male,Bachelor,Self-Employed,63708.51,Married,1,Urban,19904.73,526,26,Mobile Money,Yes,No
2978,27,Female,Master,Employed,69622.37,Married,0,Urban,18261.62,456,7,Credit Card,Yes,No
2979,44,Female,Master,Employed,83863.91,Married,0,Suburban,28110.77,499,25,Debit Card,No,No
2980,40,Female,High School,Self-Employed,33283.38,Single,0,Urban,16979.05,423,17,Mobile Money,No,No
2981,41,Male,Master,Employed,69609.81,Single,0,Urban,31656.8,515,17,Credit Card,No,No
2982,53,Male,Diploma,Employed,25459.27,Single,0,Urban,1000.0,432,26,Debit Card,Yes,No
2983,46,Male,Diploma,Employed,57823.77,Single,0,Suburban,27192.56,502,20,Debit Card,Yes,No
2984,41,Male,Bachelor,Employed,44472.74,Married,1,Suburban,12142.92,476,16,Debit Card,No,No
2985,18,Female,High School,Employed,24345.16,Single,0,Urban,2858.69,430,0,Cash,Yes,Yes
2986,26,Male,Master,Self-Employed,89565.78,Married,0,Urban,44964.15,525,0,Cash,Yes,No
2987,36,Female,Bachelor,Employed,56969.54,Married,0,Urban,23823.72,483,13,Credit Card,No,No
2988,39,Male,Master,Student,27145.49,Single,0,Suburban,12153.66,402,18,Mobile Money,No,No
2989,24,Male,PhD,Employed,95760.11,Single,0,Rural,36120.95,539,0,Mobile Money,No,No
2990,66,Female,Bachelor,Employed,54349.73,Married,5,Urban,12170.19,558,48,Mobile Money,Yes,No
2991,56,Male,High School,Employed,38352.67,Married,5,Suburban,11050.31,509,37,Mobile Money,Yes,No
2992,45,Male,High School,Employed,39290.46,Single,0,Urban,24515.07,465,26,Credit Card,Yes,No
2993,38,Male,Diploma,Unemployed,6718.73,Single,0,Suburban,1000.0,381,13,Mobile Money,No,No
2994,35,Male,High School,Employed,37704.24,Married,2,Suburban,17417.69,424,13,Debit Card,No,No
2995,26,Male,Master,Employed,68221.91,Single,0,Suburban,27614.1,490,8,Credit Card,No,No
2996,38,Male,Diploma,Employed,39172.18,Married,3,Urban,25296.99,484,12,Mobile Money,No,No
2997,41,Female,PhD,Employed,91143.47,Married,1,Urban,28519.74,591,17,Credit Card,Yes,No
2998,23,Female,Bachelor,Employed,51953.75,Single,0,Urban,16350.5,462,0,Credit Card,Yes,No
2999,42,Female,High School,Employed,26523.27,Married,4,Urban,1000.0,445,22,Debit Card,No,No
3000,36,Male,Diploma,Employed,47877.77,Single,0,Urban,19423.42,471,17,Cash,Yes,No
3001,18,Female,Diploma,Self-Employed,35768.49,Single,0,Rural,14018.38,374,0,Mobile Money,Yes,No
3002,27,Male,Diploma,Self-Employed,39506.98,Married,0,Urban,6567.75,467,9,Debit Card,Yes,No
3003,33,Female,Bachelor,Employed,60397.87,Married,2,Suburban,29501.95,508,10,Debit Card,No,No
3004,60,Female,High School,Employed,29416.8,Single,0,Urban,14790.12,438,37,Cash,No,No
3005,44,Male,Bachelor,Self-Employed,73932.1,Married,2,Urban,21124.83,529,23,Credit Card,No,No
3006,21,Female,Diploma,Self-Employed,50863.46,Single,0,Suburban,8019.55,419,2,Credit Card,No,No
3007,43,Female,Bachelor,Employed,44330.36,Single,0,Urban,10566.28,535,23,Credit Card,Yes,No
3008,19,Female,Master,Employed,70502.68,Single,0,Rural,25838.11,440,0,Credit Card,Yes,No
3009,50,Male,High School,Employed,34276.38,Married,5,Suburban,14665.26,472,29,Credit Card,No,No
3010,32,Female,High School,Employed,31872.32,Single,0,Rural,8284.79,446,10,Debit Card,No,No
3011,36,Female,Bachelor,Employed,51253.81,Married,0,Rural,12554.46,438,12,Mobile Money,Yes,No
3012,53,Male,PhD,Employed,87808.48,Married,4,Suburban,39731.46,614,33,Credit Card,No,No
3013,22,Female,Diploma,Unemployed,7519.32,Single,0,Suburban,5126.83,332,1,Debit Card,No,Yes
3014,21,Male,Diploma,Employed,29398.42,Single,0,Suburban,4284.91,373,0,Debit Card,No,Yes
3015,30,Male,High School,Employed,18298.08,Married,1,Urban,5106.06,417,11,Cash,Yes,No
3016,50,Female,Diploma,Self-Employed,51120.17,Married,5,Rural,11111.5,497,31,Cash,No,No
3017,19,Female,Diploma,Self-Employed,41028.33,Single,0,Urban,13457.53,386,0,Mobile Money,No,No
3018,18,Female,Diploma,Employed,44604.79,Married,1,Suburban,12550.0,395,0,Credit Card,Yes,No
3019,32,Female,Bachelor,Employed,50239.46,Single,0,Suburban,10963.64,430,11,Debit Card,Yes,No
3020,44,Male,Diploma,Employed,29494.81,Married,3,Suburban,7189.04,424,23,Debit Card,No,No
3021,52,Male,High School,Employed,26736.45,Single,0,Suburban,13591.09,437,30,Credit Card,Yes,No
3022,32,Female,Diploma,Employed,56755.0,Single,0,Urban,10202.38,523,7,Cash,Yes,No
3023,33,Male,Master,Employed,69235.11,Single,0,Suburban,28204.87,558,8,Debit Card,No,No
3024,51,Female,Diploma,Employed,45166.93,Married,3,Rural,6378.68,484,31,Mobile Money,Yes,No
3025,18,Female,PhD,Self-Employed,109350.43,Single,0,Urban,30632.01,522,0,Credit Card,Yes,Yes
3026,33,Male,Bachelor,Employed,43758.42,Married,0,Urban,16145.57,504,14,Debit Card,Yes,No
3027,40,Male,Diploma,Employed,51591.71,Single,0,Suburban,20764.06,503,17,Credit Card,Yes,No
3028,43,Female,High School,Employed,28017.43,Married,2,Urban,9236.85,457,20,Cash,No,No
3029,31,Female,Bachelor,Self-Employed,55515.9,Married,0,Urban,24085.49,453,9,Credit Card,Yes,No
3030,38,Female,Bachelor,Unemployed,12402.13,Single,0,Urban,1757.99,397,12,Credit Card,Yes,No
3031,18,Female,Bachelor,Self-Employed,64350.05,Single,0,Suburban,12930.9,439,0,Debit Card,Yes,No
3032,30,Female,Bachelor,Student,16995.84,Single,0,Suburban,13093.22,381,11,Debit Card,No,No
3033,43,Male,Bachelor,Employed,49553.89,Married,1,Suburban,20665.96,541,25,Credit Card,Yes,No
3034,26,Male,High School,Employed,50962.76,Married,1,Rural,19817.71,491,0,Credit Card,Yes,No
3035,38,Male,Master,Employed,62502.65,Single,0,Urban,16272.12,457,20,Debit Card,No,No
3036,43,Male,Bachelor,Employed,59895.96,Married,0,Rural,19962.22,516,17,Debit Card,No,No
3037,33,Male,Diploma,Employed,24208.22,Single,0,Suburban,9824.47,390,15,Credit Card,No,No
3038,40,Male,Bachelor,Employed,54010.41,Married,2,Suburban,25077.98,455,18,Debit Card,No,No
3039,26,Male,Bachelor,Employed,57937.87,Single,0,Suburban,28122.17,461,5,Mobile Money,Yes,No
3040,35,Male,High School,Employed,21043.33,Married,1,Suburban,6399.44,377,15,Debit Card,No,Yes
3041,45,Female,Diploma,Student,19992.36,Married,1,Urban,6534.15,457,20,Cash,Yes,No
3042,39,Female,Diploma,Employed,43475.81,Single,0,Rural,24538.52,483,17,Debit Card,Yes,No
3043,30,Male,Diploma,Employed,37458.88,Married,0,Urban,12829.94,412,6,Mobile Money,No,No
3044,40,Female,High School,Employed,33389.42,Single,0,Urban,15379.24,512,17,Debit Card,Yes,No
3045,46,Male,High School,Unemployed,5000.0,Married,1,Urban,2659.26,436,20,Debit Card,No,No
3046,18,Female,High School,Self-Employed,46011.04,Single,0,Suburban,17207.47,408,0,Mobile Money,No,No
3047,51,Male,Diploma,Employed,48122.39,Married,3,Rural,19500.52,576,26,Credit Card,Yes,No
3048,33,Female,Master,Employed,72987.12,Married,0,Urban,20395.39,504,6,Credit Card,Yes,Yes
3049,43,Male,High School,Self-Employed,40893.54,Single,0,Urban,10484.17,430,20,Credit Card,Yes,No
3050,52,Female,Diploma,Employed,28182.43,Married,4,Urban,7231.88,429,33,Credit Card,No,No
3051,21,Male,Diploma,Student,19735.56,Single,0,Rural,9172.85,384,0,Cash,Yes,No
3052,29,Female,Bachelor,Employed,54205.14,Single,0,Urban,27459.4,473,5,Debit Card,Yes,Yes
3053,34,Male,High School,Employed,38200.37,Single,0,Urban,7583.1,441,10,Credit Card,Yes,No
3054,28,Male,High School,Unemployed,14998.74,Married,1,Urban,1000.0,367,1,Credit Card,Yes,No
3055,58,Female,High School,Employed,38077.72,Married,4,Rural,18704.84,545,32,Debit Card,No,No
3056,27,Male,PhD,Employed,81617.9,Single,0,Urban,31058.54,505,5,Mobile Money,Yes,No
3057,31,Female,Bachelor,Employed,47636.01,Single,0,Rural,18136.71,446,8,Credit Card,Yes,Yes
3058,40,Male,High School,Self-Employed,53986.2,Married,0,Urban,11930.45,419,20,Credit Card,Yes,No
3059,23,Male,Diploma,Employed,27845.26,Single,0,Urban,13895.59,363,0,Credit Card,Yes,No
3060,33,Female,High School,Employed,21219.12,Married,0,Urban,3319.01,452,10,Debit Card,Yes,No
3061,41,Male,High School,Employed,30345.95,Married,4,Urban,8974.77,422,16,Cash,No,No
3062,34,Male,Bachelor,Unemployed,16859.84,Single,0,Urban,5618.61,437,8,Credit Card,Yes,No
3063,36,Female,Diploma,Employed,35679.86,Married,3,Rural,15818.27,423,17,Cash,No,No
3064,31,Female,Bachelor,Employed,59928.63,Married,0,Suburban,15985.88,458,5,Mobile Money,No,No
3065,19,Female,Diploma,Employed,47216.67,Single,0,Rural,10794.87,439,0,Debit Card,Yes,No
3066,41,Male,Bachelor,Self-Employed,65854.66,Single,0,Suburban,11483.8,524,16,Credit Card,Yes,No
3067,59,Female,Diploma,Unemployed,9852.08,Married,5,Rural,7229.89,398,40,Debit Card,Yes,No
3068,38,Male,Diploma,Employed,39821.9,Married,0,Suburban,9090.47,441,13,Cash,Yes,No
3069,40,Male,Bachelor,Unemployed,12521.11,Married,3,Urban,5171.45,402,15,Credit Card,No,No
3070,46,Female,High School,Employed,16414.1,Married,0,Suburban,5249.43,428,21,Credit Card,Yes,No
3071,22,Male,Bachelor,Employed,57407.4,Single,0,Urban,34698.43,471,2,Credit Card,Yes,No
3072,58,Male,Master,Unemployed,27126.69,Single,0,Urban,4291.71,470,40,Credit Card,Yes,Yes
3073,40,Male,High School,Employed,28768.58,Married,0,Suburban,14065.01,468,13,Credit Card,Yes,No
3074,57,Female,Master,Self-Employed,65879.37,Married,5,Suburban,16221.14,615,31,Credit Card,Yes,Yes
3075,29,Female,High School,Student,5000.0,Single,0,Suburban,2941.48,337,2,Cash,Yes,No
3076,59,Female,Diploma,Employed,47245.78,Married,4,Suburban,7183.51,506,35,Credit Card,Yes,No
3077,47,Male,Bachelor,Employed,43494.01,Married,2,Urban,23242.71,456,22,Debit Card,No,No
3078,44,Female,Bachelor,Unemployed,22067.07,Married,2,Urban,8208.17,404,19,Mobile Money,Yes,No
3079,40,Female,High School,Employed,26436.67,Married,3,Suburban,2396.65,423,14,Debit Card,Yes,No
3080,35,Male,Bachelor,Employed,54849.8,Married,2,Urban,15518.44,449,8,Mobile Money,Yes,No
3081,52,Male,PhD,Employed,84512.8,Married,1,Suburban,21957.01,594,32,Cash,Yes,No
3082,39,Male,High School,Employed,20915.34,Married,2,Urban,7875.11,485,21,Debit Card,Yes,No
3083,18,Male,Master,Self-Employed,95473.97,Single,0,Urban,38505.43,525,0,Cash,No,No
3084,24,Female,Bachelor,Employed,61526.71,Married,0,Urban,17252.63,455,0,Credit Card,Yes,No
3085,35,Male,Master,Self-Employed,89157.77,Single,0,Urban,26054.5,501,8,Mobile Money,No,No
3086,41,Male,High School,Unemployed,16268.44,Married,1,Rural,8124.01,398,22,Debit Card,No,No
3087,37,Female,Bachelor,Employed,59021.72,Married,1,Urban,14561.4,507,12,Credit Card,Yes,No
3088,52,Female,High School,Employed,37553.05,Married,5,Urban,14803.09,484,30,Credit Card,Yes,No
3089,18,Female,Master,Self-Employed,78688.79,Single,0,Rural,36592.16,466,0,Credit Card,No,No
3090,39,Male,Bachelor,Self-Employed,77021.5,Married,1,Urban,12463.53,548,17,Mobile Money,Yes,No
3091,18,Male,Diploma,Employed,50307.45,Single,0,Suburban,13332.86,407,0,Credit Card,No,No
3092,47,Male,High School,Employed,33043.86,Single,0,Suburban,8136.49,472,21,Credit Card,No,No
3093,36,Male,Master,Employed,67696.04,Married,2,Rural,20872.76,523,14,Credit Card,Yes,No
3094,43,Male,Bachelor,Employed,45211.77,Single,0,Urban,26847.04,478,23,Credit Card,Yes,No
3095,27,Female,Diploma,Employed,41829.26,Single,0,Urban,24928.19,480,1,Debit Card,Yes,No
3096,53,Male,Diploma,Self-Employed,61479.32,Married,5,Urban,26543.73,501,27,Mobile Money,Yes,No
3097,50,Male,Master,Employed,60713.3,Married,2,Suburban,32136.24,588,31,Credit Card,No,No
3098,45,Male,Diploma,Student,16144.6,Married,3,Urban,3103.29,378,20,Cash,Yes,No
3099,36,Female,High School,Self-Employed,32228.49,Married,0,Urban,11758.16,396,11,Credit Card,Yes,No
3100,44,Female,Master,Employed,66911.22,Married,0,Suburban,31728.43,467,17,Mobile Money,No,No
3101,29,Female,Diploma,Employed,30596.33,Married,0,Urban,12157.88,406,5,Cash,Yes,No
3102,48,Male,Diploma,Self-Employed,41980.06,Married,1,Rural,15360.52,411,26,Credit Card,Yes,No
3103,57,Male,High School,Self-Employed,41174.26,Married,1,Suburban,23276.71,498,34,Debit Card,No,No
3104,50,Male,Master,Student,20169.02,Married,3,Urban,13017.15,442,26,Mobile Money,Yes,No
3105,29,Male,High School,Employed,31886.86,Married,0,Urban,9943.12,398,8,Debit Card,Yes,No
3106,42,Female,Bachelor,Employed,50993.5,Married,1,Urban,26206.12,476,22,Cash,No,Yes
3107,22,Female,Master,Student,5171.54,Single,0,Urban,1000.0,349,0,Credit Card,Yes,No
3108,44,Female,High School,Employed,30494.07,Married,3,Urban,12989.36,448,26,Credit Card,No,No
3109,43,Female,Master,Self-Employed,81080.37,Single,0,Urban,37389.77,534,20,Debit Card,Yes,No
3110,18,Female,Diploma,Employed,41689.45,Married,0,Rural,3941.08,407,0,Mobile Money,No,Yes
3111,24,Male,Bachelor,Self-Employed,63430.1,Single,0,Rural,14253.8,481,2,Debit Card,Yes,No
3112,34,Female,Diploma,Employed,37634.68,Married,1,Urban,11963.06,409,12,Credit Card,Yes,No
3113,34,Male,Bachelor,Self-Employed,67271.69,Single,0,Urban,32170.39,488,11,Credit Card,Yes,No
3114,23,Female,Diploma,Employed,42817.54,Single,0,Urban,17549.62,463,3,Cash,Yes,Yes
3115,42,Male,High School,Student,15791.37,Married,1,Urban,4559.54,389,22,Credit Card,No,No
3116,41,Male,Master,Employed,67304.09,Married,2,Urban,35340.39,486,15,Credit Card,No,No
3117,35,Female,High School,Employed,34363.96,Single,0,Urban,12264.44,404,13,Credit Card,Yes,No
3118,28,Male,Master,Employed,84428.98,Single,0,Urban,32305.0,499,5,Cash,No,No
3119,50,Male,High School,Unemployed,13576.61,Married,2,Urban,8523.27,450,29,Credit Card,Yes,No
3120,57,Male,Diploma,Employed,49314.01,Married,4,Urban,11321.15,537,33,Credit Card,Yes,No
3121,32,Male,Master,Employed,65034.98,Single,0,Rural,22805.34,517,14,Debit Card,No,No
3122,30,Female,High School,Employed,24237.15,Married,0,Urban,8692.57,422,8,Debit Card,Yes,No
3123,43,Female,Master,Employed,68725.01,Married,4,Urban,16891.25,534,20,Credit Card,Yes,No
3124,33,Male,Diploma,Employed,39576.48,Single,0,Urban,12400.07,471,9,Cash,Yes,No
3125,36,Male,Diploma,Employed,48566.6,Married,2,Suburban,19447.09,455,14,Debit Card,Yes,No
3126,46,Female,Bachelor,Self-Employed,60162.53,Married,2,Urban,8144.96,536,21,Credit Card,Yes,No
3127,18,Male,Diploma,Employed,39290.98,Single,0,Rural,11192.1,452,0,Credit Card,No,No
3128,53,Male,Diploma,Self-Employed,56598.6,Single,0,Urban,22982.54,471,34,Credit Card,No,No
3129,38,Male,Bachelor,Unemployed,18224.35,Married,1,Rural,2897.26,403,15,Debit Card,No,No
3130,33,Female,Diploma,Student,7913.46,Married,0,Urban,3093.61,371,10,Credit Card,Yes,No
3131,36,Male,High School,Self-Employed,37907.98,Single,0,Urban,14276.63,447,9,Debit Card,No,No
3132,37,Male,Master,Employed,60979.58,Single,0,Rural,23113.93,509,19,Cash,No,No
3133,18,Female,Master,Self-Employed,74849.98,Single,0,Urban,33652.79,548,0,Credit Card,No,Yes
3134,55,Male,Diploma,Employed,27294.29,Married,4,Rural,8657.95,423,35,Mobile Money,No,Yes
3135,38,Female,Bachelor,Employed,56653.45,Married,3,Suburban,19990.95,452,12,Debit Card,Yes,No
3136,43,Male,Bachelor,Self-Employed,73350.84,Married,0,Urban,31082.88,558,22,Cash,Yes,No
3137,49,Male,Bachelor,Unemployed,22624.69,Married,4,Rural,4501.61,455,24,Debit Card,Yes,No
3138,25,Male,Diploma,Employed,49149.02,Married,2,Urban,12879.41,435,3,Debit Card,Yes,Yes
3139,43,Male,PhD,Employed,101633.78,Married,0,Suburban,43380.29,578,23,Credit Card,No,No
3140,34,Female,High School,Employed,31157.18,Married,0,Urban,3652.5,426,15,Debit Card,No,No
3141,48,Female,Bachelor,Employed,54483.14,Married,2,Urban,21115.66,517,25,Debit Card,Yes,Yes
3142,18,Male,Master,Self-Employed,95807.72,Single,0,Suburban,22503.01,547,0,Credit Card,No,Yes
3143,36,Male,Bachelor,Employed,49391.88,Married,3,Suburban,13430.64,497,11,Debit Card,No,No
3144,30,Male,Master,Employed,60571.74,Married,0,Urban,21989.45,520,3,Debit Card,No,No
3145,43,Female,Diploma,Employed,37288.96,Married,0,Urban,10357.07,488,21,Credit Card,Yes,No
3146,43,Female,Diploma,Unemployed,8354.05,Married,1,Urban,1000.0,396,23,Credit Card,No,No
3147,29,Male,Master,Self-Employed,84386.61,Married,0,Suburban,28593.54,485,10,Debit Card,No,No
3148,29,Female,Diploma,Unemployed,5199.84,Single,0,Rural,1000.0,344,3,Debit Card,Yes,Yes
3149,36,Female,Bachelor,Employed,57957.87,Married,0,Rural,14733.2,427,15,Credit Card,Yes,No
3150,27,Female,High School,Unemployed,5000.0,Single,0,Urban,3212.32,429,4,Credit Card,Yes,No
3151,48,Male,Bachelor,Employed,64825.63,Married,1,Urban,16252.18,563,21,Credit Card,Yes,No
3152,33,Male,Bachelor,Unemployed,6943.48,Married,0,Suburban,1351.17,364,10,Credit Card,No,No
3153,18,Male,Diploma,Employed,38884.22,Married,1,Suburban,15775.52,432,0,Credit Card,No,No
3154,33,Female,Diploma,Employed,37320.69,Married,1,Suburban,18080.15,436,6,Credit Card,No,Yes
3155,25,Female,Bachelor,Employed,56847.12,Single,0,Rural,25496.92,486,4,Debit Card,Yes,Yes
3156,18,Female,High School,Employed,37413.64,Single,0,Urban,8608.7,427,0,Mobile Money,No,No
3157,23,Male,Bachelor,Employed,57129.69,Married,1,Urban,13822.66,456,4,Credit Card,Yes,No
3158,39,Male,Bachelor,Student,9971.27,Single,0,Rural,3204.78,402,16,Mobile Money,Yes,No
3159,53,Male,High School,Employed,35530.04,Single,0,Suburban,5787.45,460,35,Credit Card,Yes,No
3160,41,Female,Bachelor,Employed,61744.2,Single,0,Suburban,22982.32,521,20,Credit Card,Yes,No
3161,30,Male,Diploma,Employed,42153.6,Married,1,Urban,12321.29,388,7,Mobile Money,Yes,No
3162,43,Male,Diploma,Employed,43100.73,Single,0,Suburban,12081.84,486,18,Mobile Money,Yes,No
3163,32,Female,Diploma,Self-Employed,53173.08,Married,2,Suburban,10059.02,425,9,Credit Card,No,No
3164,29,Male,Bachelor,Employed,41848.59,Married,0,Suburban,19589.25,441,2,Mobile Money,No,Yes
3165,24,Male,Master,Unemployed,18193.56,Single,0,Suburban,4526.16,387,0,Cash,Yes,No
3166,18,Male,High School,Employed,33009.87,Married,0,Suburban,11532.83,409,0,Debit Card,No,No
3167,33,Female,Diploma,Student,5667.14,Married,1,Rural,1137.07,352,15,Mobile Money,No,No
3168,39,Female,High School,Employed,27694.82,Single,0,Urban,8382.75,410,13,Credit Card,No,No
3169,36,Female,Bachelor,Student,13999.21,Married,2,Urban,1000.0,413,10,Credit Card,Yes,No
3170,33,Female,Diploma,Employed,43181.16,Married,0,Urban,12126.06,435,13,Mobile Money,Yes,No
3171,26,Female,Bachelor,Self-Employed,69736.47,Single,0,Rural,24075.77,520,7,Debit Card,No,No
3172,45,Female,Diploma,Employed,33662.21,Married,5,Urban,17514.79,455,18,Cash,Yes,No
3173,22,Female,Master,Employed,58657.57,Single,0,Urban,17613.64,461,2,Credit Card,Yes,No
3174,47,Female,Bachelor,Employed,61435.09,Married,2,Urban,29483.18,514,24,Debit Card,No,No
3175,25,Male,Master,Self-Employed,78060.68,Married,0,Urban,22777.29,517,7,Credit Card,Yes,No
3176,28,Male,High School,Employed,23507.8,Married,1,Urban,3636.51,402,1,Mobile Money,Yes,Yes
3177,20,Male,Bachelor,Employed,47785.99,Single,0,Rural,8354.98,444,0,Cash,Yes,No
3178,31,Female,Bachelor,Self-Employed,75208.24,Married,0,Urban,34606.77,564,10,Debit Card,No,No
3179,49,Female,Bachelor,Self-Employed,67696.21,Single,0,Urban,19156.08,584,26,Mobile Money,No,No
3180,44,Female,High School,Student,8740.19,Married,1,Suburban,1000.0,426,17,Credit Card,Yes,No
3181,49,Male,PhD,Employed,95516.41,Married,2,Suburban,20099.04,529,23,Debit Card,No,No
3182,44,Male,Diploma,Employed,39661.04,Married,1,Rural,3091.95,444,23,Credit Card,Yes,No
3183,24,Male,High School,Employed,38101.51,Single,0,Suburban,17403.05,427,0,Credit Card,No,Yes
3184,34,Female,Diploma,Self-Employed,38425.57,Married,0,Urban,9925.68,427,9,Credit Card,No,No
3185,28,Male,Bachelor,Student,5000.0,Single,0,Rural,1000.0,377,4,Debit Card,No,No
3186,53,Female,Bachelor,Student,5000.0,Married,2,Suburban,6753.86,416,27,Debit Card,No,No
3187,23,Male,Diploma,Student,11373.35,Single,0,Urban,4495.68,366,2,Credit Card,Yes,No
3188,48,Male,Diploma,Unemployed,16051.34,Single,0,Urban,4074.4,422,29,Mobile Money,Yes,No
3189,48,Female,Bachelor,Student,7219.34,Married,2,Rural,1000.0,372,24,Credit Card,Yes,No
3190,59,Male,Diploma,Employed,38140.49,Married,0,Urban,21780.01,487,38,Debit Card,No,No
3191,33,Male,Master,Student,24144.56,Married,1,Urban,7064.19,448,11,Debit Card,Yes,No
3192,46,Female,Master,Self-Employed,78444.51,Married,2,Urban,20075.25,553,27,Cash,No,No
3193,65,Male,Diploma,Employed,42363.46,Married,5,Suburban,14403.76,542,39,Credit Card,No,No
3194,30,Female,High School,Employed,24514.27,Married,1,Urban,10485.28,417,3,Debit Card,Yes,No
3195,19,Female,Master,Employed,78767.79,Single,0,Urban,17141.76,513,1,Debit Card,Yes,No
3196,18,Male,High School,Self-Employed,41027.41,Married,0,Urban,1748.34,452,0,Mobile Money,No,No
3197,46,Female,High School,Self-Employed,24808.63,Married,1,Urban,13266.43,420,24,Mobile Money,Yes,No
3198,18,Male,High School,Employed,27913.59,Single,0,Suburban,14269.2,424,0,Credit Card,Yes,No
3199,33,Female,High School,Self-Employed,19367.95,Married,2,Urban,6064.47,332,10,Debit Card,Yes,No
3200,43,Female,Master,Employed,77203.64,Single,0,Urban,27199.43,531,24,Debit Card,No,No
3201,40,Female,Bachelor,Unemployed,32878.47,Married,2,Urban,14015.96,512,17,Credit Card,Yes,No
3202,43,Male,PhD,Self-Employed,90556.47,Married,2,Suburban,24095.17,565,18,Credit Card,No,No
3203,40,Male,High School,Student,5000.0,Married,0,Suburban,1000.0,424,13,Debit Card,No,No
3204,53,Male,Diploma,Employed,41338.56,Married,1,Rural,17176.34,498,32,Credit Card,No,No
3205,26,Female,PhD,Student,17852.33,Married,2,Urban,5885.57,401,1,Credit Card,Yes,No
3206,29,Female,Master,Employed,66713.24,Married,0,Rural,17530.16,456,4,Cash,No,No
3207,28,Male,Bachelor,Employed,41099.04,Married,1,Urban,15432.02,435,3,Credit Card,Yes,No
3208,47,Female,High School,Employed,32587.57,Single,0,Rural,12589.04,434,28,Credit Card,No,No
3209,48,Male,Bachelor,Self-Employed,73100.11,Married,2,Rural,9362.3,573,23,Debit Card,No,No
3210,43,Male,Diploma,Student,30775.88,Married,4,Rural,19008.16,485,21,Debit Card,No,No
3211,52,Male,Bachelor,Employed,65458.3,Single,0,Urban,21684.54,522,31,Credit Card,Yes,No
3212,23,Male,Bachelor,Student,5000.0,Single,0,Urban,5414.13,347,0,Mobile Money,No,No
3213,58,Male,Bachelor,Employed,54904.87,Single,0,Urban,19302.4,562,31,Credit Card,No,No
3214,56,Female,Bachelor,Employed,59736.62,Married,4,Suburban,22386.37,483,33,Credit Card,Yes,No
3215,46,Male,Bachelor,Employed,49493.91,Single,0,Suburban,26875.42,525,24,Credit Card,Yes,No
3216,59,Male,High School,Employed,36240.1,Married,5,Suburban,4033.5,490,37,Debit Card,Yes,No
3217,18,Female,Diploma,Student,13627.02,Married,0,Urban,6173.95,367,0,Debit Card,Yes,Yes
3218,31,Male,Bachelor,Self-Employed,75898.88,Single,0,Suburban,13628.12,515,13,Debit Card,Yes,No
3219,29,Female,Diploma,Employed,46417.94,Married,1,Urban,10826.71,504,7,Cash,Yes,No
3220,46,Male,Diploma,Self-Employed,50281.15,Married,2,Suburban,23690.95,490,21,Mobile Money,Yes,No
3221,25,Female,High School,Employed,24896.55,Married,2,Rural,11242.02,361,2,Credit Card,No,Yes
3222,47,Female,Diploma,Employed,29655.37,Married,3,Suburban,8102.51,452,21,Debit Card,No,No
3223,54,Male,PhD,Employed,91752.13,Married,3,Suburban,46476.5,586,28,Debit Card,Yes,No
3224,46,Female,Diploma,Self-Employed,44769.33,Married,2,Urban,19179.5,473,22,Mobile Money,Yes,No
3225,41,Female,Bachelor,Student,8542.42,Single,0,Urban,5966.39,435,18,Credit Card,No,No
3226,26,Female,Bachelor,Employed,63974.32,Single,0,Urban,16714.36,488,3,Cash,Yes,No
3227,27,Male,High School,Employed,40951.39,Married,1,Rural,19710.06,456,6,Mobile Money,No,Yes
3228,52,Male,Master,Employed,60117.07,Single,0,Urban,28608.59,420,27,Credit Card,No,No
3229,47,Female,Diploma,Employed,38316.56,Married,1,Rural,14644.91,466,22,Debit Card,Yes,No
3230,37,Female,Master,Self-Employed,80534.36,Married,0,Urban,20116.01,526,18,Debit Card,No,No
3231,32,Male,High School,Employed,32519.27,Married,1,Suburban,9852.31,471,6,Credit Card,No,No
3232,18,Male,High School,Self-Employed,17869.78,Single,0,Suburban,4937.28,411,0,Mobile Money,No,No
3233,25,Male,Diploma,Employed,28313.3,Single,0,Suburban,14251.49,438,3,Cash,No,No
3234,60,Male,Diploma,Employed,39060.04,Single,0,Suburban,19639.74,491,41,Credit Card,Yes,No
3235,22,Male,Master,Employed,76288.92,Single,0,Suburban,28051.47,468,0,Credit Card,Yes,No
3236,40,Male,High School,Employed,30602.33,Married,2,Urban,10755.41,427,20,Cash,Yes,No
3237,50,Male,Bachelor,Unemployed,21872.06,Married,3,Rural,12132.47,441,23,Credit Card,Yes,No
3238,22,Male,High School,Employed,31578.47,Single,0,Urban,9884.24,413,0,Credit Card,No,No
3239,40,Female,Master,Employed,80210.32,Married,2,Urban,24661.38,546,19,Debit Card,No,No
3240,49,Male,Bachelor,Self-Employed,77887.1,Single,0,Suburban,26234.84,555,30,Debit Card,Yes,No
3241,38,Male,Diploma,Student,5000.0,Married,0,Urban,1945.28,386,14,Debit Card,No,No
3242,70,Male,High School,Unemployed,16069.16,Single,0,Suburban,8883.79,502,47,Debit Card,No,No
3243,18,Female,Bachelor,Employed,59064.96,Single,0,Urban,22687.51,461,0,Debit Card,No,Yes
3244,50,Female,High School,Employed,50037.35,Married,1,Urban,17804.83,486,30,Credit Card,No,No
3245,35,Female,High School,Self-Employed,29617.32,Married,4,Suburban,8967.84,439,16,Debit Card,Yes,No
3246,47,Male,Bachelor,Unemployed,15566.12,Married,1,Urban,1108.29,448,20,Debit Card,Yes,No
3247,43,Female,PhD,Employed,81741.81,Married,0,Rural,34894.47,609,22,Debit Card,No,No
3248,29,Male,Master,Employed,62216.51,Married,0,Urban,12947.46,468,2,Credit Card,Yes,No
3249,40,Male,Bachelor,Employed,58084.51,Married,2,Urban,22898.68,472,17,Credit Card,Yes,Yes
3250,18,Female,Bachelor,Employed,56644.35,Single,0,Rural,27236.59,458,0,Credit Card,Yes,Yes
3251,45,Female,PhD,Employed,94331.61,Single,0,Urban,45922.84,552,23,Debit Card,Yes,No
3252,41,Female,Bachelor,Employed,59158.03,Married,1,Urban,12550.23,508,15,Credit Card,No,No
3253,45,Female,Diploma,Employed,38114.89,Married,3,Rural,10791.94,512,19,Debit Card,No,No
3254,50,Female,Master,Employed,68059.69,Married,4,Rural,25388.12,509,28,Debit Card,No,No
3255,42,Male,High School,Employed,22233.61,Married,1,Urban,3634.49,421,23,Debit Card,Yes,No
3256,39,Male,High School,Employed,24390.77,Single,0,Rural,10410.39,429,19,Debit Card,No,No
3257,27,Male,Bachelor,Employed,54545.59,Married,1,Urban,11962.6,481,3,Cash,Yes,No
3258,29,Female,High School,Student,7576.24,Married,0,Urban,1000.0,351,10,Credit Card,Yes,Yes
3259,52,Male,Diploma,Employed,45686.3,Married,1,Suburban,13117.62,543,34,Debit Card,Yes,No
3260,55,Female,Diploma,Self-Employed,52870.89,Married,1,Rural,19907.57,536,37,Debit Card,No,No
3261,35,Male,Bachelor,Unemployed,28956.61,Single,0,Urban,14045.34,438,10,Debit Card,Yes,No
3262,38,Male,PhD,Employed,82218.5,Married,1,Suburban,19344.06,528,16,Debit Card,No,No
3263,27,Male,High School,Employed,28139.32,Married,0,Urban,10203.13,355,6,Cash,Yes,Yes
3264,52,Male,Diploma,Employed,32917.56,Married,0,Rural,13544.54,449,31,Debit Card,No,No
3265,45,Female,High School,Self-Employed,46218.3,Married,2,Urban,21211.49,486,25,Credit Card,No,No
3266,61,Male,Bachelor,Employed,50980.21,Married,2,Urban,15570.89,554,36,Debit Card,No,No
3267,27,Male,Bachelor,Employed,64240.22,Single,0,Rural,25229.28,514,2,Debit Card,No,No
3268,33,Male,Diploma,Unemployed,23622.29,Married,0,Rural,6436.97,430,9,Credit Card,No,No
3269,40,Male,High School,Self-Employed,39307.5,Single,0,Suburban,18874.82,442,17,Debit Card,Yes,No
3270,45,Male,Bachelor,Employed,57344.47,Married,1,Urban,19182.53,597,19,Debit Card,No,No
3271,35,Male,Bachelor,Self-Employed,66309.16,Married,2,Suburban,30420.9,490,9,Credit Card,Yes,No
3272,27,Female,High School,Employed,27463.15,Married,0,Rural,4419.77,450,9,Debit Card,No,No
3273,48,Male,Diploma,Self-Employed,44500.92,Married,1,Suburban,17089.35,491,30,Credit Card,No,Yes
3274,46,Male,Diploma,Employed,38820.67,Married,0,Urban,12491.85,449,22,Mobile Money,No,No
3275,27,Female,PhD,Self-Employed,122595.03,Single,0,Rural,23531.21,602,2,Debit Card,No,No
3276,54,Male,Master,Employed,61665.16,Married,2,Rural,17440.54,518,27,Credit Card,No,No
3277,52,Male,Bachelor,Employed,56636.87,Married,4,Suburban,15275.03,459,32,Mobile Money,Yes,No
3278,39,Female,Master,Employed,75690.45,Single,0,Rural,38117.46,532,20,Debit Card,Yes,No
3279,38,Male,Bachelor,Self-Employed,63724.99,Married,2,Urban,29087.46,485,16,Credit Card,Yes,No
3280,44,Female,Master,Employed,73328.66,Single,0,Urban,17714.51,473,17,Cash,No,No
3281,27,Female,High School,Employed,17963.19,Single,0,Urban,9770.95,308,6,Cash,No,No
3282,38,Female,Diploma,Employed,50600.35,Single,0,Rural,19548.81,467,17,Debit Card,No,No
3283,18,Female,Bachelor,Employed,64049.19,Single,0,Rural,31332.56,415,0,Credit Card,No,No
3284,48,Male,Bachelor,Self-Employed,65212.59,Married,5,Rural,11727.23,496,30,Mobile Money,No,No
3285,19,Male,High School,Student,5000.0,Single,0,Suburban,1000.0,315,1,Cash,No,No
3286,56,Male,Diploma,Self-Employed,54343.19,Married,5,Suburban,7102.92,573,30,Credit Card,No,No
3287,34,Male,Diploma,Unemployed,5000.0,Single,0,Rural,2494.33,397,15,Credit Card,Yes,No
3288,35,Female,Diploma,Employed,31963.01,Married,0,Suburban,13681.85,425,8,Debit Card,No,No
3289,30,Female,Diploma,Employed,39571.12,Single,0,Urban,6972.0,429,8,Credit Card,No,No
3290,34,Male,Bachelor,Employed,67144.33,Married,1,Urban,29579.36,493,15,Credit Card,Yes,No
3291,55,Female,Master,Student,19124.65,Married,4,Rural,4194.03,436,37,Credit Card,Yes,No
3292,18,Male,Bachelor,Self-Employed,60824.04,Single,0,Urban,17621.94,465,0,Credit Card,Yes,Yes
3293,53,Female,Master,Employed,56543.22,Married,2,Urban,15937.84,493,30,Debit Card,Yes,No
3294,42,Female,Master,Employed,70332.16,Married,2,Suburban,29280.36,485,17,Credit Card,No,No
3295,23,Female,Diploma,Employed,42011.37,Single,0,Rural,23865.58,459,1,Mobile Money,No,Yes
3296,25,Male,Diploma,Employed,39417.76,Married,1,Urban,13712.47,401,0,Cash,Yes,No
3297,58,Female,High School,Self-Employed,50451.13,Married,2,Urban,12462.24,535,38,Cash,No,No
3298,26,Male,Master,Employed,68944.58,Married,1,Rural,23315.66,460,2,Mobile Money,No,No
3299,24,Female,High School,Unemployed,5000.0,Married,1,Urban,3769.24,380,0,Debit Card,No,Yes
3300,51,Male,Bachelor,Student,7742.88,Married,2,Rural,1869.4,404,29,Mobile Money,Yes,No
3301,42,Male,Diploma,Unemployed,15637.16,Married,0,Urban,1000.0,404,19,Credit Card,No,No
3302,26,Female,Master,Student,17095.18,Married,0,Urban,1000.0,405,6,Mobile Money,Yes,Yes
3303,40,Female,Diploma,Employed,38586.57,Married,4,Rural,4862.41,494,15,Debit Card,Yes,No
3304,25,Male,Master,Student,11262.25,Single,0,Urban,12415.48,384,1,Credit Card,Yes,Yes
3305,51,Female,Diploma,Employed,24003.02,Married,5,Urban,5534.02,453,31,Debit Card,Yes,No
3306,50,Female,Diploma,Unemployed,12686.17,Married,4,Rural,3357.81,402,30,Credit Card,No,No
3307,44,Female,Bachelor,Employed,52291.02,Single,0,Suburban,18580.31,491,19,Credit Card,No,No
3308,42,Female,PhD,Employed,91994.0,Married,2,Urban,41705.99,573,22,Mobile Money,Yes,No
3309,59,Male,Bachelor,Employed,58930.31,Married,1,Suburban,16164.3,561,32,Credit Card,No,No
3310,37,Female,Master,Employed,79928.55,Married,3,Rural,19614.48,553,17,Credit Card,No,No
3311,23,Male,Bachelor,Student,5000.0,Married,0,Rural,1000.0,370,4,Credit Card,Yes,Yes
3312,43,Male,Bachelor,Unemployed,6148.14,Single,0,Urban,1000.0,355,17,Credit Card,No,No
3313,63,Female,Diploma,Employed,35408.27,Married,5,Suburban,8146.51,540,37,Credit Card,No,No
3314,25,Female,Diploma,Employed,34115.25,Married,1,Suburban,6270.75,394,6,Debit Card,No,No
3315,33,Female,High School,Self-Employed,29396.72,Married,1,Urban,10209.28,415,14,Credit Card,Yes,No
3316,42,Female,PhD,Employed,101559.25,Married,0,Suburban,53896.51,576,18,Debit Card,No,No
3317,37,Female,PhD,Self-Employed,109187.33,Married,0,Urban,33007.47,580,19,Mobile Money,Yes,No
3318,26,Male,Bachelor,Employed,70779.15,Single,0,Urban,24237.36,474,6,Debit Card,Yes,No
3319,51,Female,Diploma,Self-Employed,47975.44,Married,4,Urban,25976.73,514,25,Cash,No,No
3320,65,Male,High School,Student,5000.0,Married,4,Suburban,5954.1,420,40,Credit Card,Yes,No
3321,40,Female,PhD,Employed,83534.6,Married,2,Urban,27460.74,493,13,Credit Card,No,No
3322,27,Female,High School,Employed,38195.64,Single,0,Suburban,22505.72,466,0,Mobile Money,No,No
3323,19,Female,Master,Student,5000.0,Single,0,Urban,1000.0,365,0,Credit Card,No,Yes
3324,41,Male,Diploma,Student,12463.01,Married,0,Suburban,1566.28,389,19,Credit Card,Yes,No
3325,51,Female,Diploma,Student,5145.98,Married,3,Urban,2850.34,381,24,Mobile Money,No,No
3326,43,Female,Master,Employed,62561.4,Married,3,Urban,25324.67,569,23,Credit Card,Yes,No
3327,37,Female,High School,Employed,41092.16,Single,0,Suburban,13963.1,449,11,Credit Card,No,No
3328,30,Male,Diploma,Employed,35291.47,Single,0,Urban,10929.73,467,4,Mobile Money,Yes,No
3329,24,Female,PhD,Employed,83379.43,Single,0,Suburban,43285.77,503,2,Credit Card,Yes,No
3330,48,Female,Bachelor,Self-Employed,65368.86,Married,2,Rural,23004.85,550,28,Credit Card,No,No
3331,48,Female,Bachelor,Employed,50934.1,Married,2,Urban,9667.59,431,29,Debit Card,No,No
3332,19,Female,Bachelor,Self-Employed,83719.89,Single,0,Urban,28303.84,419,0,Credit Card,No,No
3333,57,Male,High School,Student,14482.86,Single,0,Urban,1000.0,480,30,Credit Card,Yes,No
3334,44,Male,High School,Student,5000.0,Single,0,Rural,2248.95,421,23,Cash,No,No
3335,54,Male,Diploma,Employed,36197.3,Married,2,Suburban,12317.9,497,32,Credit Card,No,No
3336,21,Male,Diploma,Employed,23844.41,Married,1,Suburban,9050.92,383,2,Debit Card,Yes,Yes
3337,21,Female,Diploma,Unemployed,13099.23,Single,0,Suburban,4362.91,436,0,Cash,Yes,No
3338,36,Male,Bachelor,Employed,49023.53,Married,1,Rural,7694.32,429,17,Debit Card,No,No
3339,44,Male,High School,Unemployed,9704.09,Single,0,Urban,1073.61,436,21,Credit Card,No,No
3340,59,Male,Bachelor,Unemployed,5000.0,Married,1,Suburban,1080.72,435,40,Credit Card,No,No
3341,46,Female,High School,Employed,29785.95,Married,3,Rural,8027.52,420,20,Debit Card,No,No
3342,35,Male,High School,Employed,43589.37,Married,1,Suburban,12944.5,497,13,Credit Card,No,No
3343,25,Male,Diploma,Employed,40433.13,Married,2,Urban,7219.14,449,1,Credit Card,Yes,No
3344,52,Male,Master,Self-Employed,77802.54,Married,2,Rural,17005.02,569,28,Mobile Money,No,No
3345,26,Male,High School,Employed,29836.27,Single,0,Urban,14203.59,417,8,Credit Card,No,No
3346,57,Female,Bachelor,Self-Employed,65486.01,Married,3,Urban,30671.41,531,38,Debit Card,Yes,No
3347,34,Male,Bachelor,Student,28534.67,Married,0,Urban,11951.8,426,11,Credit Card,No,No
3348,57,Female,High School,Employed,27337.26,Single,0,Rural,7358.32,476,32,Mobile Money,Yes,Yes
3349,46,Female,Bachelor,Student,5000.0,Married,3,Urban,3790.39,461,28,Debit Card,No,No
3350,36,Female,Master,Self-Employed,84171.67,Married,0,Rural,22733.42,493,18,Debit Card,No,No
3351,31,Female,Bachelor,Unemployed,18064.27,Married,0,Urban,8699.07,354,8,Debit Card,Yes,Yes
3352,33,Female,High School,Employed,34498.37,Married,3,Suburban,10652.76,428,11,Credit Card,Yes,No
3353,43,Male,Bachelor,Employed,61046.09,Single,0,Urban,16761.66,479,16,Debit Card,Yes,No
3354,38,Female,Bachelor,Employed,70644.21,Married,1,Urban,19689.94,485,16,Credit Card,Yes,No
3355,30,Male,High School,Employed,25234.69,Married,0,Urban,18475.44,445,7,Credit Card,Yes,No
3356,36,Male,High School,Employed,24507.6,Married,0,Rural,14086.06,431,18,Credit Card,Yes,No
3357,38,Female,High School,Unemployed,5000.0,Single,0,Urban,1000.0,386,12,Debit Card,Yes,No
3358,18,Female,High School,Employed,35293.23,Single,0,Suburban,10120.02,386,0,Debit Card,Yes,Yes
3359,43,Female,Diploma,Student,5000.0,Married,4,Rural,1000.0,412,19,Credit Card,Yes,No
3360,26,Female,Diploma,Employed,47134.11,Married,1,Urban,14925.35,447,4,Debit Card,Yes,No
3361,24,Male,Diploma,Employed,36066.92,Single,0,Suburban,12055.76,407,4,Debit Card,No,No
3362,18,Female,Master,Employed,83807.66,Single,0,Urban,38236.36,539,0,Cash,Yes,No
3363,18,Male,Bachelor,Student,5000.0,Single,0,Urban,1000.0,394,0,Credit Card,No,No
3364,21,Male,Master,Employed,78183.4,Single,0,Suburban,27581.31,532,3,Debit Card,No,No
3365,29,Female,Bachelor,Employed,62230.74,Married,0,Urban,19291.23,501,5,Debit Card,Yes,No
3366,61,Male,High School,Student,10212.61,Married,5,Urban,5989.14,450,40,Credit Card,No,No
3367,31,Female,Diploma,Employed,31061.89,Married,1,Urban,3586.69,381,13,Credit Card,Yes,No
3368,40,Female,Master,Self-Employed,88249.21,Single,0,Urban,29375.61,568,16,Debit Card,Yes,No
3369,42,Male,High School,Employed,31015.0,Single,0,Suburban,11196.81,408,23,Cash,No,No
3370,39,Female,High School,Employed,15357.95,Married,1,Suburban,1000.0,429,18,Credit Card,No,No
3371,37,Female,Diploma,Employed,52466.18,Single,0,Urban,17616.27,486,15,Cash,Yes,No
3372,23,Male,Diploma,Student,5235.11,Single,0,Suburban,1453.93,328,0,Cash,No,No
3373,55,Male,Diploma,Student,19849.74,Married,1,Suburban,7679.87,474,33,Debit Card,No,No
3374,59,Female,High School,Employed,29458.71,Married,5,Suburban,12241.23,434,40,Credit Card,Yes,No
3375,18,Male,Diploma,Employed,47858.61,Married,1,Rural,15884.24,422,0,Cash,No,No
3376,25,Female,Bachelor,Employed,48123.8,Single,0,Rural,11170.37,454,5,Debit Card,No,Yes
3377,34,Male,Diploma,Employed,41715.48,Single,0,Suburban,8852.33,453,7,Credit Card,No,No
3378,26,Female,Bachelor,Employed,56151.54,Single,0,Urban,16887.21,441,3,Credit Card,No,Yes
3379,44,Female,Bachelor,Employed,52411.19,Married,3,Urban,19248.29,413,18,Credit Card,No,No
3380,29,Male,Bachelor,Employed,48046.22,Married,1,Urban,4320.97,471,5,Debit Card,Yes,No
3381,63,Female,High School,Employed,5465.59,Married,5,Suburban,3137.16,527,45,Debit Card,No,No
3382,52,Female,Bachelor,Self-Employed,59233.92,Single,0,Rural,31335.58,537,26,Credit Card,Yes,No
3383,40,Female,High School,Unemployed,14604.07,Married,2,Urban,1000.0,389,21,Cash,No,No
3384,50,Female,Diploma,Employed,28838.16,Married,1,Urban,4790.21,469,28,Mobile Money,No,No
3385,51,Female,Bachelor,Self-Employed,56494.93,Married,2,Urban,21160.48,530,28,Credit Card,No,No
3386,31,Female,High School,Employed,18521.1,Married,0,Urban,6293.75,405,12,Cash,Yes,No
3387,28,Female,Diploma,Employed,41671.1,Married,1,Suburban,12486.99,431,2,Cash,No,No
3388,38,Female,High School,Self-Employed,28852.75,Single,0,Urban,17801.43,445,19,Credit Card,Yes,No
3389,48,Male,High School,Self-Employed,45762.74,Married,4,Rural,5644.88,488,26,Credit Card,No,No
3390,39,Female,Diploma,Employed,45876.96,Married,1,Rural,13363.86,527,18,Cash,Yes,No
3391,19,Male,PhD,Employed,91600.99,Single,0,Urban,42111.26,510,0,Debit Card,Yes,No
3392,28,Male,Diploma,Student,10431.6,Single,0,Urban,2911.32,376,9,Debit Card,Yes,No
3393,37,Male,Diploma,Self-Employed,41896.42,Married,1,Rural,15882.24,430,10,Debit Card,No,No
3394,37,Male,Bachelor,Self-Employed,59898.46,Married,0,Rural,25122.26,495,15,Credit Card,No,No
3395,61,Male,Bachelor,Self-Employed,71688.21,Married,5,Rural,26261.53,586,39,Credit Card,Yes,No
3396,21,Male,Master,Employed,77307.14,Married,0,Urban,22628.44,491,3,Debit Card,Yes,No
3397,44,Male,Master,Employed,75618.1,Married,4,Urban,21452.0,569,22,Credit Card,No,No
3398,55,Female,Bachelor,Student,7235.34,Married,2,Suburban,7072.09,452,31,Debit Card,No,No
3399,65,Male,PhD,Employed,86869.42,Married,4,Rural,16430.64,623,44,Mobile Money,No,No
3400,33,Male,High School,Employed,22545.95,Married,1,Urban,11031.93,446,10,Debit Card,Yes,No
3401,43,Male,Bachelor,Self-Employed,72146.03,Married,2,Rural,29574.04,536,24,Debit Card,No,No
3402,44,Male,Master,Employed,54308.36,Married,3,Urban,31329.68,480,23,Debit Card,No,No
3403,40,Male,Bachelor,Employed,37366.11,Married,2,Urban,16297.15,468,13,Mobile Money,No,No
3404,36,Female,PhD,Employed,73961.13,Single,0,Urban,33290.05,479,17,Debit Card,No,No
3405,43,Female,High School,Employed,12858.49,Married,2,Urban,1000.0,390,16,Credit Card,No,Yes
3406,18,Female,Diploma,Self-Employed,58857.13,Single,0,Urban,13721.25,463,0,Credit Card,No,No
3407,46,Female,PhD,Employed,96294.44,Married,2,Urban,43141.91,537,26,Debit Card,No,No
3408,39,Male,Diploma,Employed,30411.23,Single,0,Suburban,18339.32,432,15,Mobile Money,No,No
3409,35,Male,Bachelor,Employed,54152.54,Single,0,Suburban,6157.8,563,9,Cash,Yes,No
3410,62,Male,High School,Employed,41726.32,Married,5,Urban,11853.98,532,41,Debit Card,Yes,No
3411,29,Female,Bachelor,Employed,59001.59,Married,0,Rural,24629.76,470,4,Credit Card,Yes,No
3412,33,Male,Master,Employed,86915.01,Married,2,Urban,43330.45,518,15,Debit Card,Yes,Yes
3413,61,Female,Diploma,Self-Employed,47085.87,Single,0,Suburban,17952.97,529,35,Credit Card,Yes,No
3414,28,Male,High School,Self-Employed,30758.73,Single,0,Suburban,11434.17,394,5,Cash,Yes,No
3415,31,Male,High School,Employed,21351.13,Single,0,Rural,3763.22,452,10,Credit Card,No,No
3416,36,Female,Master,Employed,70189.16,Married,3,Urban,22060.26,479,16,Mobile Money,No,No
3417,48,Female,Bachelor,Employed,62488.52,Married,2,Urban,27411.76,509,21,Cash,Yes,No
3418,40,Female,High School,Employed,30793.0,Married,1,Urban,8127.76,435,13,Mobile Money,No,No
3419,22,Female,High School,Employed,27134.44,Single,0,Urban,7379.97,428,2,Cash,No,No
3420,31,Female,Master,Employed,80052.16,Married,0,Urban,35191.25,534,6,Credit Card,Yes,No
3421,30,Female,Master,Employed,74231.14,Single,0,Urban,24895.33,470,5,Debit Card,Yes,No
3422,37,Female,High School,Student,5092.51,Single,0,Suburban,4189.2,335,11,Debit Card,No,No
3423,43,Male,Diploma,Self-Employed,41867.27,Married,1,Urban,7589.92,485,25,Credit Card,No,No
3424,43,Female,Bachelor,Unemployed,14464.46,Married,1,Urban,9643.69,362,25,Credit Card,Yes,No
3425,18,Female,Bachelor,Employed,58781.98,Single,0,Urban,10984.51,447,0,Credit Card,Yes,No
3426,50,Male,PhD,Employed,83757.21,Married,2,Rural,39548.45,559,26,Mobile Money,Yes,No
3427,41,Female,Diploma,Employed,30130.78,Married,0,Urban,8482.97,432,20,Credit Card,No,No
3428,54,Female,Bachelor,Student,7158.79,Married,2,Urban,5797.16,433,27,Credit Card,No,No
3429,43,Female,Bachelor,Employed,54606.32,Married,2,Urban,13080.02,552,19,Debit Card,No,No
3430,51,Male,Master,Employed,80906.32,Married,4,Urban,16826.65,558,30,Debit Card,No,No
3431,43,Male,Diploma,Employed,30719.7,Single,0,Urban,4495.15,440,16,Debit Card,No,No
3432,54,Female,High School,Self-Employed,37813.98,Single,0,Urban,13079.23,443,30,Credit Card,Yes,No
3433,44,Female,Diploma,Employed,37779.43,Married,1,Urban,10689.43,466,17,Credit Card,Yes,No
3434,36,Male,Master,Employed,68176.47,Single,0,Rural,25308.5,494,13,Mobile Money,No,No
3435,65,Female,Diploma,Student,20314.93,Married,2,Urban,3420.9,478,46,Credit Card,No,No
3436,48,Male,Diploma,Employed,40649.7,Married,3,Urban,12196.86,487,22,Credit Card,No,No
3437,44,Female,Bachelor,Employed,47691.56,Married,2,Suburban,19423.5,489,19,Credit Card,Yes,Yes
3438,22,Male,High School,Employed,37109.97,Single,0,Rural,17789.25,371,0,Cash,No,No
3439,22,Male,High School,Unemployed,15521.93,Single,0,Rural,7210.79,371,1,Credit Card,Yes,No
3440,41,Female,Diploma,Employed,31990.63,Single,0,Urban,5391.66,438,19,Mobile Money,Yes,No
3441,39,Male,Bachelor,Employed,45456.51,Single,0,Rural,21299.32,448,19,Credit Card,No,Yes
3442,30,Male,Bachelor,Self-Employed,69284.16,Single,0,Urban,22733.22,492,8,Credit Card,Yes,No
3443,39,Male,Master,Employed,69736.25,Single,0,Rural,21577.42,526,19,Cash,No,No
3444,57,Male,Master,Student,10235.34,Married,3,Urban,3482.23,425,33,Debit Card,Yes,Yes
3445,46,Male,Diploma,Self-Employed,56450.39,Single,0,Urban,17390.15,525,19,Debit Card,No,No
3446,24,Female,Bachelor,Employed,50261.75,Single,0,Urban,18318.36,447,5,Credit Card,Yes,No
3447,36,Female,High School,Employed,33372.5,Married,0,Urban,8710.24,452,17,Mobile Money,Yes,No
3448,28,Female,High School,Self-Employed,45397.15,Single,0,Rural,7426.45,419,6,Debit Card,Yes,No
3449,33,Female,High School,Self-Employed,33286.95,Married,2,Urban,1000.0,455,13,Debit Card,Yes,No
3450,33,Male,Diploma,Self-Employed,33367.21,Married,0,Urban,12141.65,454,10,Debit Card,Yes,No
3451,32,Male,High School,Employed,26775.46,Married,0,Urban,9324.33,398,5,Debit Card,Yes,No
3452,22,Male,Diploma,Student,9514.27,Single,0,Urban,2051.1,378,0,Credit Card,Yes,No
3453,36,Female,Bachelor,Employed,63024.05,Single,0,Urban,22448.31,526,17,Mobile Money,Yes,No
3454,31,Female,Diploma,Employed,35830.71,Married,1,Urban,15705.86,429,4,Mobile Money,No,Yes
3455,18,Male,Bachelor,Student,24784.75,Single,0,Rural,5250.13,327,0,Debit Card,Yes,No
3456,62,Male,Diploma,Self-Employed,37609.42,Married,4,Urban,10956.01,531,41,Credit Card,No,No
3457,51,Female,High School,Employed,31313.15,Married,0,Rural,9668.4,465,28,Debit Card,No,No
3458,33,Female,High School,Student,5000.0,Married,0,Suburban,1790.47,371,15,Cash,Yes,Yes
3459,38,Female,High School,Employed,40776.73,Married,0,Urban,10141.93,453,15,Debit Card,Yes,No
3460,23,Male,High School,Employed,18210.82,Single,0,Suburban,6570.23,387,0,Credit Card,Yes,No
3461,58,Female,Bachelor,Self-Employed,69405.08,Married,3,Rural,11228.38,532,40,Debit Card,No,No
3462,60,Male,Bachelor,Employed,53046.15,Married,3,Suburban,13639.25,606,35,Credit Card,No,No
3463,39,Female,Diploma,Student,20233.13,Married,1,Suburban,11073.23,416,16,Debit Card,Yes,No
3464,50,Female,Diploma,Unemployed,5371.53,Single,0,Suburban,2204.15,457,23,Debit Card,No,No
3465,40,Female,Master,Employed,73322.55,Married,1,Rural,20226.76,535,19,Mobile Money,Yes,No
3466,21,Male,High School,Unemployed,5000.0,Single,0,Suburban,4665.65,348,0,Credit Card,No,Yes
3467,33,Male,High School,Employed,31504.5,Married,0,Urban,8734.04,412,13,Mobile Money,Yes,No
3468,39,Male,Bachelor,Employed,52045.08,Married,1,Urban,20018.42,484,15,Credit Card,Yes,No
3469,32,Male,Bachelor,Student,7918.16,Single,0,Urban,1654.34,382,7,Mobile Money,No,No
3470,35,Female,Bachelor,Unemployed,5000.0,Married,1,Suburban,2987.91,300,14,Credit Card,No,No
3471,36,Female,Bachelor,Employed,58316.67,Married,1,Suburban,20998.61,458,18,Debit Card,Yes,No
3472,37,Male,High School,Employed,21342.09,Married,2,Urban,16971.01,415,17,Debit Card,Yes,No
3473,38,Male,Diploma,Employed,31066.56,Single,0,Suburban,9424.82,438,17,Credit Card,No,No
3474,25,Male,High School,Employed,17557.73,Single,0,Urban,2432.75,321,2,Credit Card,No,No
3475,29,Female,Bachelor,Employed,46551.61,Single,0,Urban,11080.01,447,2,Debit Card,Yes,No
3476,22,Female,Master,Employed,74003.84,Single,0,Urban,18665.02,524,3,Cash,No,No
3477,49,Male,Diploma,Employed,43609.39,Married,2,Suburban,5063.36,491,22,Credit Card,Yes,No
3478,18,Male,High School,Unemployed,14309.69,Single,0,Urban,6809.12,375,0,Credit Card,No,No
3479,51,Female,Diploma,Employed,31784.15,Married,5,Rural,5608.23,503,25,Debit Card,Yes,No
3480,54,Female,High School,Employed,31718.25,Married,4,Rural,7808.95,516,29,Mobile Money,No,No
3481,34,Male,Diploma,Student,5000.0,Single,0,Urban,4529.7,365,12,Credit Card,Yes,Yes
3482,18,Female,Bachelor,Employed,62637.84,Single,0,Urban,21547.16,511,0,Credit Card,Yes,No
3483,33,Female,PhD,Self-Employed,111408.11,Married,1,Urban,56658.36,546,7,Debit Card,Yes,No
3484,37,Female,Diploma,Employed,34747.85,Married,0,Suburban,7057.28,431,12,Debit Card,No,No
3485,25,Female,High School,Employed,38324.6,Married,0,Urban,9837.29,481,5,Mobile Money,No,Yes
3486,31,Male,High School,Employed,34058.75,Married,0,Urban,10700.4,446,11,Debit Card,Yes,No
3487,56,Female,High School,Employed,18903.98,Married,3,Urban,8870.3,423,36,Credit Card,Yes,No
3488,45,Male,High School,Employed,16627.82,Single,0,Urban,5333.56,400,27,Credit Card,No,No
3489,26,Male,Bachelor,Employed,44218.51,Married,0,Urban,18777.17,450,6,Mobile Money,Yes,No
3490,18,Male,High School,Employed,43193.45,Single,0,Rural,9524.39,411,0,Debit Card,Yes,No
3491,34,Male,PhD,Employed,81876.3,Married,1,Rural,30379.53,573,9,Credit Card,Yes,No
3492,35,Male,Bachelor,Employed,70009.12,Single,0,Suburban,15054.43,453,14,Debit Card,Yes,No
3493,43,Female,Bachelor,Student,5000.0,Married,4,Suburban,2478.86,452,23,Mobile Money,Yes,No
3494,31,Female,Diploma,Unemployed,5000.0,Married,0,Urban,1000.0,383,8,Credit Card,Yes,No
3495,44,Female,Bachelor,Unemployed,23539.62,Married,1,Rural,12509.82,391,19,Debit Card,No,No
3496,61,Male,Diploma,Self-Employed,55404.19,Married,5,Urban,16887.27,552,37,Debit Card,No,No
3497,47,Male,Diploma,Employed,44446.6,Single,0,Suburban,12138.68,437,23,Debit Card,No,No
3498,37,Female,Diploma,Employed,45408.88,Single,0,Urban,15588.02,424,10,Debit Card,No,No
3499,35,Male,Master,Unemployed,14587.03,Married,1,Suburban,5129.44,390,16,Credit Card,No,No
3500,33,Female,Diploma,Employed,46664.03,Married,0,Suburban,6882.23,503,14,Mobile Money,Yes,No
3501,52,Male,Diploma,Employed,41919.97,Married,3,Rural,9275.65,460,31,Credit Card,No,No
3502,30,Female,Diploma,Employed,37077.8,Single,0,Suburban,9650.83,466,10,Debit Card,Yes,No
3503,38,Male,High School,Employed,30756.96,Married,0,Urban,10837.9,496,12,Debit Card,Yes,Yes
3504,38,Female,High School,Employed,38485.17,Single,0,Rural,19318.35,464,15,Credit Card,No,Yes
3505,31,Female,High School,Student,9134.8,Married,1,Suburban,9021.88,406,7,Cash,Yes,No
3506,21,Female,Bachelor,Self-Employed,48737.58,Single,0,Urban,17328.9,404,0,Debit Card,Yes,Yes
3507,41,Female,Diploma,Employed,47129.82,Married,2,Urban,14368.87,485,21,Credit Card,No,No
3508,37,Male,Bachelor,Self-Employed,72517.11,Single,0,Urban,29951.56,556,15,Debit Card,No,No
3509,44,Female,Bachelor,Employed,51967.48,Married,3,Urban,10071.01,508,23,Debit Card,No,No
3510,31,Male,High School,Self-Employed,36933.99,Married,0,Urban,17287.45,422,4,Mobile Money,Yes,No
3511,52,Female,Bachelor,Unemployed,17401.92,Single,0,Rural,7773.59,450,29,Credit Card,Yes,No
3512,27,Male,Bachelor,Employed,39164.32,Single,0,Urban,11158.48,423,2,Credit Card,Yes,Yes
3513,58,Female,Bachelor,Self-Employed,62786.64,Married,3,Rural,28341.83,582,40,Credit Card,No,No
3514,18,Female,Bachelor,Employed,52096.18,Single,0,Suburban,31773.09,410,0,Credit Card,Yes,Yes
3515,43,Male,Bachelor,Employed,53730.19,Married,1,Rural,9510.36,492,16,Debit Card,Yes,No
3516,43,Male,High School,Self-Employed,31793.22,Single,0,Suburban,16531.54,502,18,Cash,Yes,No
3517,28,Male,Bachelor,Unemployed,21802.73,Married,1,Suburban,9201.31,387,5,Credit Card,No,No
3518,43,Female,Diploma,Self-Employed,41526.97,Married,0,Urban,11127.29,500,20,Debit Card,Yes,No
3519,53,Male,Bachelor,Student,18280.62,Single,0,Suburban,13803.29,449,27,Credit Card,Yes,No
3520,18,Female,High School,Unemployed,13925.94,Single,0,Urban,7010.37,397,0,Cash,No,No
3521,44,Female,Master,Self-Employed,94883.35,Married,0,Urban,19118.8,575,23,Credit Card,No,Yes
3522,18,Female,Diploma,Unemployed,25870.39,Single,0,Rural,7830.95,370,0,Credit Card,No,No
3523,26,Female,Bachelor,Employed,68923.61,Single,0,Suburban,16535.88,472,8,Cash,Yes,No
3524,57,Male,Bachelor,Employed,45515.06,Married,5,Suburban,14544.77,528,35,Debit Card,No,No
3525,31,Female,Master,Employed,72753.49,Single,0,Urban,15970.6,495,10,Debit Card,Yes,No
3526,23,Female,Bachelor,Employed,49257.71,Single,0,Suburban,12404.78,497,4,Credit Card,No,No
3527,35,Female,High School,Unemployed,35242.4,Married,1,Suburban,14983.53,460,13,Credit Card,Yes,No
3528,62,Female,Master,Employed,74912.57,Married,5,Urban,30478.07,563,41,Credit Card,Yes,No
3529,18,Female,Bachelor,Employed,66330.5,Single,0,Rural,28649.09,517,0,Debit Card,Yes,No
3530,25,Male,Bachelor,Unemployed,19982.96,Married,1,Urban,2982.36,386,0,Mobile Money,No,Yes
3531,55,Female,Master,Employed,48916.46,Married,4,Suburban,8340.19,451,34,Mobile Money,Yes,No
3532,60,Female,High School,Employed,23731.48,Single,0,Urban,10951.07,456,39,Credit Card,Yes,No
3533,36,Female,High School,Employed,24515.34,Single,0,Suburban,7093.56,381,12,Cash,No,No
3534,23,Female,Bachelor,Self-Employed,62878.92,Single,0,Urban,9995.48,482,0,Credit Card,Yes,No
3535,63,Male,Bachelor,Employed,57876.55,Married,5,Rural,29845.06,518,38,Mobile Money,No,No
3536,57,Female,Diploma,Student,12010.66,Married,1,Suburban,3614.6,463,30,Debit Card,No,No
3537,46,Female,Bachelor,Employed,33981.31,Single,0,Suburban,16435.89,451,28,Debit Card,No,No
3538,28,Male,Diploma,Unemployed,10104.64,Married,0,Urban,2589.25,460,7,Cash,Yes,No
3539,37,Female,Bachelor,Employed,51112.99,Married,0,Rural,23523.12,487,18,Credit Card,No,No
3540,36,Male,Master,Employed,81048.31,Married,2,Suburban,21119.89,549,10,Mobile Money,Yes,No
3541,41,Female,High School,Employed,34737.96,Married,2,Urban,16828.65,469,22,Cash,Yes,No
3542,55,Male,Bachelor,Employed,53535.38,Single,0,Urban,20990.43,525,33,Debit Card,No,No
3543,48,Female,Bachelor,Employed,56789.45,Married,2,Urban,19302.97,547,24,Credit Card,Yes,No
3544,25,Male,Diploma,Employed,26503.82,Single,0,Urban,11897.44,413,7,Debit Card,No,Yes
3545,54,Female,Diploma,Employed,45290.82,Married,2,Suburban,13781.7,508,34,Cash,Yes,No
3546,41,Male,High School,Unemployed,5835.69,Married,1,Suburban,4244.32,405,20,Credit Card,No,No
3547,46,Male,Bachelor,Employed,48540.97,Married,0,Urban,10068.3,525,26,Debit Card,No,No
3548,55,Female,Diploma,Student,18513.85,Single,0,Urban,5463.0,432,32,Credit Card,No,No
3549,24,Male,Diploma,Unemployed,14188.65,Single,0,Urban,1000.0,312,6,Cash,Yes,Yes
3550,37,Female,Diploma,Employed,34676.55,Married,2,Urban,12020.94,452,11,Cash,No,No
3551,31,Female,Diploma,Employed,35164.85,Married,0,Urban,5080.97,451,9,Mobile Money,Yes,No
3552,19,Female,Bachelor,Self-Employed,68927.25,Married,1,Urban,15272.75,446,0,Debit Card,Yes,No
3553,42,Female,Bachelor,Unemployed,18805.37,Married,3,Suburban,7277.19,389,24,Credit Card,Yes,No
3554,68,Male,Diploma,Unemployed,12235.4,Married,5,Suburban,7815.47,433,44,Debit Card,No,No
3555,18,Male,Bachelor,Self-Employed,56373.15,Single,0,Rural,11646.22,403,0,Debit Card,No,No
3556,37,Female,Bachelor,Employed,46556.29,Married,2,Suburban,5700.37,484,18,Credit Card,No,No
3557,45,Male,Diploma,Employed,34013.49,Married,2,Urban,14399.5,492,27,Cash,No,No
3558,39,Female,High School,Unemployed,7430.83,Single,0,Suburban,3110.98,361,20,Credit Card,No,No
3559,36,Male,Master,Self-Employed,83669.51,Married,1,Urban,41350.32,554,12,Cash,Yes,No
3560,22,Female,Bachelor,Unemployed,15220.23,Single,0,Rural,6977.35,380,0,Cash,No,No
3561,40,Male,Bachelor,Self-Employed,65086.04,Single,0,Suburban,32671.87,492,15,Debit Card,Yes,No
3562,28,Female,High School,Employed,45049.96,Married,2,Urban,14393.69,479,2,Credit Card,No,No
3563,18,Male,Master,Student,20794.0,Single,0,Urban,5117.89,450,0,Credit Card,Yes,Yes
3564,52,Male,Bachelor,Student,20505.73,Married,2,Rural,10178.68,406,30,Mobile Money,Yes,No
3565,49,Female,Master,Employed,73714.11,Married,4,Rural,22752.28,551,27,Credit Card,No,No
3566,38,Male,PhD,Employed,90579.22,Single,0,Urban,21038.0,555,16,Debit Card,No,No
3567,40,Female,PhD,Employed,93279.67,Married,0,Urban,46422.75,569,16,Mobile Money,Yes,No
3568,50,Female,Master,Self-Employed,85806.56,Married,0,Rural,39532.19,562,26,Mobile Money,No,No
3569,40,Male,High School,Employed,36463.83,Married,1,Rural,16806.24,472,15,Debit Card,No,No
3570,48,Female,Master,Employed,62198.88,Married,0,Rural,18669.23,525,30,Credit Card,No,No
3571,34,Male,High School,Employed,35797.98,Married,1,Rural,17861.24,398,16,Credit Card,No,No
3572,53,Female,Master,Employed,71336.47,Married,2,Suburban,29886.41,547,30,Credit Card,No,Yes
3573,41,Female,Diploma,Employed,25543.3,Married,2,Rural,6199.51,442,19,Credit Card,No,No
3574,40,Female,Bachelor,Self-Employed,66685.77,Married,4,Urban,14630.64,552,16,Credit Card,Yes,No
3575,22,Male,High School,Unemployed,5000.0,Single,0,Rural,1000.0,342,0,Mobile Money,Yes,No
3576,41,Male,Bachelor,Employed,50720.02,Single,0,Urban,16384.96,488,15,Mobile Money,Yes,No
3577,28,Female,High School,Self-Employed,34726.47,Single,0,Suburban,16669.31,399,9,Debit Card,Yes,No
3578,30,Male,Diploma,Self-Employed,35943.19,Married,0,Urban,17962.58,474,3,Credit Card,Yes,No
3579,28,Male,Master,Employed,69570.07,Married,0,Rural,20166.17,498,4,Mobile Money,Yes,No
3580,25,Female,Bachelor,Employed,55547.74,Single,0,Urban,13218.29,511,3,Credit Card,Yes,No
3581,63,Female,High School,Employed,36040.59,Married,5,Rural,21296.96,492,44,Mobile Money,No,No
3582,53,Male,Diploma,Employed,36369.88,Married,5,Urban,15543.32,474,35,Debit Card,No,No
3583,61,Male,High School,Student,8195.8,Married,3,Urban,3943.34,444,43,Debit Card,Yes,No
3584,23,Male,Bachelor,Unemployed,15736.7,Single,0,Rural,7301.69,394,5,Mobile Money,Yes,No
3585,38,Male,PhD,Employed,86653.83,Married,0,Suburban,44975.3,597,19,Credit Card,Yes,No
3586,22,Male,Bachelor,Student,5000.0,Single,0,Rural,1000.0,398,3,Credit Card,Yes,No
3587,29,Male,High School,Unemployed,8107.2,Single,0,Suburban,11257.22,350,5,Mobile Money,No,Yes
3588,26,Female,Diploma,Student,13956.1,Single,0,Suburban,7065.68,371,1,Debit Card,Yes,No
3589,52,Female,PhD,Employed,82530.27,Married,5,Rural,20595.46,495,25,Debit Card,Yes,No
3590,33,Male,High School,Self-Employed,34257.73,Single,0,Rural,13847.5,402,15,Credit Card,No,No
3591,50,Male,Bachelor,Self-Employed,65436.1,Married,2,Urban,28976.17,530,24,Debit Card,No,No
3592,45,Female,Diploma,Self-Employed,56819.53,Married,1,Urban,18406.37,560,26,Credit Card,No,No
3593,65,Male,Bachelor,Employed,55240.86,Single,0,Suburban,16987.77,494,46,Credit Card,No,No
3594,20,Female,Master,Self-Employed,86304.7,Married,0,Rural,34982.06,549,0,Credit Card,Yes,No
3595,53,Female,Diploma,Employed,39930.75,Married,5,Suburban,11914.54,480,29,Credit Card,No,No
3596,51,Female,Bachelor,Unemployed,12561.55,Married,1,Suburban,7184.75,449,31,Credit Card,No,No
3597,26,Male,Bachelor,Self-Employed,56924.21,Married,1,Urban,18555.22,461,2,Cash,Yes,No
3598,50,Female,Diploma,Employed,37719.42,Married,1,Suburban,7565.09,489,28,Mobile Money,No,No
3599,42,Female,Diploma,Employed,43146.87,Single,0,Urban,12586.35,446,20,Debit Card,Yes,No
3600,35,Female,Bachelor,Self-Employed,66984.61,Married,1,Urban,15104.33,449,16,Cash,Yes,No
3601,28,Female,High School,Employed,41836.14,Married,0,Urban,16375.65,454,6,Mobile Money,Yes,No
3602,29,Male,Master,Employed,77566.82,Single,0,Urban,35909.29,548,10,Debit Card,Yes,No
3603,62,Male,High School,Self-Employed,45924.46,Single,0,Rural,11582.9,526,35,Debit Card,No,No
3604,38,Female,High School,Unemployed,5000.0,Single,0,Urban,5274.05,429,13,Debit Card,Yes,No
3605,47,Female,Diploma,Employed,52634.67,Married,2,Suburban,19261.61,468,27,Debit Card,No,No
3606,28,Female,High School,Employed,32134.49,Married,0,Urban,12014.44,442,8,Credit Card,Yes,No
3607,28,Female,Diploma,Unemployed,15271.4,Married,0,Rural,7793.65,377,9,Credit Card,No,No
3608,50,Male,Diploma,Unemployed,19168.22,Single,0,Suburban,10036.95,499,29,Credit Card,No,No
3609,21,Male,Bachelor,Employed,55170.54,Single,0,Urban,14024.41,409,0,Credit Card,No,No
3610,33,Female,PhD,Employed,81436.96,Single,0,Urban,20285.49,536,13,Debit Card,Yes,No
3611,38,Male,Bachelor,Employed,66579.26,Single,0,Urban,22474.46,493,13,Credit Card,Yes,No
3612,39,Female,High School,Student,5000.0,Single,0,Suburban,3790.5,358,20,Credit Card,No,No
3613,35,Male,Master,Employed,62114.26,Single,0,Urban,26334.37,532,17,Debit Card,Yes,No
3614,42,Female,Diploma,Employed,38125.59,Married,0,Urban,6443.74,411,24,Cash,Yes,No
3615,46,Female,Diploma,Employed,36911.97,Married,0,Urban,10758.79,447,19,Debit Card,No,No
3616,46,Male,Diploma,Employed,40030.45,Married,2,Urban,8332.78,465,28,Debit Card,Yes,No
3617,26,Male,Diploma,Self-Employed,47214.33,Married,0,Suburban,19072.33,432,6,Credit Card,Yes,No
3618,34,Female,Master,Employed,80777.04,Single,0,Urban,31613.37,541,9,Cash,No,No
3619,52,Female,Diploma,Employed,43674.58,Married,4,Rural,19391.98,486,34,Credit Card,No,No
3620,48,Female,Bachelor,Employed,48137.62,Married,3,Urban,13170.92,477,29,Credit Card,Yes,No
3621,21,Male,High School,Employed,24235.97,Single,0,Urban,10846.56,419,0,Cash,Yes,No
3622,42,Male,Bachelor,Unemployed,13394.49,Married,1,Urban,11462.05,408,21,Credit Card,Yes,Yes
3623,18,Male,Bachelor,Employed,51926.39,Single,0,Urban,24890.01,455,0,Cash,Yes,No
3624,38,Male,Diploma,Unemployed,7882.05,Single,0,Rural,1000.0,346,12,Cash,No,Yes
3625,60,Female,Bachelor,Employed,46186.06,Single,0,Urban,16070.26,494,40,Cash,Yes,No
3626,26,Female,Bachelor,Employed,57323.22,Married,1,Urban,18798.51,455,2,Credit Card,Yes,No
3627,27,Male,Bachelor,Employed,51355.16,Single,0,Urban,28014.9,496,8,Credit Card,No,No
3628,47,Male,Bachelor,Student,5000.0,Married,3,Urban,1000.0,425,21,Debit Card,No,No
3629,19,Male,Bachelor,Employed,58883.8,Single,0,Suburban,27578.87,395,0,Credit Card,Yes,Yes
3630,30,Female,High School,Self-Employed,42782.58,Married,0,Urban,9917.53,461,6,Cash,Yes,Yes
3631,45,Female,Bachelor,Employed,53034.9,Married,1,Suburban,22282.61,554,19,Cash,No,No
3632,30,Female,Diploma,Employed,54251.89,Married,0,Rural,15334.37,486,11,Credit Card,No,No
3633,35,Male,Diploma,Employed,57724.17,Married,2,Rural,30784.44,453,16,Debit Card,Yes,Yes
3634,46,Female,Master,Student,17975.12,Single,0,Suburban,4125.9,421,25,Debit Card,Yes,No
3635,43,Male,High School,Employed,26249.51,Married,3,Urban,17381.72,453,21,Credit Card,No,No
3636,41,Male,Diploma,Self-Employed,50151.63,Single,0,Urban,10827.21,457,20,Credit Card,No,No
3637,33,Female,High School,Student,5000.0,Married,0,Suburban,1000.0,381,6,Debit Card,No,No
3638,42,Female,High School,Employed,23025.09,Married,1,Urban,3177.28,469,19,Credit Card,No,No
3639,36,Male,Diploma,Employed,26538.49,Single,0,Suburban,15930.75,441,16,Debit Card,Yes,No
3640,43,Male,PhD,Employed,84972.28,Married,2,Suburban,23888.62,539,22,Mobile Money,Yes,No
3641,32,Male,Diploma,Employed,30139.84,Married,1,Suburban,13539.46,468,6,Debit Card,Yes,No
3642,35,Male,Bachelor,Employed,59992.45,Single,0,Urban,13722.01,457,16,Mobile Money,No,No
3643,26,Female,High School,Self-Employed,30006.73,Married,0,Suburban,12778.39,422,7,Credit Card,Yes,No
3644,37,Female,Bachelor,Self-Employed,68212.97,Married,0,Urban,37799.59,462,19,Credit Card,Yes,No
3645,28,Male,PhD,Self-Employed,113983.25,Married,0,Urban,32554.48,548,2,Debit Card,Yes,No
3646,24,Male,Diploma,Student,17370.74,Single,0,Suburban,11162.7,361,0,Cash,Yes,No
3647,41,Male,Master,Employed,67172.6,Married,5,Urban,39549.05,535,19,Debit Card,No,No
3648,40,Female,PhD,Employed,92485.1,Married,2,Suburban,28194.74,577,18,Credit Card,No,No
3649,47,Male,Bachelor,Employed,57740.01,Married,3,Urban,18238.05,504,25,Debit Card,No,No
3650,32,Female,Diploma,Employed,50176.73,Married,0,Urban,18214.74,495,8,Debit Card,Yes,No
3651,42,Male,Bachelor,Employed,61268.46,Married,1,Suburban,29820.74,507,23,Credit Card,No,No
3652,44,Female,Master,Employed,80426.76,Married,3,Suburban,15919.14,575,18,Credit Card,No,No
3653,43,Female,High School,Unemployed,5000.0,Married,0,Rural,1682.17,433,23,Credit Card,No,Yes
3654,28,Female,Diploma,Student,5000.0,Single,0,Rural,2257.72,344,7,Debit Card,Yes,No
3655,39,Female,Diploma,Employed,48254.53,Single,0,Urban,13480.48,454,21,Debit Card,No,No
3656,42,Female,Diploma,Unemployed,16645.61,Married,1,Rural,11690.04,370,24,Mobile Money,Yes,No
3657,38,Female,Master,Unemployed,19999.64,Married,0,Urban,4816.38,414,16,Cash,Yes,Yes
3658,18,Male,Diploma,Employed,36207.6,Single,0,Urban,13238.56,451,0,Credit Card,Yes,No
3659,39,Male,Diploma,Employed,46309.48,Married,2,Suburban,15724.02,483,21,Credit Card,No,No
3660,64,Male,Bachelor,Student,5000.0,Married,5,Urban,1000.0,449,42,Debit Card,No,No
3661,33,Female,High School,Self-Employed,42337.53,Single,0,Urban,22149.78,480,7,Cash,Yes,No
3662,29,Female,High School,Student,6725.51,Married,1,Urban,1000.0,418,11,Debit Card,Yes,Yes
3663,42,Male,Bachelor,Employed,51089.28,Single,0,Urban,14071.01,501,21,Debit Card,No,No
3664,41,Female,Diploma,Employed,44019.53,Married,2,Rural,16551.9,491,16,Credit Card,No,No
3665,52,Female,Diploma,Employed,36911.61,Married,2,Suburban,13966.73,476,30,Debit Card,Yes,No
3666,22,Female,High School,Student,6232.15,Single,0,Urban,1000.0,367,0,Credit Card,No,No
3667,46,Female,Bachelor,Employed,54630.03,Married,4,Suburban,12973.78,530,23,Credit Card,No,No
3668,45,Female,Master,Employed,75956.24,Single,0,Rural,20413.65,526,19,Debit Card,No,No
3669,36,Male,Master,Employed,71273.45,Single,0,Urban,28768.93,513,13,Credit Card,Yes,No
3670,42,Male,High School,Employed,14727.04,Married,1,Suburban,8469.33,395,21,Cash,Yes,No
3671,50,Female,Bachelor,Employed,43863.25,Married,1,Suburban,9056.04,508,30,Credit Card,Yes,No
3672,48,Male,Master,Self-Employed,75326.67,Married,2,Suburban,38002.28,543,22,Debit Card,No,No
3673,24,Male,Diploma,Employed,43652.36,Single,0,Rural,6881.63,446,1,Credit Card,Yes,No
3674,47,Female,Master,Employed,74454.82,Married,2,Urban,35750.34,483,27,Debit Card,Yes,No
3675,37,Female,Master,Employed,83362.86,Married,1,Suburban,18801.89,496,17,Cash,No,No
3676,38,Female,High School,Employed,21884.56,Single,0,Urban,10990.54,445,15,Debit Card,Yes,No
3677,38,Male,Diploma,Employed,50474.02,Married,3,Suburban,23586.21,451,12,Credit Card,Yes,No
3678,36,Female,High School,Employed,14496.97,Single,0,Rural,5620.05,371,10,Debit Card,Yes,No
3679,52,Male,High School,Self-Employed,36142.06,Married,3,Urban,1609.56,450,33,Mobile Money,Yes,No
3680,36,Male,Master,Employed,71961.63,Married,1,Urban,15032.7,521,16,Mobile Money,Yes,No
3681,24,Female,Master,Employed,71932.72,Single,0,Rural,27112.29,477,2,Credit Card,Yes,No
3682,33,Male,High School,Employed,27523.24,Single,0,Rural,5598.04,407,15,Cash,No,No
3683,40,Male,Bachelor,Employed,55943.16,Married,0,Rural,24181.08,472,15,Mobile Money,No,No
3684,52,Female,Bachelor,Employed,45118.24,Single,0,Rural,22527.2,516,33,Debit Card,Yes,No
3685,45,Male,Diploma,Self-Employed,54921.29,Married,4,Suburban,20100.1,487,22,Credit Card,Yes,No
3686,27,Female,Bachelor,Self-Employed,67998.32,Single,0,Rural,27756.48,480,9,Credit Card,No,No
3687,67,Female,Master,Self-Employed,86897.87,Married,5,Rural,33525.18,584,40,Credit Card,Yes,No
3688,41,Female,High School,Employed,27767.87,Married,1,Urban,11935.57,450,23,Credit Card,Yes,No
3689,53,Male,High School,Employed,27376.16,Married,5,Rural,1671.94,513,31,Debit Card,No,No
3690,36,Female,High School,Self-Employed,40197.85,Married,1,Suburban,7679.55,470,12,Debit Card,Yes,No
3691,44,Male,Diploma,Employed,52719.79,Married,4,Urban,9652.68,511,17,Cash,No,No
3692,48,Female,Diploma,Employed,28850.95,Married,4,Suburban,5246.38,483,28,Cash,Yes,No
3693,52,Male,Diploma,Self-Employed,36447.44,Married,2,Urban,8700.33,463,32,Credit Card,Yes,No
3694,50,Male,Bachelor,Employed,57129.64,Married,2,Rural,28458.74,509,31,Debit Card,Yes,No
3695,48,Female,Bachelor,Self-Employed,63342.4,Married,4,Rural,10962.19,467,28,Mobile Money,No,No
3696,34,Male,Diploma,Employed,40992.85,Married,0,Rural,17258.82,465,10,Debit Card,No,No
3697,31,Male,Diploma,Employed,39809.69,Married,0,Urban,19056.17,441,12,Credit Card,Yes,No
3698,41,Male,Master,Unemployed,25976.07,Married,1,Suburban,9356.22,415,23,Credit Card,Yes,No
3699,49,Female,Master,Employed,67710.69,Married,2,Urban,16993.42,538,29,Debit Card,Yes,No
3700,35,Male,High School,Employed,20334.31,Married,0,Suburban,8759.17,465,13,Mobile Money,No,No
3701,50,Male,Diploma,Employed,33681.17,Married,4,Suburban,22127.69,468,26,Credit Card,Yes,No
3702,55,Male,Master,Employed,68716.39,Single,0,Urban,15783.46,553,34,Credit Card,Yes,No
3703,27,Female,High School,Employed,19960.24,Married,1,Urban,4889.98,448,2,Credit Card,Yes,No
3704,27,Female,Diploma,Employed,39705.17,Married,1,Suburban,13579.05,468,9,Credit Card,No,No
3705,36,Male,Diploma,Student,8486.04,Single,0,Urban,3543.88,415,17,Debit Card,Yes,Yes
3706,41,Male,High School,Unemployed,6137.57,Married,1,Urban,2690.32,449,22,Credit Card,Yes,No
3707,31,Male,High School,Self-Employed,37673.78,Married,1,Rural,9299.4,410,7,Mobile Money,Yes,Yes
3708,54,Male,Diploma,Unemployed,5000.0,Married,2,Suburban,1000.0,479,36,Mobile Money,Yes,No
3709,43,Male,Bachelor,Employed,47374.53,Married,4,Suburban,26701.97,510,16,Mobile Money,Yes,No
3710,38,Male,Master,Employed,60858.41,Married,0,Rural,13406.02,535,13,Cash,Yes,No
3711,20,Female,PhD,Employed,97038.85,Single,0,Urban,35067.28,554,0,Cash,No,No
3712,22,Female,High School,Self-Employed,54449.31,Single,0,Suburban,13176.79,428,0,Cash,No,Yes
3713,41,Male,High School,Employed,22953.44,Married,2,Rural,1216.31,373,21,Debit Card,No,No
3714,18,Female,Bachelor,Employed,53118.06,Single,0,Urban,18188.38,454,0,Credit Card,No,No
3715,50,Female,Bachelor,Unemployed,10952.57,Married,2,Urban,3127.81,404,30,Credit Card,Yes,No
3716,36,Female,Diploma,Employed,41769.8,Single,0,Urban,10305.3,434,10,Debit Card,Yes,No
3717,70,Female,High School,Employed,25132.73,Married,5,Rural,6136.75,477,48,Debit Card,Yes,No
3718,65,Male,Diploma,Employed,42262.24,Married,5,Suburban,9898.5,438,38,Credit Card,No,No
3719,35,Male,Diploma,Employed,45320.21,Married,1,Urban,27585.66,430,14,Debit Card,Yes,No
3720,36,Female,High School,Employed,20209.4,Married,1,Urban,1000.0,367,12,Debit Card,Yes,No
3721,49,Male,PhD,Employed,92172.11,Married,0,Urban,15989.36,545,30,Credit Card,Yes,No
3722,58,Male,High School,Employed,15647.55,Married,2,Suburban,3556.92,422,35,Cash,No,No
3723,18,Male,PhD,Employed,87947.73,Married,0,Rural,43156.25,507,0,Mobile Money,Yes,No
3724,18,Male,Master,Employed,67410.56,Married,0,Urban,36256.38,486,0,Mobile Money,No,No
3725,30,Female,Diploma,Student,6166.9,Single,0,Urban,1808.87,427,5,Debit Card,Yes,No
3726,44,Male,Bachelor,Employed,52503.52,Married,5,Urban,26304.84,452,19,Mobile Money,Yes,No
3727,43,Male,Bachelor,Self-Employed,62040.58,Married,0,Urban,24849.42,545,22,Debit Card,No,No
3728,50,Male,High School,Self-Employed,33873.74,Married,2,Suburban,10888.23,456,23,Credit Card,Yes,No
3729,23,Male,Diploma,Employed,41905.1,Single,0,Suburban,19825.1,365,2,Cash,No,No
3730,18,Female,Bachelor,Employed,57130.06,Single,0,Rural,20554.76,421,0,Debit Card,Yes,Yes
3731,48,Male,Bachelor,Employed,55921.59,Married,2,Suburban,14811.55,529,30,Credit Card,No,No
3732,28,Female,Bachelor,Self-Employed,61411.22,Single,0,Urban,27498.32,482,2,Credit Card,No,No
3733,18,Female,Diploma,Employed,48642.69,Single,0,Suburban,8762.83,375,0,Credit Card,Yes,Yes
3734,39,Female,Diploma,Employed,52202.84,Single,0,Rural,12017.23,492,14,Debit Card,Yes,No
3735,47,Male,Diploma,Employed,29692.69,Married,1,Suburban,11324.54,420,27,Debit Card,No,No
3736,36,Male,Diploma,Employed,41314.15,Married,1,Suburban,12161.96,437,15,Credit Card,No,No
3737,32,Female,Bachelor,Employed,51254.86,Single,0,Suburban,15267.02,457,11,Cash,Yes,No
3738,36,Female,Master,Student,21404.78,Married,0,Rural,9069.7,417,16,Credit Card,Yes,No
3739,33,Male,Bachelor,Employed,54899.25,Single,0,Rural,19650.12,495,9,Cash,No,No
3740,21,Male,Bachelor,Employed,55425.42,Single,0,Urban,10011.69,462,0,Credit Card,Yes,No
3741,29,Female,Bachelor,Self-Employed,69959.74,Married,1,Rural,23830.63,527,4,Credit Card,Yes,No
3742,44,Female,Bachelor,Unemployed,14119.69,Married,2,Urban,1993.74,429,24,Cash,No,No
3743,41,Male,Bachelor,Employed,68419.85,Married,1,Rural,26288.67,525,22,Credit Card,No,No
3744,40,Female,High School,Employed,34077.92,Married,1,Rural,4552.92,436,22,Debit Card,Yes,No
3745,26,Female,PhD,Employed,97452.86,Single,0,Suburban,37702.97,524,5,Credit Card,Yes,No
3746,35,Female,High School,Employed,28235.56,Single,0,Suburban,8243.84,462,9,Debit Card,Yes,No
3747,18,Female,Diploma,Employed,39017.15,Married,0,Urban,16332.64,396,0,Mobile Money,Yes,No
3748,40,Male,High School,Employed,36493.0,Single,0,Urban,9698.97,505,18,Debit Card,No,No
3749,55,Female,High School,Employed,35689.46,Married,1,Suburban,10252.43,510,32,Mobile Money,Yes,No
3750,20,Female,Bachelor,Student,5000.0,Single,0,Urban,1000.0,382,0,Mobile Money,Yes,No
3751,30,Female,Diploma,Employed,41021.06,Single,0,Rural,23155.18,420,10,Cash,No,No
3752,41,Male,Master,Employed,73790.7,Married,0,Urban,25321.23,558,14,Debit Card,No,No
3753,53,Female,Diploma,Student,6957.6,Married,2,Suburban,4686.73,476,30,Debit Card,No,No
3754,32,Male,Diploma,Self-Employed,51031.42,Single,0,Suburban,14324.62,500,7,Credit Card,Yes,No
3755,29,Male,Diploma,Employed,39296.05,Single,0,Suburban,14180.3,502,9,Cash,No,No
3756,18,Female,Bachelor,Employed,37025.99,Single,0,Suburban,2491.6,426,0,Cash,Yes,No
3757,39,Female,Master,Student,5000.0,Married,2,Suburban,1000.0,429,17,Credit Card,No,No
3758,62,Female,Diploma,Employed,47799.88,Married,3,Urban,15068.93,537,37,Debit Card,Yes,No
3759,41,Male,Diploma,Self-Employed,46044.96,Married,3,Rural,8879.82,432,16,Debit Card,Yes,No
3760,37,Female,PhD,Unemployed,28517.53,Married,2,Suburban,7672.48,467,12,Debit Card,No,Yes
3761,41,Male,High School,Employed,29970.75,Married,3,Urban,14794.06,420,14,Cash,Yes,No
3762,37,Female,Diploma,Self-Employed,41397.61,Married,0,Suburban,13608.77,414,13,Credit Card,Yes,No
3763,28,Male,Diploma,Student,5000.0,Single,0,Suburban,3742.49,356,7,Debit Card,No,No
3764,47,Female,High School,Self-Employed,38631.6,Married,0,Urban,22010.87,483,23,Mobile Money,Yes,No
3765,40,Female,Diploma,Employed,43447.97,Married,3,Rural,14144.85,450,18,Credit Card,No,No
3766,38,Male,High School,Unemployed,26507.28,Married,1,Urban,7069.11,463,19,Credit Card,Yes,No
3767,26,Male,Master,Employed,66178.06,Married,1,Suburban,30564.67,457,0,Credit Card,No,No
3768,53,Female,Bachelor,Self-Employed,79365.11,Married,3,Urban,28628.31,577,31,Mobile Money,No,Yes
3769,45,Female,Master,Employed,63116.68,Married,2,Suburban,12208.97,512,19,Cash,No,No
3770,31,Female,Bachelor,Employed,58908.8,Single,0,Suburban,14477.32,476,5,Credit Card,Yes,No
3771,50,Female,Bachelor,Employed,56422.98,Married,2,Urban,25038.97,527,25,Credit Card,Yes,No
3772,32,Male,Bachelor,Employed,53993.08,Married,0,Urban,23281.14,496,9,Cash,Yes,No
3773,28,Male,Master,Employed,69954.73,Married,1,Suburban,29281.73,504,8,Debit Card,Yes,No
3774,28,Male,High School,Employed,25019.08,Single,0,Suburban,8576.34,432,3,Mobile Money,Yes,Yes
3775,18,Male,Diploma,Employed,47231.24,Married,0,Urban,19266.28,443,0,Debit Card,Yes,Yes
3776,43,Female,Bachelor,Employed,48259.08,Single,0,Urban,22459.38,548,20,Cash,Yes,No
3777,18,Male,PhD,Unemployed,29540.21,Single,0,Rural,5850.34,336,0,Credit Card,Yes,Yes
3778,23,Female,PhD,Self-Employed,114046.87,Single,0,Suburban,22388.29,466,0,Credit Card,No,No
3779,18,Female,Bachelor,Employed,66073.62,Single,0,Urban,27750.53,481,0,Cash,Yes,Yes
3780,36,Female,High School,Employed,37774.16,Married,1,Rural,9994.4,405,17,Debit Card,Yes,No
3781,36,Female,High School,Employed,34579.44,Single,0,Rural,4512.33,446,18,Credit Card,Yes,No
3782,34,Male,Master,Employed,64898.14,Married,2,Urban,12983.99,504,8,Mobile Money,Yes,No
3783,25,Female,Diploma,Self-Employed,41713.8,Married,0,Rural,19741.1,384,0,Credit Card,Yes,No
3784,23,Male,High School,Self-Employed,26891.37,Single,0,Urban,6708.21,413,0,Credit Card,No,No
3785,43,Male,Master,Employed,60125.88,Married,0,Urban,13179.19,525,24,Credit Card,Yes,No
3786,31,Female,High School,Self-Employed,35988.77,Single,0,Urban,18050.65,418,6,Cash,No,No
3787,41,Male,Bachelor,Self-Employed,60180.67,Single,0,Urban,27646.95,542,20,Credit Card,No,No
3788,27,Female,Bachelor,Employed,64593.81,Married,1,Suburban,19291.8,436,5,Credit Card,No,No
3789,40,Female,High School,Employed,25368.31,Married,1,Suburban,5931.43,421,16,Debit Card,Yes,No
3790,53,Female,Diploma,Employed,40754.05,Married,3,Urban,16005.21,513,26,Credit Card,Yes,No
3791,45,Male,High School,Employed,27882.85,Married,2,Urban,7720.51,473,24,Mobile Money,Yes,No
3792,33,Female,Bachelor,Employed,43769.14,Married,1,Suburban,15508.96,472,9,Cash,No,No
3793,41,Male,Diploma,Employed,48715.53,Single,0,Suburban,8130.29,469,21,Debit Card,No,No
3794,35,Female,High School,Employed,35563.86,Married,0,Urban,16002.27,365,13,Credit Card,Yes,No
3795,38,Male,PhD,Employed,96484.18,Married,1,Rural,24430.82,544,12,Cash,No,No
3796,34,Female,Diploma,Employed,44759.57,Married,1,Suburban,11785.36,476,9,Credit Card,No,No
3797,36,Male,Diploma,Employed,33924.12,Married,3,Urban,11916.91,478,18,Debit Card,Yes,No
3798,40,Male,High School,Employed,24079.61,Married,2,Suburban,14475.19,461,14,Credit Card,No,No
3799,26,Male,High School,Employed,33615.9,Married,1,Urban,10105.63,466,3,Cash,Yes,Yes
3800,25,Male,PhD,Employed,102343.36,Married,2,Urban,31309.57,614,0,Credit Card,Yes,No
3801,21,Female,Diploma,Self-Employed,51087.83,Married,0,Suburban,24212.59,446,0,Debit Card,Yes,No
3802,18,Male,Diploma,Unemployed,19827.73,Single,0,Urban,1710.2,382,0,Credit Card,No,Yes
3803,23,Male,Master,Employed,65793.02,Single,0,Suburban,12418.41,464,4,Mobile Money,Yes,No
3804,39,Female,Bachelor,Employed,63782.81,Married,2,Urban,13175.67,485,21,Cash,Yes,No
3805,27,Male,Diploma,Unemployed,8644.25,Married,2,Suburban,1000.0,344,1,Debit Card,No,No
3806,44,Male,Master,Self-Employed,85921.27,Married,0,Urban,20773.72,539,22,Mobile Money,Yes,No
3807,38,Female,Bachelor,Employed,52070.71,Single,0,Urban,21386.5,482,14,Credit Card,Yes,No
3808,18,Male,High School,Self-Employed,43113.25,Single,0,Urban,17879.57,455,0,Credit Card,No,Yes
3809,45,Male,Bachelor,Employed,62222.1,Married,0,Suburban,32148.27,523,24,Debit Card,Yes,No
3810,47,Male,Master,Employed,58185.75,Married,2,Rural,21904.51,509,23,Credit Card,No,No
3811,26,Male,Diploma,Student,18602.38,Married,0,Urban,9267.41,387,0,Credit Card,Yes,No
3812,43,Female,Bachelor,Employed,74011.27,Married,1,Urban,18528.5,517,24,Credit Card,No,No
3813,27,Male,PhD,Student,15157.34,Married,1,Urban,1468.4,373,3,Debit Card,No,No
3814,39,Female,Bachelor,Employed,53985.59,Married,3,Suburban,11105.88,443,21,Credit Card,No,No
3815,22,Male,High School,Employed,39915.44,Single,0,Rural,2662.22,417,1,Credit Card,Yes,No
3816,18,Male,High School,Employed,30534.14,Single,0,Rural,10239.69,391,0,Credit Card,No,Yes
3817,33,Male,Bachelor,Self-Employed,65968.21,Single,0,Urban,19726.83,479,9,Mobile Money,No,No
3818,36,Female,Diploma,Employed,55175.75,Married,4,Rural,15480.95,471,10,Mobile Money,Yes,No
3819,33,Female,PhD,Self-Employed,97165.62,Married,2,Urban,50948.2,605,12,Debit Card,Yes,No
3820,23,Female,Diploma,Self-Employed,41688.29,Single,0,Rural,12473.01,423,0,Mobile Money,No,No
3821,33,Female,Diploma,Employed,43342.58,Married,0,Rural,17841.6,397,6,Credit Card,Yes,No
3822,41,Male,Bachelor,Employed,42043.64,Married,0,Urban,20354.64,482,23,Credit Card,No,Yes
3823,37,Male,Bachelor,Employed,52015.93,Single,0,Urban,21714.41,513,13,Debit Card,Yes,No
3824,40,Male,Diploma,Self-Employed,44942.67,Married,1,Urban,12880.96,521,20,Debit Card,No,Yes
3825,29,Male,High School,Unemployed,16694.19,Single,0,Urban,4785.13,338,7,Mobile Money,No,No
3826,52,Male,Bachelor,Employed,60542.82,Married,1,Urban,34436.08,558,27,Cash,No,No
3827,23,Male,Master,Employed,56534.18,Single,0,Suburban,12522.14,463,2,Debit Card,Yes,Yes
3828,43,Male,Bachelor,Employed,49455.01,Married,0,Suburban,17183.89,515,24,Credit Card,No,No
3829,52,Male,Diploma,Employed,34479.55,Married,3,Urban,20508.73,434,28,Debit Card,No,Yes
3830,43,Male,High School,Employed,28267.39,Married,4,Urban,7488.98,502,22,Credit Card,No,No
3831,35,Male,Master,Self-Employed,75219.62,Married,1,Rural,30226.11,498,14,Debit Card,Yes,No
3832,31,Female,Master,Student,17613.18,Single,0,Urban,7934.9,375,12,Debit Card,Yes,No
3833,50,Male,Diploma,Unemployed,6446.5,Married,2,Suburban,1000.0,409,29,Debit Card,No,No
3834,20,Female,Bachelor,Employed,59708.98,Single,0,Suburban,20323.96,481,0,Credit Card,No,No
3835,26,Female,Diploma,Employed,39977.17,Single,0,Suburban,9632.55,425,0,Debit Card,No,No
3836,33,Male,Bachelor,Employed,47215.4,Single,0,Urban,20192.03,493,8,Debit Card,Yes,No
3837,52,Male,Master,Employed,81106.22,Married,4,Urban,32858.02,554,26,Credit Card,Yes,No
3838,42,Male,High School,Employed,41341.81,Single,0,Suburban,17065.54,465,17,Cash,Yes,No
3839,26,Female,Bachelor,Employed,57322.76,Married,0,Rural,14125.55,434,0,Credit Card,Yes,No
3840,34,Male,High School,Self-Employed,34086.35,Married,1,Rural,9307.78,432,13,Credit Card,Yes,No
3841,30,Male,Diploma,Employed,31549.66,Married,0,Urban,7043.53,490,8,Mobile Money,Yes,No
3842,29,Male,Bachelor,Student,19568.91,Married,1,Urban,10328.53,420,4,Debit Card,Yes,Yes
3843,49,Female,High School,Employed,36581.12,Single,0,Urban,9015.74,570,25,Debit Card,No,No
3844,21,Male,Bachelor,Employed,48488.03,Married,0,Rural,20363.23,482,0,Credit Card,Yes,No
3845,57,Female,Diploma,Employed,34505.5,Single,0,Urban,12111.83,492,38,Cash,Yes,No
3846,47,Female,Bachelor,Employed,58655.36,Single,0,Suburban,15576.55,477,26,Mobile Money,No,No
3847,51,Female,High School,Student,5000.0,Married,5,Urban,1000.0,450,29,Debit Card,No,No
3848,32,Female,Bachelor,Employed,49994.51,Married,0,Rural,24318.2,438,10,Cash,No,No
3849,36,Male,Bachelor,Student,5000.0,Single,0,Urban,1000.0,349,15,Credit Card,Yes,No
3850,20,Female,PhD,Employed,81933.33,Single,0,Suburban,24455.71,498,0,Mobile Money,No,No
3851,31,Female,Master,Employed,64239.48,Married,1,Suburban,14939.42,466,5,Credit Card,Yes,No
3852,43,Male,Diploma,Employed,47248.03,Married,2,Urban,12845.53,518,25,Credit Card,Yes,No
3853,53,Male,High School,Unemployed,5000.0,Married,1,Urban,1000.0,397,33,Credit Card,Yes,No
3854,24,Female,Bachelor,Employed,58467.87,Single,0,Rural,13839.12,505,5,Credit Card,No,No
3855,33,Female,Bachelor,Student,13063.58,Married,1,Suburban,8313.84,401,15,Credit Card,No,No
3856,36,Female,High School,Employed,37746.75,Single,0,Suburban,18487.53,439,13,Cash,No,No
3857,21,Female,High School,Employed,32056.39,Married,2,Rural,11219.81,401,0,Credit Card,No,Yes
3858,45,Female,Bachelor,Self-Employed,62969.29,Single,0,Urban,26608.37,501,18,Debit Card,Yes,No
3859,29,Male,Master,Employed,63477.52,Married,0,Rural,28615.09,507,7,Mobile Money,Yes,Yes
3860,35,Female,Master,Employed,77923.29,Married,0,Suburban,34285.26,535,12,Cash,No,No
3861,32,Male,High School,Unemployed,12975.58,Single,0,Suburban,2161.36,358,11,Credit Card,No,Yes
3862,28,Female,Diploma,Employed,36054.91,Single,0,Urban,6510.76,402,5,Debit Card,Yes,No
3863,37,Female,High School,Employed,37271.29,Single,0,Rural,8487.31,417,16,Credit Card,No,No
3864,35,Female,Diploma,Employed,36432.97,Married,1,Urban,10672.29,466,15,Credit Card,Yes,No
3865,33,Male,Bachelor,Employed,54992.47,Married,1,Urban,21638.88,521,7,Debit Card,No,No
3866,29,Male,Bachelor,Employed,50164.13,Married,2,Suburban,25491.88,494,3,Credit Card,No,No
3867,41,Male,Diploma,Employed,44270.74,Married,2,Suburban,9792.29,483,20,Debit Card,Yes,No
3868,57,Female,High School,Self-Employed,28046.47,Married,4,Urban,7986.99,507,39,Credit Card,No,No
3869,39,Female,Diploma,Employed,37611.29,Single,0,Rural,14148.5,460,19,Cash,No,No
3870,49,Male,Master,Self-Employed,78763.57,Married,3,Urban,22646.3,570,31,Credit Card,No,No
3871,21,Female,High School,Employed,32109.7,Single,0,Urban,6602.02,391,0,Cash,Yes,No
3872,39,Female,Diploma,Employed,43107.9,Single,0,Urban,17463.27,449,16,Cash,Yes,No
3873,24,Male,Bachelor,Employed,46166.71,Single,0,Suburban,2813.34,444,3,Credit Card,Yes,No
3874,20,Male,Bachelor,Self-Employed,69251.45,Single,0,Rural,15577.65,529,0,Credit Card,No,No
3875,29,Female,Master,Self-Employed,72186.21,Single,0,Rural,28126.73,549,11,Mobile Money,No,No
3876,52,Female,Diploma,Employed,57535.79,Married,4,Suburban,27153.74,536,34,Credit Card,Yes,No
3877,49,Female,Bachelor,Employed,50908.22,Single,0,Suburban,21287.42,490,28,Mobile Money,No,No
3878,40,Female,Diploma,Self-Employed,56394.09,Married,0,Suburban,21937.09,464,18,Debit Card,Yes,No
3879,19,Female,Master,Unemployed,22609.33,Single,0,Suburban,8341.42,398,0,Mobile Money,No,Yes
3880,35,Male,Bachelor,Self-Employed,67934.36,Married,2,Rural,33264.39,592,17,Credit Card,Yes,No
3881,41,Female,Master,Employed,60671.41,Married,1,Urban,27255.6,480,18,Debit Card,Yes,No
3882,40,Male,High School,Employed,36747.53,Married,1,Urban,12302.62,446,19,Credit Card,No,No
3883,18,Male,Bachelor,Self-Employed,66389.18,Single,0,Urban,19182.33,495,0,Credit Card,Yes,No
3884,27,Male,Diploma,Employed,43761.12,Single,0,Urban,18205.99,491,1,Credit Card,Yes,No
3885,37,Male,High School,Employed,29274.29,Married,1,Rural,6617.94,454,12,Cash,No,No
3886,44,Female,High School,Employed,31040.34,Married,2,Suburban,17592.96,445,17,Mobile Money,No,No
3887,18,Female,Bachelor,Employed,47902.63,Single,0,Urban,20854.83,411,0,Credit Card,Yes,No
3888,36,Male,Diploma,Student,6776.87,Married,0,Urban,1944.52,424,10,Cash,Yes,No
3889,39,Female,Master,Student,10640.89,Single,0,Rural,3919.47,363,17,Cash,Yes,No
3890,48,Female,Bachelor,Employed,49355.43,Married,1,Suburban,16904.17,417,27,Mobile Money,No,No
3891,46,Female,High School,Employed,31076.21,Single,0,Urban,16346.68,507,26,Debit Card,No,No
3892,44,Female,Bachelor,Self-Employed,68907.1,Single,0,Urban,22112.29,554,21,Credit Card,Yes,No
3893,28,Male,High School,Employed,32006.18,Single,0,Urban,14307.14,374,5,Credit Card,No,No
3894,18,Female,Diploma,Employed,39181.91,Single,0,Suburban,8072.51,436,0,Credit Card,Yes,No
3895,33,Female,Bachelor,Employed,58288.87,Married,1,Suburban,22451.61,468,14,Mobile Money,No,No
3896,50,Female,Master,Employed,71937.31,Married,2,Urban,33335.37,503,30,Credit Card,No,No
3897,54,Female,Diploma,Employed,40780.22,Married,1,Urban,14130.05,497,28,Credit Card,No,No
3898,46,Female,Master,Employed,71329.21,Married,5,Urban,30085.95,510,28,Mobile Money,No,No
3899,43,Female,Bachelor,Employed,64464.02,Married,0,Suburban,30255.75,493,22,Debit Card,No,No
3900,42,Female,Diploma,Unemployed,5000.0,Married,1,Rural,1000.0,361,16,Credit Card,No,No
3901,31,Female,Bachelor,Student,8451.23,Married,1,Rural,1753.67,385,7,Credit Card,Yes,No
3902,36,Male,Bachelor,Self-Employed,68705.4,Single,0,Suburban,32019.91,542,10,Debit Card,No,Yes
3903,58,Male,High School,Employed,17338.11,Married,5,Rural,3425.84,420,37,Cash,No,No
3904,26,Male,Master,Employed,81060.68,Married,1,Urban,20977.25,527,0,Credit Card,Yes,Yes
3905,57,Female,Bachelor,Self-Employed,68038.54,Married,3,Urban,27580.35,562,36,Credit Card,Yes,No
3906,34,Female,High School,Student,13655.21,Married,0,Urban,2706.05,357,9,Credit Card,Yes,No
3907,53,Male,PhD,Employed,98958.1,Married,3,Urban,36301.5,606,30,Credit Card,No,No
3908,21,Female,High School,Employed,33299.62,Single,0,Rural,6829.72,434,1,Credit Card,No,No
3909,45,Female,Master,Employed,52139.25,Single,0,Rural,23283.57,528,20,Debit Card,No,No
3910,29,Female,Diploma,Employed,41181.55,Single,0,Urban,18407.74,437,9,Cash,Yes,Yes
3911,21,Male,Bachelor,Employed,56695.1,Single,0,Urban,26138.14,423,0,Credit Card,Yes,No
3912,40,Female,Diploma,Student,5000.0,Married,1,Urban,1000.0,395,13,Credit Card,No,No
3913,50,Female,Bachelor,Employed,40682.61,Married,2,Suburban,8055.65,490,27,Mobile Money,No,No
3914,27,Female,High School,Employed,33693.35,Married,0,Urban,12555.57,398,8,Mobile Money,Yes,No
3915,20,Female,Diploma,Student,5000.0,Single,0,Urban,1000.0,300,0,Credit Card,Yes,Yes
3916,36,Female,High School,Employed,46491.34,Married,2,Rural,9088.59,489,11,Debit Card,Yes,No
3917,36,Male,Master,Unemployed,23105.1,Single,0,Rural,10238.23,425,17,Debit Card,No,No
3918,44,Female,Diploma,Employed,50812.09,Single,0,Urban,11785.23,454,24,Credit Card,Yes,No
3919,49,Male,Bachelor,Student,11249.31,Married,3,Urban,3885.36,470,23,Mobile Money,Yes,No
3920,37,Male,Master,Employed,76012.31,Married,1,Urban,29757.1,537,15,Credit Card,Yes,No
3921,60,Male,Master,Student,14426.11,Married,1,Suburban,8382.75,400,36,Mobile Money,No,No
3922,40,Male,High School,Employed,38044.58,Married,1,Urban,3964.66,473,15,Debit Card,Yes,Yes
3923,33,Male,Master,Employed,53693.34,Married,2,Urban,21306.0,514,9,Credit Card,Yes,No
3924,18,Female,High School,Employed,37105.18,Single,0,Rural,17931.33,401,0,Credit Card,No,No
3925,34,Female,Bachelor,Employed,60350.11,Single,0,Urban,16460.83,544,10,Debit Card,Yes,No
3926,33,Male,Bachelor,Employed,53766.79,Married,0,Urban,18263.37,469,13,Debit Card,Yes,No
3927,49,Female,High School,Student,5000.0,Married,1,Rural,1000.0,441,27,Credit Card,Yes,No
3928,43,Male,High School,Employed,27607.18,Married,3,Suburban,11453.83,373,17,Cash,No,No
3929,23,Male,Diploma,Self-Employed,50262.14,Single,0,Suburban,13910.86,446,2,Debit Card,Yes,No
3930,40,Female,Diploma,Employed,49712.31,Married,3,Urban,16447.04,517,18,Debit Card,Yes,No
3931,46,Female,Master,Unemployed,16726.49,Married,5,Rural,3945.52,366,27,Credit Card,No,No
3932,56,Female,Diploma,Employed,26385.86,Married,5,Urban,11942.35,512,34,Credit Card,No,No
3933,48,Male,Master,Student,33876.65,Married,3,Urban,14826.95,493,25,Credit Card,Yes,No
3934,47,Female,Diploma,Employed,45372.6,Married,1,Urban,18550.76,511,23,Credit Card,Yes,No
3935,38,Female,PhD,Employed,86870.31,Married,1,Rural,39601.65,561,11,Credit Card,Yes,No
3936,42,Female,Bachelor,Employed,64510.77,Married,2,Rural,17165.35,482,15,Credit Card,Yes,No
3937,52,Male,Master,Self-Employed,91469.55,Married,5,Suburban,34406.38,592,31,Credit Card,Yes,No
3938,22,Female,High School,Self-Employed,39938.26,Married,0,Rural,18507.31,431,4,Credit Card,No,No
3939,33,Female,Bachelor,Self-Employed,62183.59,Single,0,Urban,19344.27,426,11,Debit Card,No,No
3940,28,Female,High School,Employed,35338.58,Married,0,Urban,13540.96,412,4,Credit Card,Yes,No
3941,42,Male,Diploma,Employed,48716.47,Married,1,Urban,21103.02,476,23,Mobile Money,Yes,No
3942,52,Female,Bachelor,Student,5000.0,Married,5,Urban,1000.0,430,34,Credit Card,No,No
3943,30,Male,Bachelor,Employed,56795.96,Married,0,Suburban,15532.42,456,4,Debit Card,No,Yes
3944,18,Female,High School,Employed,32385.41,Married,0,Urban,12392.09,386,0,Debit Card,Yes,Yes
3945,33,Male,Bachelor,Self-Employed,68128.61,Single,0,Urban,34744.85,474,13,Cash,No,No
3946,48,Male,Bachelor,Employed,55369.47,Married,4,Suburban,14209.36,578,22,Mobile Money,Yes,No
3947,44,Female,High School,Self-Employed,45488.58,Married,1,Urban,21815.64,442,18,Credit Card,Yes,No
3948,43,Male,Bachelor,Employed,53309.46,Married,2,Urban,19079.55,449,16,Cash,Yes,No
3949,34,Male,Bachelor,Student,10977.72,Single,0,Urban,2092.26,409,13,Credit Card,Yes,No
3950,22,Male,High School,Unemployed,11525.32,Married,0,Suburban,5104.42,343,2,Credit Card,Yes,No
3951,44,Male,Bachelor,Self-Employed,64575.44,Married,1,Rural,14915.69,475,24,Credit Card,No,No
3952,27,Female,Bachelor,Employed,43911.99,Married,0,Rural,16065.88,435,3,Debit Card,No,No
3953,64,Female,Master,Employed,71713.04,Married,5,Urban,35538.16,570,42,Credit Card,No,No
3954,44,Female,High School,Unemployed,10803.65,Married,1,Suburban,5599.44,425,24,Credit Card,No,No
3955,31,Male,Master,Employed,67078.68,Single,0,Urban,11919.27,502,8,Debit Card,No,No
3956,30,Female,High School,Self-Employed,34941.48,Single,0,Urban,18401.58,432,3,Debit Card,Yes,No
3957,36,Male,Diploma,Employed,14561.04,Single,0,Suburban,9580.26,416,18,Mobile Money,Yes,No
3958,35,Female,High School,Employed,39667.25,Married,1,Suburban,19042.96,474,8,Credit Card,No,No
3959,51,Female,Master,Employed,77208.24,Married,2,Urban,23448.37,539,29,Mobile Money,Yes,No
3960,40,Female,Bachelor,Employed,44297.35,Married,2,Urban,15666.73,452,13,Credit Card,No,No
3961,29,Female,High School,Self-Employed,30596.26,Married,0,Urban,11741.1,441,4,Credit Card,Yes,No
3962,60,Male,High School,Self-Employed,47588.17,Single,0,Urban,15683.67,506,38,Credit Card,No,No
3963,38,Male,Diploma,Employed,30761.19,Married,1,Urban,16893.83,414,18,Credit Card,Yes,No
3964,47,Female,High School,Self-Employed,39827.67,Single,0,Rural,12039.91,453,20,Credit Card,No,No
3965,30,Male,Bachelor,Unemployed,12563.87,Single,0,Urban,5007.91,341,9,Debit Card,Yes,No
3966,42,Male,Bachelor,Self-Employed,69281.14,Married,2,Urban,26021.79,535,16,Cash,Yes,No
3967,41,Male,Master,Employed,70401.1,Single,0,Urban,26233.83,577,20,Debit Card,Yes,No
3968,18,Female,PhD,Employed,87734.15,Single,0,Suburban,17436.72,540,0,Debit Card,Yes,Yes
3969,62,Female,Bachelor,Unemployed,19608.17,Married,2,Suburban,6030.63,443,36,Credit Card,Yes,No
3970,53,Male,High School,Employed,26055.62,Married,2,Urban,16219.17,395,29,Credit Card,Yes,No
3971,33,Male,Diploma,Unemployed,5000.0,Married,1,Urban,4372.29,344,13,Debit Card,Yes,No
3972,24,Female,Bachelor,Self-Employed,58578.22,Married,0,Suburban,23637.89,462,5,Debit Card,No,Yes
3973,42,Female,Diploma,Unemployed,5000.0,Married,3,Urban,1000.0,417,16,Credit Card,Yes,No
3974,39,Male,Bachelor,Student,5000.0,Single,0,Urban,1076.27,410,21,Credit Card,No,No
3975,42,Female,PhD,Self-Employed,110955.2,Single,0,Urban,45590.49,593,23,Debit Card,No,No
3976,40,Female,Master,Employed,68617.87,Married,1,Rural,29889.4,515,16,Debit Card,No,No
3977,44,Female,High School,Employed,32831.53,Single,0,Urban,13233.71,435,26,Debit Card,No,No
3978,55,Female,Diploma,Employed,44166.01,Married,5,Urban,9843.26,483,34,Cash,No,No
3979,44,Female,Master,Employed,76051.75,Married,1,Suburban,33635.04,547,23,Credit Card,No,No
3980,25,Male,Master,Employed,73255.37,Married,1,Suburban,10885.22,481,0,Cash,No,No
3981,54,Male,Diploma,Employed,32163.13,Married,1,Urban,14255.08,434,33,Debit Card,Yes,No
3982,57,Male,Bachelor,Employed,59636.2,Married,3,Rural,26931.93,536,36,Credit Card,No,No
3983,70,Male,Bachelor,Employed,56774.44,Married,5,Urban,14224.34,571,43,Cash,Yes,No
3984,24,Male,Diploma,Unemployed,29520.84,Single,0,Rural,11574.74,392,0,Debit Card,No,No
3985,40,Male,High School,Self-Employed,36063.35,Married,0,Suburban,20269.09,524,15,Credit Card,No,No
3986,18,Female,Master,Student,17063.2,Single,0,Rural,4525.64,367,0,Debit Card,Yes,No
3987,44,Female,Bachelor,Employed,54241.4,Single,0,Urban,22176.52,472,20,Cash,Yes,No
3988,31,Female,High School,Employed,30391.17,Married,0,Urban,7082.98,477,13,Credit Card,Yes,No
3989,61,Female,Bachelor,Employed,54851.09,Married,5,Urban,25101.69,574,43,Credit Card,Yes,No
3990,28,Male,Bachelor,Employed,51523.01,Married,0,Urban,24276.6,531,7,Credit Card,Yes,No
3991,18,Male,Master,Employed,71418.83,Single,0,Urban,28212.73,477,0,Debit Card,Yes,No
3992,32,Male,High School,Employed,34974.08,Married,2,Urban,3087.57,422,5,Credit Card,No,No
3993,18,Female,PhD,Employed,86643.95,Single,0,Urban,34829.02,506,0,Credit Card,Yes,No
3994,47,Male,High School,Self-Employed,42684.59,Married,3,Urban,11713.66,498,22,Mobile Money,No,No
3995,18,Female,Bachelor,Self-Employed,71714.48,Married,0,Rural,32416.21,515,0,Debit Card,Yes,No
3996,38,Female,Bachelor,Employed,47957.9,Single,0,Suburban,25896.92,502,15,Credit Card,Yes,No
3997,18,Male,Diploma,Employed,32290.48,Single,0,Urban,12439.29,401,0,Debit Card,Yes,Yes
3998,34,Male,Diploma,Employed,43585.23,Single,0,Suburban,23251.36,476,7,Debit Card,Yes,No
3999,57,Female,Master,Employed,65299.71,Married,3,Suburban,20637.43,515,39,Debit Card,Yes,No
4000,42,Female,Bachelor,Student,5000.0,Married,1,Urban,4974.8,366,21,Credit Card,Yes,No
4001,27,Female,Diploma,Unemployed,25735.18,Single,0,Urban,7559.39,409,4,Debit Card,Yes,No
4002,37,Male,High School,Employed,22269.38,Single,0,Rural,8685.42,351,16,Cash,Yes,No
4003,38,Female,High School,Employed,17811.24,Married,3,Suburban,4354.3,411,11,Mobile Money,No,No
4004,43,Male,High School,Employed,23730.45,Married,3,Urban,8462.7,462,25,Cash,Yes,No
4005,21,Female,PhD,Employed,91853.19,Single,0,Urban,42661.35,537,0,Debit Card,No,No
4006,45,Female,Bachelor,Student,11588.42,Married,0,Suburban,1000.0,455,22,Mobile Money,No,No
4007,18,Female,PhD,Self-Employed,123097.71,Single,0,Urban,48116.41,569,0,Credit Card,Yes,No
4008,30,Male,High School,Employed,23852.86,Single,0,Urban,10479.4,364,6,Debit Card,Yes,No
4009,32,Female,Bachelor,Employed,56889.25,Single,0,Urban,21640.47,454,5,Debit Card,Yes,No
4010,45,Male,High School,Self-Employed,45027.91,Married,3,Urban,21130.22,482,21,Credit Card,Yes,No
4011,38,Male,Bachelor,Employed,49727.87,Single,0,Suburban,8899.58,526,16,Debit Card,No,No
4012,21,Male,Diploma,Self-Employed,53629.79,Single,0,Urban,16240.22,506,1,Credit Card,Yes,Yes
4013,26,Female,High School,Employed,15342.63,Single,0,Suburban,7417.97,322,3,Mobile Money,No,No
4014,40,Female,Bachelor,Employed,69070.04,Married,0,Rural,18634.7,511,17,Debit Card,Yes,No
4015,37,Male,Diploma,Self-Employed,55958.06,Married,1,Rural,23926.87,462,12,Mobile Money,Yes,No
4016,31,Female,Bachelor,Employed,49554.6,Married,0,Urban,11942.08,441,9,Mobile Money,Yes,Yes
4017,32,Male,Bachelor,Employed,61638.54,Married,0,Urban,25413.81,480,14,Cash,Yes,No
4018,46,Male,Bachelor,Employed,65505.46,Married,1,Suburban,30685.22,500,26,Credit Card,Yes,No
4019,31,Male,PhD,Employed,79690.65,Single,0,Urban,22901.3,539,5,Debit Card,Yes,No
4020,36,Female,Diploma,Self-Employed,43200.98,Single,0,Rural,14252.12,507,9,Cash,No,No
4021,64,Female,Diploma,Employed,50768.67,Married,4,Rural,19911.75,577,45,Cash,Yes,No
4022,20,Female,Master,Self-Employed,84539.78,Single,0,Rural,37789.02,485,0,Credit Card,Yes,No
4023,18,Female,Bachelor,Employed,58489.33,Single,0,Suburban,31380.12,448,0,Debit Card,No,No
4024,47,Male,High School,Employed,30561.58,Married,0,Suburban,14256.15,502,26,Mobile Money,No,No
4025,29,Female,Master,Self-Employed,91131.91,Married,0,Suburban,36113.6,554,7,Debit Card,No,No
4026,34,Male,High School,Self-Employed,40103.45,Married,0,Urban,8636.58,486,16,Cash,No,No
4027,28,Female,High School,Employed,30849.74,Married,0,Rural,22470.84,436,6,Cash,No,Yes
4028,34,Female,High School,Employed,13186.46,Single,0,Urban,10189.89,425,15,Credit Card,Yes,No
4029,57,Female,High School,Employed,35120.09,Married,2,Rural,12499.45,469,37,Debit Card,No,Yes
4030,47,Male,High School,Unemployed,14833.93,Married,2,Rural,4645.64,404,25,Cash,No,No
4031,48,Female,High School,Employed,20083.69,Married,1,Urban,10115.26,379,23,Credit Card,Yes,No
4032,21,Male,Diploma,Employed,30627.21,Single,0,Urban,6294.43,367,0,Credit Card,Yes,No
4033,24,Female,Diploma,Employed,44140.79,Single,0,Rural,12204.73,425,0,Debit Card,No,Yes
4034,18,Male,High School,Employed,31554.6,Married,0,Rural,13968.76,341,0,Debit Card,Yes,No
4035,28,Male,Bachelor,Self-Employed,50201.65,Single,0,Rural,12655.39,482,3,Credit Card,Yes,No
4036,49,Female,High School,Employed,23423.83,Married,0,Rural,1745.7,446,30,Credit Card,Yes,No
4037,44,Female,High School,Employed,32510.74,Single,0,Rural,11051.21,444,26,Cash,Yes,No
4038,35,Male,Diploma,Employed,45413.41,Married,2,Rural,19735.32,456,11,Credit Card,Yes,No
4039,37,Female,Diploma,Employed,35325.45,Single,0,Urban,10130.06,478,12,Credit Card,Yes,No
4040,29,Female,Diploma,Employed,38820.35,Single,0,Urban,18997.31,406,10,Cash,No,No
4041,40,Female,Diploma,Employed,32965.18,Married,0,Suburban,12654.43,409,19,Credit Card,No,No
4042,47,Male,Bachelor,Employed,65591.39,Married,3,Urban,16265.01,511,28,Debit Card,Yes,No
4043,18,Female,Bachelor,Self-Employed,67396.71,Single,0,Suburban,18481.36,515,0,Debit Card,No,No
4044,41,Male,Master,Self-Employed,78658.49,Married,1,Suburban,30083.24,516,23,Credit Card,Yes,No
4045,49,Female,Bachelor,Employed,45749.59,Married,1,Rural,8605.71,497,31,Cash,No,No
4046,33,Female,Diploma,Employed,29864.9,Single,0,Urban,8613.43,408,8,Debit Card,Yes,Yes
4047,46,Female,High School,Employed,44492.44,Single,0,Suburban,17201.85,417,27,Credit Card,Yes,No
4048,70,Female,Bachelor,Employed,53611.91,Married,5,Rural,17473.08,514,52,Credit Card,Yes,No
4049,36,Male,High School,Unemployed,5803.83,Single,0,Urban,1000.0,350,15,Cash,Yes,No
4050,42,Male,Diploma,Student,6294.05,Married,0,Suburban,1000.0,404,20,Cash,Yes,No
4051,29,Male,Diploma,Self-Employed,42958.32,Married,0,Suburban,12960.98,467,5,Credit Card,No,Yes
4052,40,Male,Bachelor,Employed,54143.92,Single,0,Urban,18996.51,432,18,Credit Card,No,No
4053,43,Male,Master,Self-Employed,84279.43,Married,1,Urban,24857.23,551,21,Credit Card,Yes,No
4054,40,Male,Master,Employed,70120.03,Married,2,Suburban,17908.0,514,13,Debit Card,Yes,No
4055,25,Female,High School,Self-Employed,25899.22,Married,0,Urban,12897.32,463,0,Cash,No,No
4056,40,Female,Diploma,Employed,47139.45,Married,1,Urban,24259.13,473,17,Credit Card,Yes,Yes
4057,55,Female,Master,Employed,65576.32,Single,0,Rural,30959.83,570,32,Debit Card,No,No
4058,43,Female,Bachelor,Employed,49730.69,Married,2,Urban,15723.42,440,17,Mobile Money,No,No
4059,49,Male,Diploma,Employed,34369.39,Single,0,Rural,17709.96,454,22,Debit Card,No,No
4060,35,Male,Bachelor,Self-Employed,57580.23,Single,0,Urban,6663.31,437,12,Mobile Money,Yes,No
4061,46,Female,Bachelor,Self-Employed,68142.38,Single,0,Urban,31808.09,513,20,Credit Card,No,No
4062,41,Female,PhD,Unemployed,34159.86,Married,4,Suburban,9698.83,447,16,Cash,No,No
4063,26,Female,Bachelor,Student,5216.09,Married,1,Urban,2505.71,310,2,Debit Card,Yes,No
4064,41,Male,Diploma,Employed,25254.99,Married,2,Urban,5779.49,458,21,Debit Card,Yes,No
4065,26,Male,Bachelor,Employed,46783.08,Single,0,Rural,10999.12,461,0,Cash,No,No
4066,30,Female,Master,Employed,66413.71,Married,0,Suburban,31907.58,518,6,Cash,Yes,No
4067,40,Female,Bachelor,Unemployed,6648.52,Married,1,Urban,3455.85,399,13,Cash,No,No
4068,41,Female,Bachelor,Employed,50210.15,Single,0,Urban,10779.3,449,15,Debit Card,No,No
4069,23,Female,PhD,Employed,85587.79,Single,0,Suburban,43930.51,544,4,Credit Card,No,No
4070,50,Female,Bachelor,Employed,54876.08,Married,1,Suburban,12174.37,481,31,Credit Card,No,No
4071,44,Female,Diploma,Student,5000.0,Married,1,Urban,1000.0,351,19,Cash,No,No
4072,29,Female,Bachelor,Unemployed,21140.91,Married,0,Suburban,6068.31,385,11,Cash,No,No
4073,19,Female,Bachelor,Employed,68287.51,Single,0,Urban,35419.84,467,0,Credit Card,Yes,No
4074,36,Female,High School,Unemployed,20432.94,Married,0,Urban,5016.65,417,18,Debit Card,Yes,No
4075,32,Female,Diploma,Employed,35327.65,Single,0,Urban,17060.23,406,7,Cash,Yes,No
4076,39,Female,Bachelor,Employed,60349.24,Married,1,Urban,33398.17,544,16,Cash,Yes,No
4077,33,Male,Diploma,Self-Employed,52402.03,Single,0,Urban,17788.4,485,8,Cash,Yes,No
4078,18,Female,Bachelor,Employed,54651.8,Single,0,Suburban,14586.23,465,0,Mobile Money,Yes,Yes
4079,33,Female,Diploma,Employed,41416.05,Single,0,Urban,8112.6,481,15,Debit Card,No,No
4080,34,Male,PhD,Unemployed,32464.35,Married,0,Suburban,10496.5,441,8,Credit Card,No,Yes
4081,45,Female,Diploma,Self-Employed,55067.01,Married,2,Suburban,21213.32,509,21,Cash,No,No
4082,29,Male,High School,Student,5000.0,Single,0,Rural,4687.45,362,6,Cash,No,No
4083,58,Female,Diploma,Employed,45981.53,Married,5,Urban,20364.01,503,38,Credit Card,No,No
4084,18,Female,Bachelor,Employed,68331.7,Single,0,Rural,27339.5,490,0,Cash,Yes,No
4085,53,Male,Diploma,Employed,47057.45,Married,5,Urban,17779.65,462,33,Credit Card,No,No
4086,35,Male,High School,Unemployed,21291.7,Married,0,Suburban,6957.73,381,10,Credit Card,No,No
4087,48,Female,Bachelor,Employed,34331.85,Married,2,Suburban,14751.09,527,23,Credit Card,No,No
4088,38,Female,Diploma,Employed,44765.67,Married,1,Suburban,11933.85,458,11,Cash,No,No
4089,51,Male,Bachelor,Employed,57114.01,Married,1,Rural,7350.85,614,33,Mobile Money,No,No
4090,33,Female,Bachelor,Self-Employed,74216.68,Single,0,Urban,32606.02,538,10,Cash,Yes,No
4091,24,Female,Bachelor,Employed,45994.99,Married,1,Suburban,23334.55,456,0,Mobile Money,No,No
4092,55,Female,Diploma,Employed,35950.87,Married,1,Suburban,14222.96,457,29,Credit Card,No,No
4093,36,Male,Bachelor,Employed,62204.29,Married,3,Urban,29004.74,487,18,Credit Card,Yes,No
4094,40,Female,Diploma,Employed,31522.65,Married,3,Urban,10210.57,386,13,Mobile Money,No,No
4095,52,Male,Master,Employed,71938.51,Married,1,Urban,17783.23,550,31,Credit Card,No,No
4096,25,Female,Master,Employed,69864.49,Married,0,Suburban,12704.89,465,5,Credit Card,Yes,No
4097,45,Female,Diploma,Unemployed,10432.55,Married,2,Urban,6333.57,396,26,Credit Card,Yes,No
4098,30,Male,High School,Employed,34581.59,Single,0,Rural,16012.39,412,9,Mobile Money,Yes,No
4099,36,Female,High School,Employed,21075.99,Married,2,Urban,8518.66,380,16,Mobile Money,Yes,No
4100,38,Male,Diploma,Employed,33759.07,Single,0,Suburban,19673.22,359,19,Credit Card,Yes,No
4101,19,Female,Bachelor,Student,9886.01,Single,0,Urban,4437.09,353,0,Cash,No,Yes
4102,28,Female,Bachelor,Employed,45390.54,Married,0,Urban,16865.64,441,9,Debit Card,Yes,No
4103,54,Female,Diploma,Unemployed,21847.37,Married,3,Urban,6132.22,400,31,Cash,No,Yes
4104,48,Female,Bachelor,Unemployed,10109.86,Single,0,Suburban,1000.0,398,21,Debit Card,No,No
4105,37,Female,Master,Employed,76290.64,Married,0,Urban,36319.0,515,14,Debit Card,Yes,No
4106,40,Female,Bachelor,Employed,47995.97,Married,2,Urban,20337.6,487,18,Credit Card,No,No
4107,34,Female,High School,Self-Employed,41633.58,Married,1,Rural,7359.44,431,12,Debit Card,No,No
4108,54,Male,Bachelor,Self-Employed,53129.21,Married,3,Urban,11503.18,525,32,Credit Card,Yes,No
4109,35,Female,Bachelor,Self-Employed,77268.92,Married,5,Urban,30137.56,551,10,Debit Card,No,No
4110,40,Female,Master,Unemployed,30081.06,Single,0,Suburban,14184.32,413,15,Mobile Money,Yes,No
4111,51,Male,Diploma,Employed,35579.33,Single,0,Urban,11993.45,438,24,Cash,No,No
4112,28,Male,Diploma,Self-Employed,41394.87,Married,1,Urban,12751.71,401,5,Debit Card,No,No
4113,56,Male,Bachelor,Employed,58662.42,Single,0,Suburban,23960.84,544,30,Credit Card,Yes,No
4114,19,Male,Bachelor,Employed,42791.15,Single,0,Rural,16376.25,413,0,Credit Card,No,No
4115,57,Male,Bachelor,Self-Employed,66278.02,Married,4,Urban,18944.67,534,31,Credit Card,Yes,No
4116,33,Female,High School,Employed,23539.29,Married,1,Urban,8414.61,416,6,Mobile Money,Yes,No
4117,35,Female,Bachelor,Employed,52965.52,Married,3,Rural,15807.05,419,11,Debit Card,Yes,No
4118,18,Female,High School,Employed,24849.21,Single,0,Suburban,6990.2,401,0,Debit Card,No,Yes
4119,32,Male,Diploma,Employed,33613.05,Married,1,Urban,20032.74,416,11,Debit Card,Yes,No
4120,25,Female,Bachelor,Unemployed,30138.35,Single,0,Urban,14398.62,389,0,Cash,Yes,No
4121,30,Female,High School,Employed,36244.35,Single,0,Suburban,14854.52,424,8,Cash,Yes,No
4122,36,Female,Diploma,Self-Employed,36161.1,Married,1,Urban,14663.51,454,16,Credit Card,No,No
4123,49,Female,Bachelor,Employed,47993.49,Single,0,Suburban,16646.42,480,27,Credit Card,No,No
4124,40,Male,Bachelor,Employed,61859.59,Single,0,Suburban,18880.3,477,19,Credit Card,Yes,No
4125,41,Female,High School,Employed,37749.49,Married,1,Suburban,7817.24,489,19,Credit Card,Yes,No
4126,24,Female,Bachelor,Employed,43919.34,Single,0,Urban,16439.68,409,0,Credit Card,Yes,Yes
4127,27,Male,High School,Employed,35588.84,Married,1,Urban,10471.1,387,7,Debit Card,No,No
4128,59,Male,Diploma,Unemployed,14120.23,Single,0,Rural,8861.35,431,41,Credit Card,No,No
4129,29,Male,Diploma,Employed,24466.64,Single,0,Urban,7177.29,406,5,Credit Card,No,No
4130,57,Male,High School,Employed,26774.42,Married,3,Urban,8462.97,432,37,Mobile Money,No,No
4131,35,Male,PhD,Employed,88910.69,Married,2,Rural,36773.47,544,10,Cash,Yes,No
4132,38,Female,High School,Employed,30387.93,Single,0,Urban,14292.82,454,16,Mobile Money,Yes,No
4133,50,Female,Bachelor,Employed,44435.34,Single,0,Rural,10482.5,520,27,Debit Card,Yes,No
4134,53,Female,Master,Self-Employed,77895.88,Married,2,Rural,27190.63,515,33,Debit Card,No,No
4135,36,Female,PhD,Employed,85016.45,Married,3,Urban,46061.8,558,9,Debit Card,Yes,No
4136,33,Female,Diploma,Employed,35714.59,Single,0,Suburban,13274.96,424,12,Cash,No,No
4137,37,Female,Master,Employed,65848.02,Married,2,Urban,16777.6,509,18,Credit Card,Yes,No
4138,42,Female,PhD,Employed,88938.94,Married,2,Suburban,38904.77,535,19,Cash,Yes,No
4139,48,Male,High School,Employed,32477.09,Married,5,Suburban,16303.17,435,27,Debit Card,No,No
4140,38,Female,Diploma,Self-Employed,62193.81,Married,1,Urban,31312.1,490,14,Cash,No,No
4141,45,Female,High School,Self-Employed,42967.11,Married,1,Urban,11905.86,457,23,Cash,Yes,No
4142,57,Male,Bachelor,Employed,65534.91,Married,1,Rural,34006.97,520,37,Cash,Yes,Yes
4143,42,Female,Bachelor,Self-Employed,62153.95,Married,2,Rural,10862.15,477,22,Cash,Yes,No
4144,41,Female,High School,Employed,21968.61,Married,1,Rural,7941.37,426,22,Cash,No,No
4145,19,Female,Bachelor,Self-Employed,72411.4,Single,0,Suburban,23462.77,470,0,Credit Card,No,No
4146,18,Male,High School,Student,5870.31,Single,0,Urban,4738.72,303,0,Mobile Money,Yes,No
4147,42,Female,Master,Employed,75842.54,Married,1,Urban,39614.0,507,22,Debit Card,No,No
4148,36,Male,High School,Employed,22941.6,Single,0,Suburban,10646.0,442,9,Debit Card,Yes,No
4149,31,Male,Bachelor,Employed,60188.62,Married,0,Urban,13437.19,441,9,Cash,Yes,No
4150,40,Male,High School,Employed,28598.0,Married,1,Rural,10220.49,462,20,Debit Card,No,No
4151,37,Female,Diploma,Employed,36312.79,Single,0,Rural,19883.26,430,15,Credit Card,No,No
4152,51,Female,Bachelor,Self-Employed,63065.95,Married,1,Suburban,25607.59,555,28,Mobile Money,No,No
4153,39,Male,Diploma,Employed,43923.47,Single,0,Urban,18230.46,449,18,Credit Card,Yes,No
4154,29,Female,Bachelor,Employed,61193.13,Married,0,Suburban,18899.74,509,11,Credit Card,No,No
4155,49,Male,Master,Self-Employed,81068.69,Married,1,Urban,32882.15,603,22,Cash,Yes,No
4156,35,Male,High School,Self-Employed,38754.48,Married,0,Urban,16974.71,454,16,Debit Card,Yes,No
4157,44,Female,Master,Employed,72726.53,Married,3,Suburban,16735.69,534,22,Credit Card,Yes,No
4158,32,Male,High School,Self-Employed,41906.69,Single,0,Suburban,18450.74,476,6,Credit Card,Yes,No
4159,30,Female,High School,Student,13895.32,Married,0,Urban,3768.87,386,9,Debit Card,Yes,No
4160,39,Male,High School,Employed,44489.77,Single,0,Rural,9578.01,437,21,Credit Card,Yes,Yes
4161,38,Male,PhD,Employed,86278.64,Married,1,Urban,33583.38,513,13,Credit Card,No,No
4162,43,Female,High School,Self-Employed,47680.08,Single,0,Suburban,20831.84,487,24,Credit Card,Yes,No
4163,34,Female,Master,Self-Employed,84936.6,Married,0,Rural,16798.65,524,9,Debit Card,No,Yes
4164,18,Male,PhD,Employed,81241.59,Married,1,Suburban,36688.12,507,0,Mobile Money,Yes,No
4165,32,Female,Diploma,Employed,34796.12,Married,1,Urban,14757.3,438,11,Credit Card,Yes,No
4166,47,Female,Bachelor,Self-Employed,69727.68,Married,0,Urban,24940.07,506,25,Cash,No,No
4167,34,Female,Bachelor,Student,16790.09,Married,0,Urban,5285.78,413,7,Mobile Money,Yes,No
4168,35,Male,Diploma,Self-Employed,39869.86,Married,1,Urban,18462.42,483,9,Debit Card,Yes,Yes
4169,49,Female,High School,Student,5000.0,Married,5,Urban,1000.0,405,24,Credit Card,Yes,No
4170,29,Female,Diploma,Self-Employed,43735.07,Single,0,Suburban,9041.92,427,5,Debit Card,No,Yes
4171,19,Male,Bachelor,Student,5000.0,Single,0,Rural,5929.41,319,0,Debit Card,No,No
4172,36,Female,Bachelor,Self-Employed,50959.32,Married,3,Urban,22508.92,500,18,Debit Card,Yes,No
4173,32,Female,High School,Student,5000.0,Single,0,Suburban,1000.0,348,7,Mobile Money,Yes,No
4174,26,Female,High School,Employed,26945.54,Single,0,Suburban,15821.39,453,7,Credit Card,No,No
4175,35,Female,Master,Unemployed,23016.63,Married,0,Suburban,1000.0,415,11,Debit Card,No,No
4176,43,Female,High School,Employed,35244.68,Married,2,Urban,14443.45,472,19,Debit Card,Yes,No
4177,37,Female,Bachelor,Employed,44101.33,Single,0,Urban,4853.97,449,10,Debit Card,Yes,Yes
4178,41,Female,High School,Employed,19237.29,Married,1,Suburban,12563.59,449,15,Mobile Money,Yes,Yes
4179,59,Female,Master,Employed,65776.57,Married,4,Urban,16110.96,524,32,Debit Card,No,No
4180,33,Female,Master,Employed,70026.74,Married,3,Urban,14686.71,541,11,Debit Card,Yes,No
4181,41,Male,Diploma,Student,16070.25,Married,0,Rural,1544.0,389,21,Debit Card,No,No
4182,31,Male,High School,Self-Employed,41741.78,Single,0,Rural,22942.22,428,10,Debit Card,Yes,No
4183,27,Female,Diploma,Student,5057.37,Married,0,Urban,7811.59,354,1,Mobile Money,No,No
4184,30,Male,Diploma,Student,10881.24,Married,1,Suburban,3067.44,448,9,Credit Card,Yes,No
4185,32,Female,Diploma,Employed,33251.69,Single,0,Suburban,14879.32,415,14,Debit Card,Yes,No
4186,42,Female,Bachelor,Employed,55594.77,Married,1,Urban,9745.87,490,23,Credit Card,No,No
4187,66,Female,High School,Employed,29500.61,Married,2,Urban,14951.93,529,42,Credit Card,No,No
4188,29,Female,Diploma,Employed,51234.42,Single,0,Suburban,8977.39,493,3,Debit Card,No,No
4189,33,Female,Bachelor,Self-Employed,69948.44,Single,0,Urban,16278.42,539,8,Credit Card,Yes,No
4190,37,Male,Bachelor,Employed,48833.72,Married,2,Urban,18016.14,433,19,Mobile Money,No,No
4191,42,Female,Diploma,Employed,33915.56,Single,0,Rural,12634.03,441,21,Debit Card,No,No
4192,41,Male,Bachelor,Employed,52335.27,Married,0,Urban,17237.0,511,15,Credit Card,No,No
4193,53,Male,Bachelor,Employed,42484.27,Married,1,Suburban,10911.31,513,32,Cash,Yes,No
4194,18,Male,Bachelor,Employed,53159.84,Single,0,Rural,23727.13,456,0,Cash,Yes,Yes
4195,18,Male,High School,Unemployed,7850.73,Single,0,Rural,1000.0,316,0,Credit Card,Yes,Yes
4196,32,Male,High School,Employed,33732.22,Married,0,Suburban,8513.22,425,9,Debit Card,No,Yes
4197,51,Male,Master,Employed,74897.0,Single,0,Suburban,17383.23,512,31,Credit Card,Yes,No
4198,19,Female,Master,Employed,70791.33,Married,0,Rural,20651.57,482,0,Credit Card,Yes,Yes
4199,18,Female,Bachelor,Self-Employed,52960.06,Single,0,Urban,10894.11,440,0,Credit Card,Yes,No
4200,44,Male,High School,Employed,20231.63,Married,0,Suburban,13217.01,421,25,Credit Card,Yes,No
4201,40,Male,Bachelor,Employed,50159.16,Married,4,Urban,14020.44,492,14,Cash,Yes,No
4202,24,Female,Master,Employed,75218.33,Single,0,Suburban,40751.45,496,0,Cash,Yes,No
4203,26,Female,Diploma,Student,12948.19,Married,0,Suburban,2589.82,369,1,Cash,Yes,No
4204,26,Female,High School,Student,5000.0,Single,0,Urban,1452.49,352,7,Credit Card,Yes,No
4205,39,Male,Bachelor,Employed,73877.84,Married,1,Rural,25630.47,538,21,Cash,No,No
4206,30,Female,Master,Self-Employed,96492.54,Married,0,Urban,27872.92,565,3,Credit Card,Yes,No
4207,43,Female,High School,Employed,39919.36,Married,1,Urban,15682.26,447,21,Cash,No,No
4208,18,Female,Bachelor,Employed,60605.27,Single,0,Rural,19674.88,420,0,Credit Card,No,No
4209,27,Male,Bachelor,Employed,58668.33,Single,0,Urban,16927.56,478,7,Mobile Money,No,No
4210,24,Male,Bachelor,Employed,58084.61,Single,0,Suburban,13557.51,485,5,Debit Card,No,Yes
4211,34,Male,Bachelor,Self-Employed,51559.77,Single,0,Urban,18024.68,481,7,Cash,Yes,No
4212,31,Male,Bachelor,Student,5000.0,Married,1,Urban,1000.0,383,11,Cash,Yes,No
4213,47,Female,High School,Employed,28222.91,Married,2,Suburban,6615.62,428,28,Debit Card,No,No
4214,18,Female,High School,Employed,31022.98,Single,0,Urban,3262.28,398,0,Cash,Yes,No
4215,38,Female,Bachelor,Employed,54004.35,Married,1,Suburban,27462.5,470,13,Mobile Money,Yes,No
4216,44,Female,High School,Employed,32178.21,Married,3,Rural,16205.81,453,22,Credit Card,No,No
4217,60,Female,Bachelor,Student,5000.0,Married,3,Rural,5588.52,405,41,Credit Card,No,No
4218,32,Male,Bachelor,Unemployed,20545.31,Married,0,Rural,9645.68,393,7,Credit Card,Yes,Yes
4219,41,Female,High School,Self-Employed,36497.1,Married,3,Urban,12799.1,429,23,Debit Card,No,No
4220,18,Female,Bachelor,Employed,53500.4,Single,0,Suburban,19771.6,438,0,Credit Card,Yes,No
4221,18,Male,Bachelor,Self-Employed,73418.5,Single,0,Suburban,26932.39,469,0,Credit Card,No,No
4222,48,Male,Diploma,Employed,31635.73,Married,3,Rural,11953.17,456,30,Credit Card,No,No
4223,37,Female,Diploma,Student,6104.84,Married,3,Urban,7076.78,358,16,Credit Card,Yes,No
4224,52,Female,Master,Employed,72275.35,Married,5,Suburban,30349.05,499,33,Debit Card,Yes,No
4225,21,Male,Diploma,Employed,33175.91,Single,0,Urban,12849.83,432,0,Debit Card,No,No
4226,44,Female,Bachelor,Employed,38973.25,Married,2,Urban,13651.8,419,21,Debit Card,No,No
4227,60,Female,High School,Employed,20775.68,Married,3,Urban,3328.82,488,34,Mobile Money,Yes,No
4228,43,Female,High School,Self-Employed,35482.24,Single,0,Suburban,12399.7,437,24,Debit Card,No,No
4229,41,Male,High School,Self-Employed,34007.84,Married,3,Urban,8395.01,481,14,Credit Card,Yes,No
4230,38,Male,Bachelor,Self-Employed,65853.87,Married,1,Urban,31289.34,527,20,Cash,Yes,No
4231,19,Female,Diploma,Employed,34725.79,Single,0,Urban,12290.91,394,0,Debit Card,Yes,No
4232,54,Female,High School,Employed,19501.89,Single,0,Urban,6031.59,416,32,Credit Card,Yes,No
4233,30,Male,Bachelor,Unemployed,17596.07,Single,0,Urban,6847.79,414,12,Debit Card,Yes,No
4234,44,Male,High School,Unemployed,7667.82,Married,2,Rural,3474.63,375,17,Credit Card,No,No
4235,19,Male,High School,Employed,35102.68,Single,0,Suburban,16819.35,374,0,Debit Card,Yes,No
4236,23,Male,Diploma,Unemployed,6018.52,Single,0,Urban,1000.0,365,0,Credit Card,No,Yes
4237,55,Female,Diploma,Student,5000.0,Married,2,Urban,6017.94,459,34,Credit Card,No,No
4238,33,Female,Bachelor,Self-Employed,45164.32,Married,0,Rural,16192.23,391,13,Credit Card,No,No
4239,55,Male,Diploma,Employed,36788.25,Married,4,Rural,12187.41,475,35,Debit Card,Yes,No
4240,37,Male,Diploma,Self-Employed,49023.27,Single,0,Suburban,18252.54,448,16,Debit Card,Yes,No
4241,18,Female,Master,Employed,68141.5,Single,0,Urban,30796.83,417,0,Cash,Yes,No
4242,48,Male,Master,Self-Employed,79478.8,Married,3,Suburban,27333.15,551,22,Cash,Yes,No
4243,30,Female,Master,Employed,57268.94,Single,0,Suburban,24712.99,490,3,Debit Card,Yes,Yes
4244,46,Female,Master,Student,5000.0,Married,2,Suburban,2845.55,414,28,Debit Card,Yes,No
4245,38,Female,Bachelor,Self-Employed,68938.2,Single,0,Suburban,22468.94,505,14,Credit Card,No,No
4246,19,Male,Bachelor,Employed,53179.19,Single,0,Urban,28002.32,512,0,Credit Card,Yes,No
4247,39,Male,Bachelor,Self-Employed,63091.85,Single,0,Rural,23327.95,513,21,Credit Card,No,No
4248,64,Male,Bachelor,Employed,42665.99,Married,3,Rural,18194.06,534,42,Cash,Yes,No
4249,43,Male,Bachelor,Employed,47269.95,Married,2,Urban,14824.12,476,19,Credit Card,No,No
4250,37,Male,High School,Employed,30360.83,Married,1,Rural,7974.91,489,18,Credit Card,No,No
4251,50,Female,Master,Employed,72276.93,Married,5,Suburban,40020.51,551,31,Mobile Money,No,No
4252,40,Female,Bachelor,Student,9686.08,Married,3,Rural,6148.57,387,20,Credit Card,No,No
4253,40,Female,Master,Employed,81034.0,Married,3,Rural,18971.98,530,13,Credit Card,Yes,No
4254,24,Male,High School,Self-Employed,31396.05,Single,0,Urban,10596.33,376,0,Mobile Money,Yes,No
4255,40,Female,Diploma,Employed,50294.98,Married,2,Urban,18439.15,508,15,Mobile Money,No,No
4256,50,Female,Diploma,Self-Employed,49734.93,Single,0,Urban,10711.4,499,32,Debit Card,No,No
4257,27,Male,Bachelor,Employed,55865.07,Married,0,Urban,15966.87,486,6,Cash,Yes,No
4258,55,Female,High School,Employed,37460.18,Married,1,Urban,16215.64,505,31,Credit Card,No,No
4259,36,Male,Diploma,Student,5000.0,Single,0,Urban,1000.0,318,18,Debit Card,No,No
4260,27,Male,High School,Employed,27366.37,Single,0,Urban,4224.85,420,8,Credit Card,Yes,Yes
4261,49,Male,Diploma,Self-Employed,38211.67,Married,2,Urban,17350.0,466,31,Debit Card,No,No
4262,34,Female,Bachelor,Employed,62481.7,Single,0,Urban,25034.02,483,8,Credit Card,Yes,No
4263,47,Female,Master,Employed,72684.04,Married,4,Urban,23940.99,554,29,Debit Card,Yes,No
4264,34,Male,High School,Unemployed,17782.35,Married,0,Urban,2891.32,401,11,Mobile Money,Yes,No
4265,37,Male,Bachelor,Self-Employed,67638.91,Married,0,Rural,16633.62,539,13,Credit Card,No,No
4266,43,Male,High School,Employed,38824.34,Married,1,Rural,14549.1,472,18,Credit Card,No,No
4267,41,Male,High School,Student,5000.0,Married,1,Urban,1020.0,374,17,Credit Card,Yes,No
4268,18,Male,Bachelor,Employed,62897.92,Single,0,Suburban,14173.34,419,0,Credit Card,No,No
4269,24,Male,Bachelor,Employed,51817.48,Single,0,Rural,16232.04,444,5,Credit Card,No,No
4270,49,Male,Master,Employed,70020.26,Married,5,Suburban,36426.89,542,27,Credit Card,No,Yes
4271,36,Female,Diploma,Self-Employed,53826.84,Single,0,Suburban,17024.79,494,18,Debit Card,Yes,No
4272,31,Female,Master,Employed,88622.73,Married,0,Rural,38657.27,488,13,Credit Card,No,No
4273,21,Female,High School,Employed,36560.42,Married,0,Urban,9280.39,397,0,Mobile Money,No,No
4274,25,Male,High School,Student,13314.77,Married,0,Urban,3748.71,429,4,Mobile Money,Yes,No
4275,18,Male,High School,Employed,25636.98,Single,0,Suburban,9005.9,394,0,Cash,Yes,No
4276,36,Male,Bachelor,Employed,56255.98,Single,0,Suburban,19843.45,515,9,Debit Card,No,No
4277,30,Male,High School,Employed,29233.06,Single,0,Urban,14612.82,379,6,Credit Card,Yes,No
4278,26,Male,High School,Employed,41261.33,Single,0,Rural,20407.62,460,5,Credit Card,No,No
4279,37,Female,Bachelor,Employed,53832.53,Single,0,Rural,22393.37,473,17,Credit Card,No,No
4280,42,Female,High School,Employed,40628.33,Single,0,Urban,8828.05,462,24,Cash,Yes,No
4281,63,Male,High School,Employed,19586.83,Married,3,Suburban,12136.94,434,37,Mobile Money,Yes,No
4282,19,Male,High School,Employed,41190.22,Single,0,Rural,10597.61,424,0,Mobile Money,Yes,No
4283,51,Female,High School,Self-Employed,29108.79,Single,0,Urban,1000.0,490,32,Cash,No,No
4284,49,Male,Bachelor,Student,17831.07,Married,2,Urban,9058.8,390,24,Credit Card,Yes,No
4285,28,Female,Bachelor,Self-Employed,59085.36,Married,2,Rural,14278.66,451,2,Cash,No,Yes
4286,40,Female,High School,Employed,34946.78,Married,2,Urban,11806.25,447,17,Credit Card,Yes,No
4287,32,Female,High School,Employed,22299.3,Married,0,Urban,2250.28,461,13,Debit Card,No,Yes
4288,40,Male,Master,Self-Employed,92291.85,Married,0,Urban,42664.05,555,20,Debit Card,Yes,No
4289,56,Male,Bachelor,Self-Employed,72761.96,Single,0,Rural,35865.52,535,30,Debit Card,Yes,No
4290,45,Male,Bachelor,Employed,50194.5,Single,0,Urban,25976.27,517,23,Credit Card,Yes,No
4291,44,Female,Diploma,Employed,44624.68,Married,2,Urban,10477.39,486,23,Credit Card,Yes,No
4292,32,Female,High School,Self-Employed,43579.46,Single,0,Suburban,11977.11,426,9,Debit Card,Yes,Yes
4293,20,Female,PhD,Employed,82613.45,Single,0,Urban,27241.33,531,1,Credit Card,Yes,No
4294,35,Female,Bachelor,Employed,46727.98,Married,0,Urban,13636.12,485,10,Debit Card,Yes,No
4295,52,Female,High School,Employed,21429.56,Married,3,Urban,10671.59,419,28,Credit Card,No,No
4296,19,Female,Diploma,Self-Employed,38295.98,Single,0,Suburban,17417.61,467,1,Credit Card,Yes,No
4297,25,Female,Diploma,Self-Employed,39391.26,Married,1,Urban,9454.39,434,0,Debit Card,No,Yes
4298,39,Female,High School,Unemployed,16398.31,Married,0,Urban,1000.0,381,15,Credit Card,Yes,No
4299,26,Female,Master,Self-Employed,88462.8,Married,0,Rural,45789.07,581,7,Debit Card,Yes,No
4300,28,Male,Master,Employed,56431.98,Married,0,Urban,22157.85,499,9,Credit Card,No,No
4301,32,Female,High School,Self-Employed,31918.66,Single,0,Rural,9683.82,424,12,Credit Card,No,No
4302,21,Male,Diploma,Employed,30737.31,Single,0,Suburban,10862.1,426,0,Credit Card,No,No
4303,26,Male,Bachelor,Employed,61892.24,Married,0,Rural,29649.11,459,5,Mobile Money,Yes,No
4304,46,Female,High School,Unemployed,5402.83,Single,0,Urban,2620.47,391,19,Debit Card,Yes,No
4305,22,Female,Bachelor,Employed,42644.58,Married,0,Urban,11115.67,427,0,Credit Card,Yes,No
4306,18,Female,Bachelor,Employed,56361.32,Single,0,Suburban,25564.09,424,0,Credit Card,Yes,Yes
4307,30,Male,Bachelor,Student,15851.94,Single,0,Urban,2394.32,353,8,Debit Card,Yes,No
4308,46,Female,Bachelor,Student,5000.0,Married,2,Suburban,1000.0,450,22,Credit Card,Yes,No
4309,35,Male,Bachelor,Employed,52880.67,Married,0,Urban,25604.68,410,17,Credit Card,Yes,No
4310,32,Female,PhD,Employed,82780.84,Single,0,Urban,42305.73,563,8,Cash,No,No
4311,38,Male,Diploma,Employed,49952.38,Single,0,Rural,21720.1,499,16,Credit Card,No,No
4312,18,Female,Master,Student,10549.13,Single,0,Suburban,1000.0,316,0,Credit Card,Yes,No
4313,43,Female,High School,Employed,24225.29,Married,2,Suburban,8747.03,427,16,Credit Card,Yes,No
4314,42,Male,Diploma,Student,7589.4,Married,1,Urban,1000.0,407,23,Debit Card,No,No
4315,33,Female,High School,Employed,28339.61,Married,0,Suburban,13947.06,444,6,Cash,Yes,No
4316,50,Female,Bachelor,Employed,60507.95,Married,1,Urban,24040.48,492,25,Mobile Money,Yes,No
4317,24,Male,High School,Employed,39728.38,Single,0,Rural,7009.7,423,3,Debit Card,Yes,No
4318,51,Male,Master,Employed,79788.99,Single,0,Urban,38466.78,573,32,Credit Card,Yes,No
4319,39,Male,Bachelor,Student,7944.74,Married,0,Rural,1000.0,361,12,Debit Card,No,No
4320,33,Male,High School,Self-Employed,38440.91,Single,0,Rural,19021.32,400,12,Credit Card,Yes,No
4321,37,Female,Bachelor,Employed,66908.0,Single,0,Urban,22972.22,506,17,Mobile Money,No,No
4322,36,Female,Master,Employed,82215.99,Married,2,Urban,23914.3,497,9,Credit Card,Yes,No
4323,52,Male,Bachelor,Self-Employed,58992.75,Married,2,Rural,6633.09,485,25,Credit Card,Yes,No
4324,25,Male,High School,Employed,34737.96,Married,0,Suburban,15598.52,424,7,Credit Card,Yes,No
4325,28,Female,Master,Unemployed,24385.64,Single,0,Urban,19051.46,384,2,Mobile Money,Yes,No
4326,50,Male,Bachelor,Employed,62411.1,Single,0,Rural,22641.74,506,29,Debit Card,No,No
4327,30,Male,Diploma,Employed,49948.94,Married,0,Rural,15781.42,506,10,Debit Card,Yes,No
4328,48,Male,Diploma,Employed,31672.19,Single,0,Urban,10080.66,482,27,Credit Card,No,Yes
4329,58,Female,Diploma,Employed,34474.57,Married,5,Rural,15539.51,516,34,Credit Card,No,No
4330,33,Female,Master,Employed,77260.87,Married,1,Suburban,34319.95,497,6,Debit Card,Yes,No
4331,46,Female,Diploma,Student,9184.25,Married,1,Urban,1000.0,411,28,Mobile Money,Yes,No
4332,24,Male,High School,Employed,12182.07,Married,2,Urban,2864.22,399,0,Credit Card,Yes,No
4333,47,Female,Master,Employed,56669.74,Married,4,Rural,15939.97,514,27,Mobile Money,Yes,No
4334,40,Female,High School,Employed,35300.59,Married,2,Urban,14007.26,473,18,Credit Card,No,No
4335,43,Female,Master,Self-Employed,90712.89,Married,1,Urban,45857.25,548,16,Debit Card,No,No
4336,30,Male,Diploma,Self-Employed,37204.1,Married,0,Suburban,6519.13,410,12,Cash,Yes,No
4337,18,Female,Bachelor,Self-Employed,74793.34,Married,0,Urban,31630.95,443,0,Cash,Yes,No
4338,44,Female,High School,Employed,28422.82,Single,0,Suburban,15744.61,458,25,Mobile Money,Yes,No
4339,18,Male,Master,Self-Employed,75820.21,Single,0,Urban,19775.87,505,0,Cash,Yes,Yes
4340,34,Male,Bachelor,Self-Employed,61517.63,Married,0,Urban,29835.01,510,7,Debit Card,Yes,No
4341,49,Female,Master,Employed,60218.05,Married,1,Suburban,23525.76,498,23,Credit Card,Yes,No
4342,40,Female,Bachelor,Employed,50072.71,Married,1,Suburban,13786.37,493,19,Debit Card,No,No
4343,61,Female,High School,Self-Employed,21048.82,Married,3,Suburban,9469.45,505,38,Credit Card,Yes,No
4344,50,Female,Diploma,Employed,39409.34,Married,3,Suburban,16789.94,511,25,Cash,No,No
4345,30,Female,Diploma,Employed,44696.95,Single,0,Urban,7628.75,484,12,Credit Card,No,No
4346,38,Male,Bachelor,Employed,44220.6,Married,0,Urban,22163.38,405,19,Debit Card,Yes,No
4347,37,Male,Master,Employed,70136.16,Married,1,Urban,25483.97,553,17,Mobile Money,Yes,No
4348,19,Female,Diploma,Employed,33562.78,Single,0,Urban,15181.29,377,0,Credit Card,Yes,No
4349,26,Male,Bachelor,Self-Employed,71350.41,Married,0,Rural,22943.36,506,0,Credit Card,No,No
4350,31,Male,PhD,Unemployed,8484.74,Married,1,Suburban,3255.75,374,7,Mobile Money,Yes,No
4351,18,Female,High School,Employed,35695.11,Single,0,Urban,14721.73,381,0,Credit Card,Yes,No
4352,38,Female,Master,Employed,55457.95,Married,1,Urban,17430.81,460,15,Credit Card,Yes,No
4353,35,Male,Diploma,Self-Employed,46320.48,Single,0,Rural,16365.37,483,11,Mobile Money,No,No
4354,18,Male,Bachelor,Self-Employed,60328.66,Single,0,Rural,29313.63,462,0,Mobile Money,No,Yes
4355,42,Male,Diploma,Employed,37114.38,Single,0,Suburban,15699.63,439,15,Cash,No,No
4356,46,Male,Diploma,Self-Employed,35764.87,Married,3,Suburban,13683.75,412,27,Credit Card,No,No
4357,40,Female,High School,Self-Employed,49281.1,Married,0,Rural,16194.83,431,16,Mobile Money,No,No
4358,34,Male,PhD,Employed,79707.5,Single,0,Suburban,20481.85,484,12,Credit Card,Yes,No
4359,45,Female,Master,Employed,60338.77,Single,0,Suburban,17629.17,564,26,Debit Card,No,No
4360,46,Female,High School,Employed,44358.56,Married,3,Rural,16780.48,504,19,Credit Card,Yes,No
4361,41,Female,PhD,Student,20581.61,Married,0,Urban,6112.86,460,15,Debit Card,Yes,No
4362,28,Male,Bachelor,Employed,44965.95,Single,0,Suburban,13691.91,433,6,Debit Card,No,No
4363,41,Female,Master,Employed,68969.7,Single,0,Urban,21834.91,472,23,Debit Card,Yes,No
4364,52,Male,High School,Employed,28114.16,Single,0,Urban,9946.41,478,30,Debit Card,No,No
4365,30,Male,Diploma,Unemployed,5000.0,Single,0,Rural,6924.98,381,10,Cash,Yes,No
4366,63,Female,Bachelor,Employed,48933.9,Married,2,Suburban,10977.41,520,39,Cash,Yes,No
4367,31,Male,High School,Self-Employed,35788.95,Single,0,Urban,17957.07,434,10,Debit Card,Yes,No
4368,38,Female,Diploma,Self-Employed,58131.34,Married,2,Suburban,32735.26,567,19,Debit Card,Yes,No
4369,29,Male,Diploma,Self-Employed,46489.36,Single,0,Rural,10258.37,457,11,Debit Card,Yes,No
4370,40,Male,High School,Unemployed,8090.84,Single,0,Rural,5285.21,347,20,Debit Card,Yes,No
4371,18,Female,Diploma,Employed,33478.67,Single,0,Suburban,5970.96,397,0,Cash,No,Yes
4372,31,Female,PhD,Student,26767.13,Single,0,Suburban,4229.84,392,10,Debit Card,No,No
4373,24,Female,Diploma,Unemployed,19218.57,Single,0,Suburban,7933.5,380,3,Credit Card,No,No
4374,39,Female,High School,Student,12314.68,Married,2,Suburban,10191.95,434,18,Debit Card,Yes,No
4375,49,Male,Bachelor,Self-Employed,66894.71,Married,0,Rural,15558.77,544,27,Debit Card,Yes,No
4376,45,Female,Bachelor,Unemployed,5000.0,Single,0,Urban,3314.37,380,27,Credit Card,Yes,No
4377,18,Male,Bachelor,Employed,63693.36,Single,0,Suburban,23326.05,486,0,Cash,Yes,Yes
4378,62,Female,Bachelor,Employed,55458.64,Single,0,Urban,15341.8,573,44,Cash,No,No
4379,41,Female,High School,Employed,27531.27,Married,3,Suburban,10773.16,438,20,Debit Card,Yes,No
4380,28,Female,Diploma,Employed,43587.67,Single,0,Urban,17636.7,467,1,Credit Card,Yes,No
4381,39,Female,Bachelor,Self-Employed,67793.52,Married,0,Rural,26247.38,485,15,Cash,No,No
4382,40,Male,Master,Employed,61446.42,Married,0,Suburban,29891.43,530,13,Cash,No,No
4383,29,Female,Bachelor,Employed,52433.62,Married,2,Rural,13066.74,502,9,Debit Card,No,No
4384,40,Male,High School,Self-Employed,20767.26,Single,0,Rural,3278.22,438,15,Credit Card,Yes,No
4385,30,Male,Diploma,Student,8688.21,Married,0,Rural,7508.74,405,11,Credit Card,Yes,No
4386,33,Male,High School,Self-Employed,46641.02,Single,0,Urban,25665.15,477,9,Credit Card,No,No
4387,29,Female,Bachelor,Unemployed,5000.0,Married,0,Urban,6997.35,320,11,Debit Card,Yes,No
4388,20,Male,High School,Employed,31029.02,Single,0,Urban,12492.44,381,0,Mobile Money,Yes,No
4389,39,Male,High School,Unemployed,14347.83,Single,0,Suburban,6356.18,432,15,Mobile Money,Yes,No
4390,45,Female,Diploma,Employed,46530.86,Married,1,Urban,22642.03,464,22,Credit Card,Yes,No
4391,44,Female,Diploma,Student,5000.0,Married,1,Rural,7058.95,386,17,Credit Card,No,No
4392,47,Male,Diploma,Employed,31182.15,Married,1,Urban,10644.92,469,20,Debit Card,No,No
4393,41,Male,Diploma,Unemployed,7303.58,Single,0,Suburban,2925.11,417,18,Debit Card,No,No
4394,31,Female,Bachelor,Self-Employed,75526.97,Married,0,Rural,24663.85,506,5,Cash,No,Yes
4395,48,Female,Diploma,Employed,26323.55,Married,3,Rural,10526.4,417,26,Credit Card,No,No
4396,21,Male,Bachelor,Self-Employed,56272.26,Single,0,Urban,18450.1,464,0,Cash,Yes,Yes
4397,27,Female,Diploma,Unemployed,8329.84,Married,2,Urban,4914.35,336,4,Debit Card,Yes,No
4398,26,Female,Diploma,Unemployed,5000.0,Single,0,Suburban,1000.0,392,0,Debit Card,No,No
4399,50,Female,Bachelor,Employed,54666.62,Married,2,Suburban,21920.75,517,25,Debit Card,No,No
4400,49,Female,Diploma,Employed,51316.21,Married,3,Suburban,15351.89,530,29,Mobile Money,Yes,No
4401,43,Female,Bachelor,Employed,45369.45,Single,0,Urban,10113.36,473,20,Debit Card,No,No
4402,50,Female,Bachelor,Employed,53829.07,Married,2,Urban,14570.95,508,29,Cash,Yes,No
4403,27,Male,Master,Employed,69933.99,Married,0,Urban,17065.64,468,3,Debit Card,Yes,No
4404,42,Female,Diploma,Self-Employed,45323.31,Married,1,Urban,20062.33,388,17,Credit Card,No,No
4405,36,Female,Diploma,Employed,27372.6,Married,1,Urban,6565.36,397,11,Credit Card,No,No
4406,48,Male,Bachelor,Self-Employed,60897.4,Married,4,Rural,23142.82,481,26,Debit Card,No,No
4407,36,Female,High School,Employed,24921.31,Single,0,Urban,12225.93,397,10,Credit Card,Yes,No
4408,33,Male,Diploma,Employed,45068.03,Single,0,Suburban,16822.75,454,15,Credit Card,No,No
4409,44,Male,Bachelor,Employed,58356.63,Married,5,Rural,15829.55,510,24,Credit Card,Yes,No
4410,48,Male,High School,Self-Employed,23584.83,Single,0,Urban,9062.42,441,28,Mobile Money,No,No
4411,29,Female,Diploma,Self-Employed,44902.91,Married,2,Urban,20717.1,407,3,Credit Card,Yes,No
4412,37,Female,Bachelor,Employed,50997.96,Married,1,Urban,12428.11,507,19,Debit Card,No,No
4413,25,Male,PhD,Employed,105637.56,Married,1,Urban,52918.34,571,7,Debit Card,Yes,No
4414,18,Female,Master,Employed,72338.51,Single,0,Suburban,15811.54,418,0,Cash,Yes,No
4415,40,Male,Diploma,Unemployed,5000.0,Married,2,Urban,5178.75,374,15,Cash,No,No
4416,45,Female,Bachelor,Self-Employed,59785.62,Single,0,Suburban,16360.25,491,22,Credit Card,No,Yes
4417,41,Female,High School,Self-Employed,32971.64,Married,3,Urban,5332.25,471,19,Credit Card,No,No
4418,18,Female,High School,Employed,32898.94,Single,0,Rural,12621.15,371,0,Mobile Money,No,No
4419,33,Female,Bachelor,Employed,58879.37,Single,0,Urban,21277.29,420,9,Cash,Yes,No
4420,18,Male,High School,Employed,31603.86,Married,2,Urban,11932.57,420,0,Mobile Money,Yes,No
4421,54,Female,Diploma,Employed,38321.88,Married,2,Urban,14967.39,486,33,Credit Card,No,No
4422,24,Female,Master,Employed,68912.0,Single,0,Urban,17897.56,472,6,Credit Card,Yes,Yes
4423,53,Male,Master,Employed,68968.25,Single,0,Urban,19955.0,578,31,Debit Card,Yes,No
4424,49,Female,Bachelor,Employed,40736.72,Married,1,Urban,11459.0,439,25,Debit Card,No,No
4425,27,Female,Master,Employed,69509.67,Single,0,Rural,17855.15,525,4,Credit Card,Yes,No
4426,24,Male,Bachelor,Employed,50381.97,Single,0,Urban,28616.61,484,3,Credit Card,Yes,No
4427,42,Female,High School,Employed,16777.36,Married,1,Urban,4760.71,464,19,Credit Card,Yes,Yes
4428,27,Female,Bachelor,Self-Employed,85343.06,Married,2,Suburban,31316.25,543,4,Credit Card,No,No
4429,39,Female,Diploma,Self-Employed,50490.43,Married,4,Urban,20924.25,451,20,Cash,Yes,No
4430,32,Male,Diploma,Employed,40104.83,Married,1,Urban,13949.77,435,11,Credit Card,Yes,No
4431,18,Male,Master,Unemployed,18030.98,Single,0,Rural,8097.75,383,0,Credit Card,Yes,Yes
4432,18,Male,Diploma,Student,13841.78,Single,0,Urban,4313.26,402,0,Credit Card,Yes,No
4433,40,Female,High School,Employed,20701.6,Married,2,Suburban,6291.8,408,13,Cash,No,No
4434,31,Female,Diploma,Employed,37498.37,Married,1,Rural,16526.66,411,9,Cash,No,No
4435,31,Female,High School,Unemployed,5000.0,Married,0,Urban,1000.0,389,13,Credit Card,Yes,No
4436,46,Male,Master,Student,19772.5,Single,0,Urban,7072.59,438,22,Credit Card,No,No
4437,52,Male,Bachelor,Employed,48386.07,Married,4,Urban,13967.96,511,32,Debit Card,No,No
4438,34,Female,Bachelor,Employed,63810.62,Single,0,Urban,5929.79,524,14,Debit Card,Yes,No
4439,33,Female,Bachelor,Unemployed,15705.8,Married,0,Rural,4514.68,410,13,Cash,No,No
4440,44,Female,Bachelor,Employed,61195.92,Married,0,Urban,20930.22,500,26,Cash,Yes,No
4441,21,Female,Bachelor,Student,14198.87,Single,0,Suburban,8501.23,401,3,Debit Card,No,No
4442,40,Female,Bachelor,Employed,63473.96,Married,2,Rural,23457.29,512,15,Debit Card,No,No
4443,44,Female,Master,Unemployed,13518.59,Married,2,Suburban,6224.04,430,26,Credit Card,Yes,No
4444,46,Female,PhD,Employed,97244.99,Married,5,Suburban,43363.71,624,25,Credit Card,No,No
4445,18,Male,PhD,Employed,75099.29,Single,0,Rural,35138.0,477,0,Credit Card,Yes,No
4446,28,Female,Bachelor,Student,11345.01,Single,0,Suburban,5247.19,380,7,Credit Card,Yes,No
4447,27,Female,Master,Employed,65632.62,Single,0,Rural,22221.34,522,9,Credit Card,No,No
4448,39,Male,Diploma,Employed,28763.67,Married,0,Urban,3237.95,430,17,Mobile Money,No,No
4449,43,Male,Master,Unemployed,13851.82,Married,0,Suburban,4373.52,436,17,Debit Card,Yes,No
4450,55,Male,Master,Employed,64874.75,Single,0,Urban,24173.01,515,36,Credit Card,No,No
4451,32,Female,Master,Employed,68427.59,Single,0,Rural,27529.44,520,7,Credit Card,No,No
4452,32,Male,Master,Employed,65801.2,Married,1,Suburban,13555.26,534,14,Cash,No,No
4453,51,Male,Diploma,Self-Employed,48640.21,Married,3,Suburban,16056.82,495,30,Credit Card,Yes,No
4454,41,Female,High School,Self-Employed,29358.73,Married,4,Urban,17595.62,469,17,Debit Card,No,No
4455,53,Male,Diploma,Unemployed,8185.14,Married,4,Urban,3752.09,440,28,Debit Card,No,No
4456,41,Female,Bachelor,Employed,52687.47,Married,2,Urban,16674.69,452,17,Debit Card,No,No
4457,24,Male,High School,Employed,31456.77,Single,0,Urban,12201.54,415,0,Credit Card,Yes,No
4458,22,Female,Diploma,Employed,46790.78,Single,0,Urban,12136.25,452,0,Credit Card,No,No
4459,19,Male,Bachelor,Unemployed,23329.3,Single,0,Suburban,6340.77,418,0,Debit Card,Yes,No
4460,45,Male,Bachelor,Self-Employed,67899.87,Married,1,Suburban,29916.31,530,20,Credit Card,No,No
4461,52,Male,Master,Student,17442.02,Married,2,Suburban,1660.2,465,26,Credit Card,Yes,No
4462,60,Female,Bachelor,Student,13494.94,Single,0,Suburban,1218.02,439,39,Debit Card,No,Yes
4463,48,Female,Bachelor,Employed,52482.86,Married,3,Rural,19766.59,470,26,Credit Card,No,No
4464,51,Male,Bachelor,Employed,62204.66,Single,0,Urban,14096.2,472,25,Debit Card,No,No
4465,31,Female,Master,Self-Employed,76684.15,Married,0,Suburban,32105.01,496,7,Debit Card,Yes,No
4466,24,Male,Diploma,Employed,23614.84,Single,0,Urban,1000.0,338,4,Mobile Money,Yes,No
4467,48,Female,High School,Employed,21668.08,Married,1,Suburban,4833.06,400,28,Credit Card,No,No
4468,43,Female,Master,Unemployed,32224.97,Single,0,Suburban,3963.33,366,25,Credit Card,No,No
4469,39,Female,Bachelor,Employed,52636.53,Married,1,Suburban,4884.22,459,12,Credit Card,Yes,No
4470,42,Female,Bachelor,Employed,57193.03,Married,0,Suburban,19810.91,453,20,Credit Card,No,No
4471,41,Female,Diploma,Employed,37808.4,Married,1,Urban,5102.38,446,23,Credit Card,No,No
4472,53,Female,Diploma,Self-Employed,52493.32,Married,0,Urban,23680.93,512,33,Mobile Money,No,No
4473,53,Female,Bachelor,Employed,55565.7,Married,1,Suburban,17955.69,469,34,Mobile Money,No,No
4474,44,Female,High School,Self-Employed,35451.26,Married,3,Suburban,18942.72,501,17,Credit Card,Yes,No
4475,48,Female,Diploma,Employed,44910.23,Married,1,Urban,8251.49,526,26,Cash,No,No
4476,44,Female,Diploma,Unemployed,8274.58,Married,0,Urban,5331.8,399,21,Credit Card,Yes,No
4477,32,Female,Bachelor,Employed,57976.62,Single,0,Suburban,31505.0,495,10,Debit Card,No,No
4478,47,Female,Bachelor,Student,9602.23,Married,1,Rural,5623.45,419,20,Credit Card,No,No
4479,21,Female,PhD,Employed,89140.59,Single,0,Suburban,23186.81,502,1,Credit Card,Yes,No
4480,50,Male,Bachelor,Student,5000.0,Single,0,Urban,2673.59,366,25,Credit Card,No,No
4481,23,Male,Master,Unemployed,19272.35,Single,0,Urban,4229.55,366,0,Credit Card,Yes,Yes
4482,41,Male,Bachelor,Employed,50670.06,Married,1,Suburban,23339.13,467,14,Debit Card,Yes,No
4483,27,Female,Bachelor,Employed,64039.36,Married,0,Suburban,17955.28,518,7,Debit Card,Yes,Yes
4484,44,Male,High School,Employed,16527.43,Single,0,Urban,6191.65,459,24,Credit Card,No,No
4485,37,Female,High School,Self-Employed,43114.08,Married,1,Urban,7865.79,424,15,Credit Card,Yes,No
4486,18,Female,Bachelor,Employed,41045.94,Single,0,Suburban,7063.72,417,0,Cash,No,No
4487,43,Female,Diploma,Employed,44297.73,Married,2,Urban,14981.45,486,17,Credit Card,No,No
4488,31,Male,Bachelor,Self-Employed,59298.16,Married,0,Urban,10702.44,564,11,Debit Card,Yes,No
4489,48,Female,Bachelor,Self-Employed,70530.58,Married,2,Rural,31239.78,489,26,Cash,Yes,No
4490,38,Female,Master,Employed,69029.13,Single,0,Rural,19053.68,577,15,Mobile Money,No,No
4491,42,Female,PhD,Employed,78541.17,Married,2,Suburban,31577.14,536,16,Credit Card,No,No
4492,26,Male,High School,Employed,40868.95,Single,0,Urban,16390.78,410,0,Debit Card,No,No
4493,30,Female,Diploma,Employed,46213.17,Single,0,Urban,15280.08,418,3,Credit Card,Yes,No
4494,32,Female,Bachelor,Employed,59025.4,Single,0,Urban,14897.74,454,10,Debit Card,Yes,No
4495,48,Female,Diploma,Unemployed,6877.04,Married,5,Urban,1000.0,447,26,Credit Card,No,No
4496,58,Female,Diploma,Employed,46488.68,Married,2,Urban,24937.07,544,32,Debit Card,Yes,No
4497,28,Female,Master,Employed,59733.99,Married,3,Urban,12246.51,477,3,Mobile Money,Yes,Yes
4498,50,Female,PhD,Employed,72178.83,Married,3,Suburban,35269.42,551,25,Mobile Money,Yes,No
4499,18,Female,Bachelor,Student,5000.0,Single,0,Suburban,1000.0,355,0,Debit Card,No,No
4500,23,Female,Bachelor,Employed,47624.1,Single,0,Urban,16592.31,385,0,Mobile Money,Yes,Yes
4501,26,Female,Diploma,Student,5000.0,Single,0,Urban,1000.0,326,6,Debit Card,Yes,Yes
4502,21,Male,Bachelor,Employed,51521.25,Married,0,Suburban,22825.02,498,0,Mobile Money,No,No
4503,18,Male,Diploma,Employed,36876.53,Single,0,Urban,11412.42,442,0,Credit Card,No,No
4504,42,Male,Bachelor,Self-Employed,60801.29,Single,0,Urban,20995.57,520,17,Debit Card,Yes,No
4505,35,Male,High School,Employed,13069.48,Married,1,Urban,1000.0,363,17,Credit Card,Yes,No
4506,42,Male,Master,Self-Employed,85536.99,Single,0,Suburban,35754.77,568,16,Credit Card,No,No
4507,46,Male,Bachelor,Unemployed,14382.6,Married,3,Suburban,1110.47,426,25,Debit Card,Yes,No
4508,41,Female,Bachelor,Employed,49429.25,Married,1,Suburban,10674.95,478,20,Credit Card,No,No
4509,45,Male,Master,Self-Employed,95184.17,Married,4,Urban,41021.28,612,26,Mobile Money,Yes,No
4510,37,Male,Diploma,Self-Employed,46062.68,Single,0,Suburban,22379.14,452,11,Credit Card,No,No
4511,23,Female,High School,Unemployed,9468.25,Single,0,Urban,5311.88,367,0,Debit Card,Yes,No
4512,50,Female,Master,Employed,76366.8,Married,4,Urban,32845.15,534,28,Credit Card,Yes,No
4513,30,Female,PhD,Employed,78081.11,Single,0,Suburban,37934.36,530,10,Credit Card,Yes,No
4514,26,Female,Bachelor,Employed,54819.12,Single,0,Suburban,24150.69,429,2,Cash,No,Yes
4515,35,Male,High School,Student,12340.38,Married,0,Urban,1000.0,385,9,Debit Card,Yes,No
4516,27,Male,Bachelor,Employed,54269.37,Single,0,Urban,17054.23,480,5,Credit Card,Yes,No
4517,32,Male,High School,Employed,19573.26,Married,2,Urban,8389.55,387,14,Debit Card,Yes,No
4518,42,Male,Bachelor,Employed,51140.2,Married,1,Suburban,23383.69,482,15,Debit Card,No,No
4519,42,Male,Diploma,Self-Employed,49511.89,Married,2,Suburban,17623.75,539,15,Credit Card,Yes,No
4520,27,Female,Master,Employed,53144.98,Married,0,Urban,19750.71,501,3,Credit Card,Yes,No
4521,32,Male,Diploma,Employed,29178.71,Single,0,Suburban,14920.97,444,6,Debit Card,Yes,No
4522,50,Male,Master,Self-Employed,99788.3,Married,2,Suburban,49638.71,605,32,Cash,Yes,No
4523,43,Male,Diploma,Employed,43876.72,Married,1,Urban,21194.27,471,23,Credit Card,No,No
4524,62,Female,Diploma,Employed,51867.76,Married,5,Urban,26028.62,500,42,Debit Card,No,No
4525,52,Male,Master,Employed,76930.54,Married,3,Rural,28740.7,527,32,Credit Card,No,No
4526,51,Male,High School,Employed,33151.87,Married,2,Suburban,16377.78,444,29,Credit Card,Yes,No
4527,21,Male,Bachelor,Employed,52527.37,Single,0,Urban,15519.14,461,0,Debit Card,Yes,No
4528,47,Male,Diploma,Employed,43049.71,Married,1,Suburban,17649.51,474,27,Cash,No,No
4529,37,Male,Bachelor,Employed,66599.71,Single,0,Rural,31233.72,497,19,Debit Card,Yes,No
4530,31,Female,High School,Self-Employed,42604.31,Married,1,Urban,12013.2,441,5,Credit Card,Yes,No
4531,40,Male,Diploma,Employed,41334.48,Married,1,Suburban,16162.74,415,13,Debit Card,No,No
4532,49,Female,Bachelor,Employed,53621.22,Married,2,Urban,23259.5,487,22,Credit Card,Yes,No
4533,44,Female,Diploma,Employed,43986.59,Married,1,Urban,23613.44,463,24,Cash,Yes,No
4534,27,Female,High School,Employed,25743.66,Single,0,Suburban,7515.79,351,6,Debit Card,No,No
4535,46,Male,Bachelor,Unemployed,20487.8,Married,1,Urban,10824.0,445,23,Debit Card,Yes,No
4536,30,Male,Bachelor,Employed,49416.36,Married,1,Rural,18170.23,470,6,Credit Card,Yes,No
4537,40,Male,High School,Employed,27168.63,Married,0,Suburban,10750.53,471,17,Credit Card,Yes,No
4538,34,Female,Bachelor,Unemployed,8278.36,Single,0,Urban,6807.22,382,16,Debit Card,Yes,No
4539,35,Female,Master,Self-Employed,80481.9,Married,2,Suburban,35207.73,515,15,Cash,No,No
4540,47,Male,High School,Self-Employed,30530.18,Married,2,Suburban,8214.05,432,27,Mobile Money,No,No
4541,25,Female,Bachelor,Self-Employed,79535.32,Married,1,Urban,11154.69,532,4,Credit Card,Yes,No
4542,61,Female,Bachelor,Employed,47844.03,Married,5,Urban,22593.69,540,39,Mobile Money,Yes,No
4543,18,Female,High School,Student,9078.68,Single,0,Urban,7864.06,365,0,Debit Card,Yes,No
4544,30,Male,High School,Student,5000.0,Single,0,Urban,2656.07,361,3,Debit Card,Yes,No
4545,42,Female,Diploma,Employed,40375.17,Married,1,Suburban,19527.53,515,20,Credit Card,Yes,No
4546,45,Male,Bachelor,Unemployed,18819.32,Married,5,Urban,10549.73,423,26,Credit Card,Yes,No
4547,36,Female,High School,Employed,15191.17,Single,0,Urban,10896.13,386,9,Credit Card,Yes,No
4548,37,Male,Master,Self-Employed,72818.39,Married,5,Urban,16539.67,538,11,Debit Card,No,No
4549,42,Male,Bachelor,Employed,47362.61,Married,0,Urban,17179.52,464,16,Credit Card,Yes,No
4550,35,Female,Diploma,Employed,29574.11,Married,0,Suburban,9715.32,388,14,Debit Card,Yes,Yes
4551,54,Female,Bachelor,Employed,55672.68,Married,5,Urban,11701.57,583,34,Credit Card,No,No
4552,48,Male,PhD,Employed,91940.64,Married,3,Urban,43605.6,603,25,Debit Card,No,No
4553,48,Male,High School,Employed,21495.42,Married,3,Urban,6352.02,441,30,Credit Card,Yes,No
4554,26,Female,Diploma,Employed,40993.59,Married,0,Suburban,9976.41,438,5,Credit Card,Yes,No
4555,37,Female,Bachelor,Self-Employed,62607.37,Married,2,Suburban,20960.89,464,18,Cash,No,No
4556,34,Female,High School,Unemployed,8204.19,Married,0,Rural,2809.52,387,8,Debit Card,Yes,No
4557,25,Female,High School,Employed,24972.61,Married,1,Suburban,8360.19,392,1,Credit Card,No,No
4558,42,Male,High School,Unemployed,12901.25,Married,1,Rural,3030.17,393,16,Debit Card,Yes,No
4559,31,Female,Diploma,Employed,53079.43,Single,0,Suburban,27769.42,432,7,Credit Card,No,No
4560,45,Female,High School,Unemployed,15194.67,Married,2,Suburban,8237.35,386,26,Debit Card,No,No
4561,25,Female,Master,Employed,81147.13,Married,1,Rural,21554.18,512,6,Credit Card,No,No
4562,58,Male,PhD,Unemployed,15777.4,Married,3,Urban,8356.23,445,33,Debit Card,Yes,No
4563,27,Female,High School,Self-Employed,30594.33,Single,0,Rural,15901.83,420,1,Debit Card,No,No
4564,40,Female,Diploma,Employed,44521.89,Married,3,Urban,17930.65,452,17,Mobile Money,Yes,No
4565,47,Female,High School,Employed,42066.35,Married,4,Suburban,17625.4,456,27,Debit Card,No,No
4566,31,Female,High School,Student,11203.52,Single,0,Suburban,4332.04,407,5,Debit Card,Yes,No
4567,48,Female,Diploma,Unemployed,5000.0,Married,2,Urban,3045.6,414,24,Mobile Money,Yes,No
4568,23,Female,Diploma,Employed,36522.74,Single,0,Rural,10261.84,437,5,Debit Card,Yes,No
4569,55,Male,Master,Employed,72667.24,Married,3,Rural,24052.71,598,29,Mobile Money,Yes,No
4570,38,Male,Diploma,Self-Employed,46682.72,Single,0,Suburban,10233.71,466,19,Debit Card,No,No
4571,30,Female,Diploma,Student,5000.0,Married,0,Urban,1000.0,334,8,Mobile Money,No,No
4572,34,Female,High School,Employed,27677.96,Single,0,Suburban,7315.85,396,10,Credit Card,Yes,No
4573,47,Male,High School,Student,5884.51,Married,0,Urban,5581.92,382,20,Debit Card,No,No
4574,30,Female,Master,Employed,61320.63,Single,0,Rural,22090.57,465,10,Credit Card,Yes,No
4575,29,Male,High School,Student,13876.07,Single,0,Urban,8052.54,377,3,Debit Card,Yes,No
4576,35,Male,PhD,Self-Employed,104483.08,Married,1,Suburban,51916.08,607,15,Cash,Yes,No
4577,23,Female,High School,Employed,29419.39,Single,0,Suburban,6545.03,376,4,Credit Card,No,Yes
4578,59,Female,Bachelor,Employed,63280.42,Married,4,Urban,24973.64,535,32,Cash,Yes,No
4579,31,Male,PhD,Self-Employed,107000.01,Married,0,Suburban,24954.5,586,11,Credit Card,Yes,No
4580,47,Female,High School,Employed,37842.87,Married,5,Urban,19123.27,478,20,Credit Card,Yes,No
4581,40,Female,Diploma,Student,5000.0,Married,2,Urban,1000.0,387,17,Credit Card,Yes,No
4582,26,Female,Bachelor,Self-Employed,69463.65,Single,0,Rural,24679.27,514,8,Mobile Money,Yes,No
4583,37,Male,High School,Employed,36714.58,Single,0,Urban,15561.03,458,16,Credit Card,Yes,No
4584,47,Female,Bachelor,Student,5000.0,Married,3,Urban,3071.97,489,26,Credit Card,No,Yes
4585,35,Male,High School,Employed,28573.04,Single,0,Urban,5590.86,379,13,Debit Card,Yes,Yes
4586,52,Male,High School,Unemployed,7738.6,Single,0,Urban,5904.94,426,25,Mobile Money,Yes,No
4587,50,Female,High School,Unemployed,10677.11,Single,0,Suburban,7835.91,374,31,Credit Card,Yes,No
4588,49,Female,Master,Student,17798.41,Married,2,Urban,1000.0,448,31,Credit Card,Yes,No
4589,32,Male,High School,Employed,22710.35,Married,0,Urban,12184.61,446,6,Cash,Yes,No
4590,25,Female,High School,Employed,29519.56,Married,0,Rural,12701.89,418,6,Debit Card,Yes,No
4591,30,Female,Bachelor,Employed,67730.55,Married,1,Suburban,31933.35,559,5,Mobile Money,No,No
4592,40,Female,Diploma,Employed,48431.01,Single,0,Urban,32101.81,445,20,Debit Card,Yes,No
4593,44,Female,Diploma,Employed,46350.75,Married,4,Rural,14331.86,490,19,Credit Card,Yes,No
4594,18,Male,High School,Unemployed,7457.76,Single,0,Rural,1617.68,353,0,Credit Card,No,No
4595,37,Female,Bachelor,Employed,72030.65,Single,0,Urban,29969.11,531,17,Mobile Money,Yes,No
4596,39,Male,Bachelor,Employed,63238.51,Married,1,Rural,16404.79,514,18,Credit Card,No,No
4597,34,Female,Diploma,Employed,40299.35,Married,0,Suburban,18673.24,471,7,Mobile Money,No,No
4598,53,Male,High School,Employed,31763.29,Married,4,Rural,6423.23,430,26,Debit Card,No,No
4599,43,Male,Bachelor,Self-Employed,62329.2,Married,3,Rural,21768.01,543,17,Mobile Money,No,No
4600,53,Female,Bachelor,Employed,58146.97,Married,1,Suburban,22055.33,507,33,Debit Card,Yes,No
4601,35,Male,Diploma,Employed,44744.6,Married,4,Urban,19553.03,486,14,Credit Card,No,No
4602,49,Male,High School,Employed,35620.86,Married,3,Rural,19962.97,495,28,Credit Card,No,No
4603,57,Female,High School,Employed,28554.53,Married,2,Suburban,9781.46,443,30,Cash,Yes,No
4604,53,Female,Bachelor,Employed,43210.41,Married,2,Urban,17998.2,480,33,Credit Card,Yes,No
4605,24,Female,PhD,Unemployed,28934.31,Single,0,Urban,14056.92,378,0,Credit Card,No,No
4606,34,Male,High School,Unemployed,14654.35,Single,0,Urban,6442.03,382,7,Cash,Yes,No
4607,33,Male,Diploma,Employed,32171.57,Married,0,Rural,3568.35,453,12,Credit Card,No,No
4608,43,Male,High School,Employed,29273.34,Married,0,Rural,10383.23,468,18,Cash,No,No
4609,46,Female,Diploma,Student,18731.73,Married,0,Urban,4590.99,453,24,Cash,Yes,No
4610,27,Female,Diploma,Employed,30372.2,Single,0,Urban,14347.65,408,4,Credit Card,Yes,No
4611,38,Male,Master,Employed,67730.13,Married,5,Urban,27351.57,456,18,Credit Card,No,No
4612,18,Male,High School,Employed,41897.11,Single,0,Suburban,17168.51,419,0,Credit Card,No,Yes
4613,55,Male,Bachelor,Self-Employed,67261.72,Married,4,Rural,32074.7,584,34,Debit Card,Yes,No
4614,31,Male,Diploma,Student,5000.0,Married,0,Suburban,1000.0,404,8,Credit Card,Yes,No
4615,38,Male,Master,Employed,69943.75,Married,1,Suburban,25191.53,490,15,Mobile Money,No,No
4616,34,Female,Bachelor,Employed,61607.34,Married,1,Urban,20438.61,536,9,Cash,Yes,No
4617,51,Male,High School,Self-Employed,34371.96,Married,2,Urban,7952.04,440,24,Debit Card,Yes,No
4618,18,Female,Master,Student,18780.66,Single,0,Urban,1500.84,374,0,Debit Card,Yes,No
4619,37,Female,High School,Unemployed,10879.92,Married,0,Urban,1867.82,370,14,Credit Card,Yes,No
4620,36,Male,Bachelor,Self-Employed,68536.63,Single,0,Urban,13512.95,579,18,Debit Card,Yes,Yes
4621,32,Female,Master,Unemployed,26292.33,Single,0,Urban,7342.16,415,7,Debit Card,No,No
4622,58,Female,High School,Employed,27641.38,Single,0,Rural,6693.86,429,34,Mobile Money,Yes,No
4623,27,Male,Bachelor,Employed,47443.91,Single,0,Rural,6497.95,488,5,Mobile Money,No,Yes
4624,47,Female,Master,Employed,73795.16,Single,0,Suburban,27037.85,503,22,Credit Card,No,No
4625,42,Male,PhD,Employed,88940.77,Married,0,Suburban,19332.54,550,19,Credit Card,Yes,No
4626,53,Female,Bachelor,Self-Employed,62415.11,Married,5,Rural,23734.16,569,35,Cash,Yes,No
4627,29,Female,Diploma,Unemployed,16211.08,Single,0,Rural,2244.92,379,8,Debit Card,No,No
4628,29,Female,Bachelor,Self-Employed,76218.78,Single,0,Urban,29394.87,521,8,Mobile Money,Yes,No
4629,51,Female,Bachelor,Self-Employed,64763.37,Married,4,Urban,31069.83,501,33,Cash,Yes,No
4630,43,Female,Bachelor,Employed,55067.6,Married,0,Suburban,13711.55,554,16,Debit Card,No,No
4631,19,Female,Master,Self-Employed,74545.86,Single,0,Suburban,13058.65,447,1,Credit Card,No,No
4632,31,Female,High School,Employed,28218.44,Single,0,Rural,13318.45,400,8,Mobile Money,No,No
4633,42,Male,High School,Self-Employed,37770.32,Married,1,Urban,21725.64,451,24,Cash,No,No
4634,48,Female,Bachelor,Employed,54836.45,Married,1,Urban,18196.64,457,23,Mobile Money,No,No
4635,29,Male,PhD,Employed,87102.75,Married,1,Suburban,31843.16,537,10,Debit Card,No,No
4636,18,Male,Diploma,Employed,45806.73,Single,0,Urban,21589.36,464,0,Debit Card,Yes,No
4637,44,Female,PhD,Employed,90464.06,Married,4,Urban,36811.09,619,24,Cash,No,No
4638,23,Male,Master,Employed,90710.42,Single,0,Urban,37463.48,544,2,Credit Card,No,No
4639,18,Male,Master,Employed,71661.75,Single,0,Urban,13376.39,453,0,Credit Card,Yes,No
4640,18,Female,Master,Employed,48027.98,Single,0,Urban,4325.12,387,0,Credit Card,Yes,No
4641,47,Male,Master,Self-Employed,75103.75,Single,0,Suburban,13755.27,634,29,Credit Card,No,No
4642,39,Male,Master,Self-Employed,88256.95,Married,4,Suburban,21379.34,588,19,Credit Card,No,No
4643,35,Female,Bachelor,Student,5853.52,Married,1,Suburban,4067.58,428,9,Credit Card,No,No
4644,54,Female,High School,Self-Employed,31350.16,Married,4,Urban,9173.5,479,28,Credit Card,No,No
4645,45,Female,High School,Employed,20086.16,Married,2,Urban,9458.02,466,19,Credit Card,Yes,No
4646,57,Female,High School,Self-Employed,32186.14,Married,1,Urban,6799.52,473,36,Credit Card,Yes,No
4647,21,Female,High School,Employed,31551.42,Single,0,Rural,11680.24,367,0,Credit Card,Yes,No
4648,37,Female,High School,Employed,33086.69,Married,1,Urban,5729.04,402,11,Cash,Yes,No
4649,18,Female,Master,Self-Employed,75840.83,Single,0,Urban,39825.1,485,0,Debit Card,Yes,No
4650,35,Female,Bachelor,Employed,61443.25,Married,1,Suburban,22670.41,497,12,Debit Card,Yes,No
4651,35,Female,Diploma,Employed,30469.05,Married,0,Urban,13134.3,437,15,Debit Card,Yes,No
4652,45,Male,Bachelor,Self-Employed,69503.65,Married,2,Rural,24587.45,488,26,Debit Card,Yes,No
4653,38,Male,Diploma,Self-Employed,50696.37,Married,0,Rural,8915.62,485,13,Debit Card,No,No
4654,45,Male,High School,Self-Employed,28525.13,Single,0,Rural,8758.68,361,20,Credit Card,No,No
4655,46,Female,Master,Employed,61573.48,Married,3,Suburban,18183.42,522,25,Credit Card,No,No
4656,63,Male,Diploma,Unemployed,15058.32,Married,5,Urban,3451.14,430,39,Credit Card,Yes,No
4657,34,Female,Bachelor,Self-Employed,61520.94,Married,1,Urban,13566.83,477,7,Mobile Money,Yes,Yes
4658,26,Female,Diploma,Unemployed,10476.01,Single,0,Urban,6442.79,415,2,Credit Card,No,No
4659,40,Female,Bachelor,Self-Employed,71498.69,Married,1,Rural,20313.89,528,19,Credit Card,No,No
4660,28,Male,Master,Employed,73833.1,Single,0,Suburban,19081.07,498,6,Credit Card,No,No
4661,55,Female,High School,Employed,22672.44,Married,2,Rural,9411.52,459,29,Credit Card,Yes,No
4662,34,Male,PhD,Self-Employed,107571.37,Married,0,Suburban,55449.38,621,15,Credit Card,No,No
4663,31,Female,High School,Self-Employed,28522.28,Married,0,Urban,12765.31,449,13,Debit Card,Yes,No
4664,32,Female,Bachelor,Employed,61959.51,Married,1,Urban,14936.46,548,13,Debit Card,No,Yes
4665,46,Male,Master,Self-Employed,96292.13,Married,4,Urban,36565.75,554,26,Credit Card,No,No
4666,36,Female,Master,Employed,63239.24,Married,1,Urban,28454.0,489,13,Debit Card,Yes,No
4667,30,Male,High School,Employed,29750.66,Married,1,Suburban,5174.14,448,8,Debit Card,Yes,No
4668,57,Female,High School,Employed,37339.69,Married,3,Urban,13607.87,523,37,Debit Card,Yes,No
4669,27,Male,Bachelor,Employed,55193.69,Single,0,Suburban,22831.55,474,6,Debit Card,No,No
4670,38,Male,High School,Employed,34492.04,Married,3,Suburban,6129.53,475,15,Credit Card,Yes,No
4671,45,Male,Diploma,Self-Employed,48412.85,Single,0,Suburban,20642.56,483,24,Credit Card,No,No
4672,18,Male,Bachelor,Employed,46545.57,Married,1,Rural,16400.19,413,0,Debit Card,No,No
4673,43,Female,Bachelor,Employed,55951.4,Married,0,Suburban,23324.6,504,22,Cash,Yes,No
4674,25,Female,High School,Student,15018.27,Single,0,Suburban,6858.65,353,0,Cash,No,No
4675,47,Female,Diploma,Employed,42514.34,Married,4,Urban,15042.64,487,26,Debit Card,Yes,No
4676,26,Male,Master,Self-Employed,96989.39,Single,0,Rural,37569.01,537,8,Debit Card,No,No
4677,46,Male,Bachelor,Student,5000.0,Married,3,Urban,4841.75,354,27,Cash,Yes,No
4678,51,Female,Bachelor,Employed,58032.38,Married,5,Urban,21636.9,544,31,Cash,No,No
4679,48,Male,Diploma,Self-Employed,42815.94,Single,0,Rural,10033.95,487,29,Credit Card,No,No
4680,41,Female,High School,Student,5000.0,Single,0,Urban,1000.0,386,18,Mobile Money,No,No
4681,35,Female,Diploma,Unemployed,22675.35,Married,1,Urban,11021.55,432,12,Debit Card,Yes,No
4682,31,Male,Bachelor,Employed,52959.96,Single,0,Urban,15958.1,488,5,Debit Card,Yes,No
4683,55,Female,Diploma,Employed,37187.64,Married,1,Urban,20159.04,511,35,Debit Card,No,No
4684,29,Female,Bachelor,Employed,57748.61,Single,0,Suburban,22848.0,450,7,Credit Card,No,No
4685,25,Female,Bachelor,Unemployed,5000.0,Married,2,Urban,1000.0,327,7,Debit Card,Yes,No
4686,45,Male,Bachelor,Unemployed,27338.93,Married,2,Urban,18245.19,418,25,Mobile Money,No,No
4687,28,Male,High School,Unemployed,24235.44,Married,0,Rural,8490.34,483,6,Credit Card,Yes,No
4688,26,Male,Bachelor,Employed,62320.91,Single,0,Urban,31881.88,447,2,Credit Card,Yes,No
4689,20,Male,Bachelor,Employed,58295.92,Single,0,Urban,14417.84,488,0,Debit Card,Yes,No
4690,32,Male,High School,Employed,28267.4,Married,0,Urban,12398.86,387,13,Debit Card,No,No
4691,37,Female,High School,Employed,21398.3,Married,2,Urban,6394.98,381,11,Credit Card,Yes,No
4692,40,Female,Bachelor,Self-Employed,75552.51,Married,2,Urban,23960.31,482,20,Cash,No,No
4693,49,Female,Diploma,Employed,47330.73,Married,2,Rural,10949.33,449,24,Debit Card,No,No
4694,44,Male,High School,Employed,33600.93,Single,0,Urban,12921.82,446,24,Cash,No,No
4695,35,Female,High School,Unemployed,11669.03,Married,2,Urban,2143.04,399,12,Credit Card,No,Yes
4696,35,Male,High School,Employed,32404.74,Single,0,Suburban,11526.94,446,11,Cash,Yes,No
4697,44,Female,PhD,Student,13792.51,Married,4,Urban,2734.58,427,26,Cash,Yes,No
4698,53,Female,Bachelor,Employed,75009.35,Single,0,Urban,20191.64,574,35,Cash,Yes,No
4699,39,Female,Bachelor,Student,8715.01,Single,0,Urban,1948.77,384,16,Debit Card,Yes,Yes
4700,32,Female,Master,Employed,66586.37,Married,0,Urban,21589.14,431,11,Mobile Money,Yes,No
4701,26,Female,Bachelor,Employed,63964.85,Married,1,Urban,31211.53,476,2,Credit Card,Yes,No
4702,20,Male,Bachelor,Self-Employed,65766.35,Married,0,Suburban,19303.06,451,1,Debit Card,No,No
4703,45,Male,Diploma,Unemployed,11848.04,Married,0,Urban,10152.66,432,27,Credit Card,Yes,No
4704,44,Male,Bachelor,Employed,66316.55,Married,1,Suburban,18217.97,543,22,Credit Card,Yes,No
4705,44,Male,High School,Self-Employed,41428.92,Married,3,Rural,14576.25,449,23,Debit Card,Yes,No
4706,36,Female,Diploma,Student,13835.35,Married,3,Suburban,5525.98,425,12,Debit Card,Yes,No
4707,54,Male,High School,Employed,18658.32,Married,5,Rural,7090.32,442,29,Cash,Yes,No
4708,32,Female,High School,Unemployed,12204.32,Single,0,Urban,4622.4,360,14,Mobile Money,Yes,No
4709,49,Male,High School,Employed,21955.14,Married,1,Rural,6035.82,511,24,Mobile Money,No,No
4710,37,Male,Diploma,Employed,36360.05,Married,0,Urban,15430.77,435,11,Cash,Yes,No
4711,30,Female,Master,Employed,71405.13,Married,0,Urban,26593.46,525,6,Cash,Yes,No
4712,45,Male,Diploma,Employed,39710.32,Married,2,Urban,17523.3,508,22,Mobile Money,No,No
4713,42,Female,Master,Employed,75233.75,Married,0,Suburban,31084.83,551,16,Debit Card,Yes,No
4714,42,Female,Bachelor,Employed,61165.6,Married,3,Rural,35291.53,492,24,Debit Card,No,No
4715,38,Male,Bachelor,Employed,61765.07,Married,2,Suburban,37964.88,490,20,Credit Card,No,No
4716,37,Female,High School,Self-Employed,25246.39,Single,0,Urban,3514.13,359,19,Credit Card,No,No
4717,66,Male,Master,Self-Employed,102901.27,Married,5,Urban,45412.81,610,48,Debit Card,No,No
4718,52,Female,High School,Employed,29803.37,Married,3,Urban,17161.62,487,30,Debit Card,Yes,No
4719,46,Female,Bachelor,Employed,64703.47,Married,1,Urban,34715.77,517,22,Cash,Yes,No
4720,39,Male,Bachelor,Student,5000.0,Married,1,Urban,1000.0,403,15,Mobile Money,Yes,No
4721,50,Female,Diploma,Employed,37877.37,Married,5,Rural,18781.04,439,25,Debit Card,No,No
4722,44,Male,High School,Employed,18314.54,Single,0,Urban,9983.5,416,20,Cash,No,No
4723,38,Female,Diploma,Employed,33109.08,Single,0,Suburban,8541.53,454,17,Cash,Yes,No
4724,34,Female,Master,Self-Employed,84404.45,Married,1,Urban,34959.09,534,15,Mobile Money,Yes,No
4725,37,Female,Master,Employed,67322.0,Married,1,Rural,29098.15,561,14,Credit Card,No,No
4726,18,Female,Master,Employed,80512.14,Single,0,Suburban,40242.23,479,0,Credit Card,No,No
4727,40,Male,Diploma,Unemployed,26151.94,Married,0,Urban,18061.66,433,18,Credit Card,No,No
4728,32,Female,Diploma,Employed,32265.33,Married,1,Suburban,16747.3,434,8,Credit Card,No,No
4729,57,Male,High School,Employed,26097.88,Married,2,Urban,7921.61,438,33,Cash,No,No
4730,38,Female,Master,Student,5751.29,Married,0,Urban,1136.24,348,14,Credit Card,No,Yes
4731,23,Male,Diploma,Employed,49247.2,Single,0,Urban,11731.2,452,3,Cash,No,No
4732,37,Female,Diploma,Self-Employed,49272.35,Married,0,Rural,10604.29,496,17,Debit Card,Yes,No
4733,25,Female,Master,Employed,70258.65,Single,0,Rural,33491.94,507,6,Cash,Yes,No
4734,43,Female,Bachelor,Employed,57499.73,Married,1,Suburban,22990.56,522,18,Mobile Money,No,No
4735,41,Male,Bachelor,Employed,52510.63,Married,2,Suburban,23715.96,470,14,Debit Card,No,No
4736,49,Female,High School,Self-Employed,29148.24,Married,3,Suburban,15559.54,431,30,Mobile Money,Yes,No
4737,28,Female,Diploma,Employed,40408.44,Single,0,Rural,29224.63,429,2,Debit Card,Yes,No
4738,38,Female,Master,Employed,67863.93,Single,0,Urban,32247.1,551,12,Mobile Money,No,No
4739,21,Male,Bachelor,Student,13776.19,Single,0,Urban,7447.07,390,0,Credit Card,Yes,Yes
4740,46,Male,Diploma,Self-Employed,34944.17,Married,1,Urban,4295.94,423,23,Cash,No,No
4741,44,Male,High School,Employed,31490.87,Married,3,Urban,10106.3,466,25,Debit Card,No,No
4742,43,Male,Diploma,Employed,34486.03,Single,0,Rural,10092.56,530,19,Debit Card,Yes,No
4743,38,Male,Bachelor,Employed,56210.44,Single,0,Urban,15594.74,523,14,Mobile Money,Yes,No
4744,42,Male,High School,Employed,37240.72,Married,5,Urban,19900.0,438,15,Credit Card,Yes,No
4745,57,Male,Bachelor,Student,6550.02,Married,2,Rural,3519.85,459,35,Cash,No,No
4746,34,Male,Bachelor,Student,20573.76,Married,0,Suburban,2733.25,415,11,Credit Card,No,No
4747,39,Male,Bachelor,Employed,41073.9,Married,0,Suburban,16369.31,441,20,Credit Card,Yes,No
4748,24,Female,High School,Employed,42350.63,Married,0,Urban,13650.77,445,3,Cash,Yes,No
4749,27,Female,Bachelor,Student,20907.95,Married,1,Suburban,3736.09,435,3,Credit Card,No,Yes
4750,39,Male,Bachelor,Self-Employed,58907.28,Single,0,Urban,13802.62,474,16,Credit Card,Yes,No
4751,51,Female,Diploma,Employed,32974.2,Married,2,Suburban,13366.74,479,27,Debit Card,Yes,No
4752,34,Female,PhD,Employed,78040.35,Married,2,Urban,32500.42,499,8,Cash,No,No
4753,35,Female,High School,Employed,37371.03,Single,0,Urban,24571.56,410,9,Credit Card,No,No
4754,33,Male,Bachelor,Student,8356.71,Married,0,Urban,1267.9,360,14,Mobile Money,Yes,No
4755,31,Male,Diploma,Employed,36769.84,Married,1,Suburban,12891.92,409,11,Credit Card,No,No
4756,41,Female,Bachelor,Unemployed,7517.48,Married,2,Rural,1000.0,399,21,Credit Card,No,No
4757,20,Male,Bachelor,Employed,69495.79,Single,0,Urban,32366.19,455,0,Cash,Yes,No
4758,53,Male,High School,Student,5000.0,Married,2,Urban,3854.14,465,28,Cash,Yes,No
4759,30,Male,Bachelor,Employed,55193.33,Single,0,Rural,28285.09,446,11,Credit Card,No,No
4760,46,Male,Bachelor,Employed,56727.76,Married,2,Urban,16818.98,511,19,Credit Card,Yes,No
4761,22,Female,Bachelor,Employed,51810.63,Single,0,Urban,14776.85,490,0,Debit Card,Yes,No
4762,46,Male,High School,Employed,25192.87,Single,0,Urban,8239.44,433,26,Cash,Yes,No
4763,46,Female,Diploma,Employed,37045.91,Married,3,Urban,11278.17,476,26,Debit Card,Yes,No
4764,42,Female,Bachelor,Self-Employed,70522.67,Married,2,Urban,25423.39,579,23,Debit Card,Yes,No
4765,26,Female,High School,Employed,27223.54,Married,1,Urban,11954.7,417,0,Credit Card,Yes,Yes
4766,40,Male,Bachelor,Employed,68004.37,Married,1,Rural,28264.41,477,18,Mobile Money,No,No
4767,23,Male,High School,Employed,23783.69,Single,0,Urban,14208.94,412,0,Cash,Yes,No
4768,34,Male,Diploma,Employed,46032.85,Single,0,Urban,17165.62,516,14,Debit Card,Yes,No
4769,50,Male,Master,Employed,55948.81,Married,2,Suburban,20713.32,492,26,Debit Card,Yes,No
4770,47,Female,Bachelor,Employed,48784.6,Married,3,Suburban,17304.35,532,25,Debit Card,No,No
4771,38,Male,Bachelor,Employed,48469.66,Married,1,Rural,21014.22,491,15,Credit Card,No,No
4772,26,Female,Master,Employed,61168.69,Single,0,Rural,20462.19,470,7,Debit Card,No,No
4773,45,Female,Bachelor,Employed,57267.78,Married,3,Suburban,14283.74,516,25,Credit Card,No,No
4774,38,Female,Bachelor,Employed,54118.5,Married,3,Suburban,16514.24,437,16,Mobile Money,No,No
4775,18,Female,PhD,Employed,71769.38,Single,0,Urban,19645.49,455,0,Debit Card,Yes,No
4776,47,Male,Bachelor,Self-Employed,81964.28,Single,0,Urban,44440.34,561,25,Credit Card,No,No
4777,37,Male,Bachelor,Employed,56408.13,Single,0,Urban,15614.38,489,13,Credit Card,No,No
4778,52,Male,Diploma,Employed,40009.42,Married,0,Suburban,16603.2,488,30,Mobile Money,Yes,No
4779,24,Male,Master,Self-Employed,94480.95,Single,0,Urban,28009.62,556,5,Credit Card,Yes,Yes
4780,18,Female,Diploma,Employed,47910.89,Married,2,Urban,14945.94,461,0,Debit Card,Yes,No
4781,41,Male,High School,Employed,27614.61,Married,0,Urban,8661.72,424,17,Mobile Money,Yes,No
4782,41,Male,High School,Employed,14379.9,Married,3,Suburban,4734.89,378,18,Debit Card,No,No
4783,18,Female,High School,Self-Employed,40515.09,Single,0,Urban,19291.99,421,0,Credit Card,Yes,No
4784,26,Male,Diploma,Self-Employed,40297.23,Single,0,Suburban,15075.26,403,4,Credit Card,No,No
4785,70,Female,Master,Unemployed,30914.12,Married,1,Rural,14008.68,487,43,Debit Card,No,No
4786,34,Male,Bachelor,Unemployed,10290.69,Married,0,Urban,5862.68,430,7,Cash,Yes,No
4787,46,Male,High School,Self-Employed,32385.06,Married,1,Suburban,3860.86,418,26,Debit Card,No,No
4788,30,Female,Bachelor,Unemployed,5754.55,Married,1,Urban,1785.25,374,9,Debit Card,No,No
4789,18,Female,Bachelor,Employed,44901.64,Single,0,Suburban,24271.86,445,0,Debit Card,No,No
4790,35,Male,Bachelor,Employed,54127.4,Married,3,Urban,19061.65,448,13,Credit Card,No,No
4791,34,Male,Diploma,Student,6381.92,Single,0,Rural,3838.96,393,8,Credit Card,No,No
4792,33,Male,Master,Student,10192.94,Married,0,Rural,1000.0,437,14,Cash,Yes,No
4793,36,Male,Diploma,Employed,56424.09,Single,0,Urban,23905.79,477,14,Credit Card,Yes,No
4794,41,Male,High School,Employed,34829.17,Single,0,Urban,12260.86,474,23,Cash,Yes,No
4795,36,Female,Diploma,Unemployed,12081.95,Married,0,Suburban,6776.52,424,15,Debit Card,No,No
4796,22,Male,Bachelor,Employed,32941.39,Single,0,Suburban,16769.6,438,0,Mobile Money,No,No
4797,43,Male,Bachelor,Employed,61606.15,Married,2,Rural,20908.14,547,19,Debit Card,No,No
4798,18,Female,High School,Self-Employed,59956.29,Single,0,Rural,24767.86,451,0,Credit Card,Yes,No
4799,18,Male,High School,Employed,28496.4,Single,0,Rural,8197.11,461,0,Cash,Yes,Yes
4800,46,Male,Bachelor,Employed,48515.9,Married,3,Suburban,23396.3,502,25,Credit Card,Yes,No
4801,44,Female,Bachelor,Unemployed,17806.6,Married,2,Urban,1608.23,426,18,Mobile Money,Yes,No
4802,37,Male,Diploma,Employed,28548.73,Single,0,Rural,10706.23,425,14,Credit Card,Yes,Yes
4803,21,Female,Master,Student,17696.48,Single,0,Urban,3822.84,398,0,Debit Card,No,Yes
4804,29,Male,PhD,Student,30001.75,Single,0,Urban,14087.52,425,7,Credit Card,No,No
4805,34,Male,High School,Unemployed,5000.0,Married,1,Urban,1000.0,369,10,Mobile Money,No,No
4806,18,Male,Bachelor,Student,5890.87,Married,0,Urban,4390.78,337,0,Debit Card,Yes,Yes
4807,29,Male,High School,Employed,29362.43,Married,0,Urban,14589.73,352,10,Credit Card,Yes,No
4808,45,Male,Bachelor,Employed,50990.25,Married,2,Suburban,11988.9,483,20,Cash,Yes,No
4809,55,Male,Diploma,Unemployed,5000.0,Married,3,Suburban,1000.0,449,36,Cash,No,No
4810,32,Female,High School,Employed,26918.1,Single,0,Urban,8868.27,443,7,Debit Card,Yes,No
4811,47,Female,Bachelor,Employed,50303.93,Married,2,Rural,16080.8,484,20,Mobile Money,No,No
4812,18,Male,Master,Self-Employed,94932.44,Single,0,Suburban,24851.52,545,0,Mobile Money,Yes,No
4813,45,Female,High School,Self-Employed,45243.0,Single,0,Urban,7839.12,446,24,Mobile Money,No,No
4814,28,Female,High School,Self-Employed,47178.5,Married,0,Urban,22177.13,446,4,Debit Card,No,No
4815,41,Female,Diploma,Self-Employed,54413.8,Married,1,Suburban,30587.09,474,15,Cash,Yes,No
4816,35,Male,Bachelor,Self-Employed,67646.26,Married,1,Suburban,26543.25,481,11,Cash,No,No
4817,53,Female,Bachelor,Self-Employed,59004.74,Married,5,Urban,20471.21,583,28,Credit Card,No,No
4818,27,Male,Bachelor,Employed,65608.93,Single,0,Urban,31981.95,517,7,Credit Card,Yes,No
4819,45,Male,Bachelor,Employed,57782.32,Married,2,Urban,17805.91,490,26,Mobile Money,No,No
4820,34,Female,Bachelor,Self-Employed,56015.76,Single,0,Rural,21303.28,481,13,Debit Card,No,No
4821,36,Female,Bachelor,Employed,47689.05,Married,0,Urban,11796.85,384,14,Credit Card,Yes,No
4822,35,Female,Bachelor,Student,5000.0,Single,0,Urban,6757.11,415,16,Credit Card,Yes,No
4823,27,Female,Bachelor,Unemployed,5000.0,Single,0,Suburban,1000.0,371,4,Cash,No,No
4824,37,Male,Master,Self-Employed,87108.18,Married,4,Urban,24563.67,552,18,Mobile Money,No,No
4825,37,Female,High School,Student,5000.0,Single,0,Suburban,1000.0,421,13,Credit Card,No,No
4826,40,Male,Diploma,Self-Employed,41952.44,Married,0,Suburban,9991.21,492,16,Cash,No,No
4827,39,Male,High School,Employed,30310.72,Single,0,Urban,10122.26,480,17,Credit Card,Yes,No
4828,47,Female,Master,Employed,68496.86,Married,2,Urban,24780.69,479,22,Credit Card,Yes,Yes
4829,49,Male,Diploma,Employed,34292.47,Married,2,Urban,11301.11,480,30,Mobile Money,No,No
4830,25,Female,Diploma,Employed,52151.43,Single,0,Rural,24449.98,455,0,Credit Card,No,No
4831,48,Male,PhD,Employed,77786.76,Married,2,Suburban,30762.36,524,22,Mobile Money,No,No
4832,23,Female,Master,Self-Employed,72133.07,Single,0,Rural,23874.76,518,1,Debit Card,Yes,Yes
4833,45,Male,PhD,Employed,93662.75,Married,0,Rural,35367.31,580,23,Credit Card,Yes,No
4834,45,Male,High School,Employed,24990.94,Married,0,Suburban,2015.99,469,24,Credit Card,No,No
4835,18,Female,Master,Employed,64678.02,Single,0,Suburban,22399.18,474,0,Credit Card,No,No
4836,39,Male,Diploma,Employed,31367.71,Married,0,Rural,15133.09,431,12,Credit Card,Yes,No
4837,32,Female,High School,Employed,32705.61,Single,0,Suburban,8648.23,404,10,Debit Card,No,No
4838,28,Female,Diploma,Employed,41805.05,Single,0,Urban,9430.87,441,6,Credit Card,Yes,No
4839,54,Female,Bachelor,Self-Employed,66952.98,Married,3,Urban,22855.57,533,32,Debit Card,No,No
4840,30,Female,High School,Employed,25336.34,Married,1,Urban,11724.69,337,9,Debit Card,Yes,No
4841,28,Male,Bachelor,Employed,48991.76,Single,0,Urban,19160.07,425,7,Mobile Money,No,No
4842,38,Female,Master,Employed,68695.25,Married,0,Urban,21242.33,482,14,Cash,Yes,No
4843,46,Male,Diploma,Self-Employed,55732.32,Married,3,Urban,24494.02,515,25,Debit Card,Yes,No
4844,36,Male,Diploma,Unemployed,24545.28,Married,0,Suburban,5351.61,400,14,Credit Card,No,No
4845,51,Male,Diploma,Student,16890.84,Married,4,Rural,8171.53,433,26,Credit Card,No,No
4846,44,Female,Master,Self-Employed,88045.9,Married,5,Urban,33011.04,559,21,Credit Card,Yes,No
4847,18,Female,High School,Employed,37857.41,Single,0,Urban,10452.15,404,0,Mobile Money,Yes,Yes
4848,31,Female,Diploma,Employed,30544.51,Single,0,Rural,11921.59,379,10,Credit Card,No,Yes
4849,31,Female,Diploma,Employed,34289.84,Single,0,Suburban,14439.06,409,6,Credit Card,Yes,No
4850,43,Female,Master,Self-Employed,88195.19,Married,2,Suburban,27808.18,591,20,Cash,Yes,No
4851,18,Female,High School,Employed,29054.71,Single,0,Suburban,3370.18,429,0,Debit Card,Yes,No
4852,68,Male,Diploma,Self-Employed,50700.05,Married,2,Suburban,13525.67,527,47,Credit Card,No,No
4853,44,Female,Diploma,Employed,47835.72,Married,1,Rural,14408.07,452,24,Credit Card,No,No
4854,39,Female,Master,Employed,76592.23,Married,1,Rural,20214.33,505,18,Credit Card,No,No
4855,52,Male,High School,Employed,21272.29,Married,2,Suburban,9513.15,458,32,Credit Card,Yes,No
4856,66,Female,Bachelor,Self-Employed,66094.75,Married,5,Urban,26846.88,588,48,Credit Card,Yes,No
4857,48,Male,High School,Employed,22633.42,Married,1,Urban,8829.8,416,29,Credit Card,No,No
4858,49,Female,PhD,Self-Employed,101781.46,Married,1,Suburban,17335.75,634,28,Cash,No,No
4859,39,Female,Bachelor,Employed,41313.05,Married,1,Urban,17868.45,452,16,Credit Card,Yes,No
4860,36,Female,Bachelor,Employed,56068.8,Single,0,Rural,11500.19,467,13,Debit Card,Yes,No
4861,32,Female,Diploma,Employed,25721.8,Single,0,Urban,9543.6,372,6,Debit Card,Yes,No
4862,28,Female,Diploma,Employed,43153.07,Married,0,Rural,19378.73,432,8,Mobile Money,Yes,No
4863,29,Female,High School,Employed,40867.58,Single,0,Suburban,7125.64,434,11,Mobile Money,Yes,No
4864,21,Male,Bachelor,Employed,59242.69,Single,0,Urban,26409.04,446,0,Credit Card,Yes,No
4865,37,Male,PhD,Employed,90415.11,Married,1,Urban,22611.24,598,19,Cash,Yes,No
4866,18,Female,Diploma,Unemployed,24275.59,Single,0,Urban,12869.45,384,0,Credit Card,Yes,Yes
4867,40,Female,Master,Employed,72619.57,Married,1,Urban,28486.62,508,15,Debit Card,Yes,No
4868,37,Female,High School,Employed,23098.05,Married,2,Suburban,11373.55,433,19,Credit Card,Yes,No
4869,39,Male,Master,Self-Employed,85000.85,Married,1,Rural,27268.58,581,21,Mobile Money,Yes,No
4870,31,Female,Diploma,Self-Employed,63677.53,Married,0,Suburban,23002.08,486,6,Debit Card,No,No
4871,70,Female,Diploma,Employed,31258.89,Married,4,Rural,11710.79,501,51,Credit Card,No,No
4872,54,Male,Diploma,Self-Employed,36959.01,Married,5,Rural,1842.61,462,35,Debit Card,Yes,No
4873,23,Female,Bachelor,Self-Employed,70919.27,Single,0,Urban,15056.99,526,5,Credit Card,No,No
4874,40,Female,Bachelor,Employed,53207.57,Single,0,Suburban,13826.57,486,20,Debit Card,No,No
4875,30,Female,Diploma,Employed,35743.98,Married,0,Urban,14608.46,402,7,Cash,Yes,No
4876,25,Female,Bachelor,Employed,44926.56,Single,0,Urban,6333.67,439,4,Cash,Yes,Yes
4877,21,Male,High School,Employed,14399.1,Single,0,Urban,5100.49,390,0,Credit Card,Yes,Yes
4878,43,Female,Diploma,Student,5000.0,Single,0,Urban,1000.0,449,24,Credit Card,Yes,No
4879,29,Female,Diploma,Employed,52919.4,Single,0,Suburban,19192.51,409,7,Debit Card,No,Yes
4880,49,Female,Bachelor,Employed,54929.01,Married,3,Urban,18959.84,499,22,Credit Card,No,No
4881,49,Female,Bachelor,Student,5000.0,Married,4,Urban,1363.48,400,30,Mobile Money,No,No
4882,54,Female,Bachelor,Self-Employed,75472.69,Married,2,Rural,21942.26,498,34,Credit Card,Yes,No
4883,27,Male,Bachelor,Employed,64878.67,Married,0,Urban,18424.59,497,8,Credit Card,Yes,No
4884,43,Male,High School,Self-Employed,45833.87,Married,0,Suburban,18149.69,474,19,Mobile Money,Yes,No
4885,45,Male,Bachelor,Self-Employed,62619.75,Married,1,Rural,30754.91,494,22,Credit Card,Yes,No
4886,32,Female,High School,Self-Employed,33849.52,Married,0,Suburban,8060.4,420,12,Credit Card,No,Yes
4887,28,Female,Bachelor,Employed,56101.02,Married,0,Suburban,19174.65,491,5,Mobile Money,No,No
4888,57,Male,High School,Employed,41208.37,Single,0,Urban,23358.06,402,37,Mobile Money,No,No
4889,40,Male,Bachelor,Employed,50560.79,Married,1,Suburban,11532.63,521,16,Mobile Money,Yes,Yes
4890,45,Male,Bachelor,Employed,48964.69,Married,2,Urban,17383.3,475,24,Credit Card,Yes,No
4891,28,Female,Diploma,Employed,45565.41,Single,0,Suburban,13072.48,388,4,Credit Card,No,Yes
4892,23,Female,Bachelor,Self-Employed,75674.04,Single,0,Rural,22450.38,495,0,Credit Card,No,No
4893,31,Female,High School,Employed,29577.67,Married,2,Urban,7671.64,449,10,Mobile Money,Yes,No
4894,36,Female,High School,Employed,35363.52,Single,0,Suburban,10725.19,441,10,Credit Card,No,No
4895,25,Female,Bachelor,Self-Employed,66899.57,Married,0,Rural,27544.82,495,3,Credit Card,No,No
4896,37,Male,Master,Employed,67990.04,Married,1,Suburban,18637.21,536,10,Credit Card,Yes,No
4897,18,Female,Diploma,Unemployed,5365.77,Single,0,Urban,1000.0,380,0,Debit Card,Yes,No
4898,24,Female,Diploma,Self-Employed,38769.12,Single,0,Rural,14236.96,475,0,Debit Card,Yes,Yes
4899,46,Female,Bachelor,Student,6081.87,Married,0,Rural,1000.0,421,22,Debit Card,Yes,No
4900,45,Female,Bachelor,Employed,47191.53,Single,0,Urban,23908.26,444,18,Mobile Money,No,No
4901,33,Female,Diploma,Self-Employed,50267.86,Married,0,Urban,21699.71,506,12,Mobile Money,Yes,No
4902,25,Female,Master,Unemployed,30740.37,Single,0,Rural,18455.09,470,0,Debit Card,No,Yes
4903,25,Female,Bachelor,Unemployed,18132.07,Married,0,Urban,3839.25,366,3,Debit Card,Yes,Yes
4904,33,Female,High School,Self-Employed,28634.37,Married,1,Rural,13257.79,421,15,Credit Card,No,No
4905,45,Female,High School,Employed,36843.02,Married,3,Urban,10180.5,444,24,Debit Card,Yes,No
4906,49,Male,Diploma,Employed,42375.05,Married,2,Urban,13073.07,503,22,Credit Card,No,No
4907,32,Male,Bachelor,Unemployed,20458.61,Single,0,Urban,9935.43,361,11,Debit Card,Yes,No
4908,24,Female,High School,Self-Employed,31845.06,Single,0,Urban,8638.62,378,2,Debit Card,No,No
4909,41,Male,PhD,Unemployed,36067.01,Married,0,Urban,5960.79,448,19,Debit Card,Yes,No
4910,28,Male,Diploma,Employed,49026.13,Married,0,Urban,10488.12,469,7,Cash,Yes,No
4911,31,Male,Bachelor,Employed,53527.46,Single,0,Urban,13351.05,466,6,Debit Card,Yes,No
4912,53,Female,High School,Employed,35747.61,Married,4,Urban,1000.0,475,30,Cash,Yes,No
4913,47,Female,Master,Unemployed,29811.91,Married,0,Urban,16440.22,472,27,Credit Card,No,Yes
4914,39,Male,Bachelor,Unemployed,12777.02,Single,0,Urban,3983.41,435,13,Debit Card,Yes,Yes
4915,22,Male,High School,Employed,29350.09,Single,0,Rural,8728.73,408,0,Debit Card,No,No
4916,40,Female,Master,Self-Employed,84638.33,Married,2,Urban,20080.0,594,19,Mobile Money,No,No
4917,50,Male,Diploma,Employed,31217.44,Married,1,Suburban,12479.71,396,32,Debit Card,Yes,No
4918,33,Male,Bachelor,Employed,58533.3,Single,0,Urban,12276.98,470,12,Debit Card,Yes,No
4919,54,Female,Master,Employed,78180.18,Married,5,Urban,23205.09,494,27,Credit Card,No,No
4920,53,Female,Bachelor,Self-Employed,64848.91,Married,3,Urban,17946.52,544,29,Credit Card,No,No
4921,57,Male,Master,Unemployed,23718.8,Single,0,Urban,10331.35,475,36,Mobile Money,No,No
4922,41,Female,Master,Employed,81188.65,Single,0,Suburban,39117.17,520,15,Debit Card,Yes,No
4923,45,Male,PhD,Employed,86758.79,Single,0,Rural,32320.66,546,22,Debit Card,No,No
4924,54,Female,High School,Self-Employed,38882.12,Married,2,Suburban,17967.7,438,34,Credit Card,Yes,No
4925,43,Male,Diploma,Employed,35441.5,Single,0,Urban,14764.99,480,25,Cash,No,No
4926,31,Male,Bachelor,Student,6223.15,Married,1,Urban,6164.95,328,6,Cash,Yes,No
4927,32,Female,Bachelor,Unemployed,19235.15,Married,1,Rural,9808.83,451,12,Mobile Money,Yes,No
4928,40,Female,Bachelor,Employed,56930.96,Married,1,Urban,25087.42,474,14,Mobile Money,Yes,No
4929,22,Male,High School,Employed,34440.56,Single,0,Suburban,12810.31,414,0,Credit Card,No,No
4930,36,Male,Master,Employed,70609.27,Single,0,Urban,14059.3,550,10,Cash,Yes,No
4931,51,Female,PhD,Employed,93721.14,Married,1,Urban,38569.95,586,30,Cash,Yes,No
4932,18,Female,Diploma,Self-Employed,61324.15,Single,0,Urban,24391.11,455,0,Mobile Money,Yes,No
4933,56,Male,High School,Employed,38479.28,Married,4,Rural,9845.88,516,38,Credit Card,No,No
4934,51,Female,High School,Unemployed,11707.05,Married,5,Suburban,3284.04,394,30,Credit Card,Yes,No
4935,32,Male,High School,Employed,34039.26,Single,0,Urban,12004.64,417,11,Debit Card,Yes,No
4936,44,Female,Bachelor,Student,8608.78,Married,4,Urban,8116.22,417,26,Debit Card,Yes,No
4937,38,Male,Master,Employed,68726.49,Single,0,Urban,29897.29,509,17,Mobile Money,No,No
4938,52,Male,High School,Unemployed,12939.69,Married,2,Urban,9859.22,383,33,Debit Card,No,No
4939,49,Male,Bachelor,Self-Employed,66701.2,Married,2,Urban,21897.06,499,30,Cash,Yes,No
4940,21,Male,Bachelor,Employed,61344.15,Single,0,Rural,21179.91,520,1,Credit Card,No,No
4941,45,Male,Diploma,Employed,50136.58,Married,1,Suburban,15400.14,491,27,Mobile Money,No,No
4942,35,Male,Bachelor,Unemployed,15685.87,Single,0,Rural,7024.93,407,9,Debit Card,Yes,No
4943,38,Male,Bachelor,Employed,38926.27,Married,2,Suburban,13393.74,470,16,Mobile Money,No,No
4944,29,Male,Master,Employed,86273.51,Married,1,Suburban,24807.48,573,11,Mobile Money,No,No
4945,58,Female,Diploma,Student,5000.0,Married,3,Suburban,1000.0,389,39,Debit Card,No,No
4946,50,Male,Bachelor,Employed,56561.29,Married,1,Urban,20215.67,510,29,Debit Card,No,No
4947,29,Female,Diploma,Employed,45819.94,Married,1,Urban,10047.21,437,2,Credit Card,Yes,No
4948,21,Male,High School,Self-Employed,47271.79,Single,0,Suburban,17935.07,450,3,Debit Card,No,No
4949,33,Male,High School,Self-Employed,50448.27,Single,0,Urban,21838.16,432,12,Debit Card,No,No
4950,43,Female,Diploma,Employed,37089.01,Married,3,Urban,14158.53,483,23,Credit Card,No,No
4951,40,Female,High School,Employed,39517.52,Single,0,Urban,19988.62,453,22,Mobile Money,Yes,No
4952,53,Male,Diploma,Self-Employed,49583.84,Married,4,Rural,9430.92,507,30,Credit Card,Yes,No
4953,47,Male,Bachelor,Employed,76945.63,Married,1,Rural,24132.76,564,21,Debit Card,Yes,Yes
4954,49,Female,Bachelor,Self-Employed,74803.56,Married,1,Suburban,29143.09,523,23,Mobile Money,Yes,No
4955,41,Female,High School,Employed,28580.21,Married,2,Rural,9877.16,478,18,Credit Card,Yes,No
4956,21,Female,Diploma,Unemployed,5655.42,Single,0,Rural,1000.0,416,0,Debit Card,Yes,No
4957,35,Male,Bachelor,Employed,33987.28,Married,0,Urban,16003.45,470,9,Cash,Yes,No
4958,50,Male,Diploma,Student,13397.41,Married,2,Urban,1000.0,482,25,Debit Card,No,No
4959,37,Female,Diploma,Employed,48067.59,Married,1,Suburban,26792.54,471,16,Credit Card,No,No
4960,44,Female,Bachelor,Employed,60963.68,Single,0,Urban,18460.69,526,19,Debit Card,No,No
4961,34,Female,High School,Employed,11172.68,Married,1,Urban,1368.26,373,7,Debit Card,Yes,Yes
4962,25,Female,Diploma,Employed,29935.91,Married,0,Suburban,6087.74,428,7,Credit Card,Yes,No
4963,36,Female,High School,Employed,33846.59,Single,0,Urban,20143.79,475,9,Debit Card,Yes,No
4964,41,Female,High School,Self-Employed,50284.19,Single,0,Rural,24243.66,444,22,Credit Card,Yes,No
4965,30,Male,PhD,Unemployed,26555.57,Married,0,Urban,3663.95,391,3,Mobile Money,No,No
4966,35,Female,Diploma,Employed,48732.15,Married,3,Urban,15982.77,474,11,Mobile Money,Yes,No
4967,26,Male,Bachelor,Employed,46724.75,Single,0,Urban,21649.79,491,0,Debit Card,Yes,No
4968,51,Male,Bachelor,Unemployed,18157.02,Married,4,Suburban,1000.0,444,27,Mobile Money,Yes,No
4969,34,Male,High School,Employed,27802.72,Married,0,Urban,10624.48,380,7,Debit Card,Yes,No
4970,55,Male,High School,Employed,39500.72,Married,2,Urban,18626.29,469,31,Debit Card,Yes,No
4971,56,Male,Master,Employed,65681.31,Married,0,Suburban,12866.96,517,37,Credit Card,No,No
4972,37,Female,Master,Employed,83416.1,Single,0,Urban,31210.67,546,14,Credit Card,Yes,No
4973,25,Male,Diploma,Employed,37538.3,Married,0,Rural,4138.77,419,0,Credit Card,Yes,No
4974,18,Female,Diploma,Self-Employed,39441.1,Single,0,Suburban,5430.55,376,0,Mobile Money,No,Yes
4975,20,Male,Bachelor,Employed,46709.54,Single,0,Rural,13359.48,432,2,Debit Card,Yes,No
4976,21,Male,Diploma,Self-Employed,43020.58,Single,0,Urban,9521.98,431,0,Mobile Money,Yes,No
4977,54,Female,High School,Employed,32964.54,Married,3,Urban,9395.02,467,34,Cash,No,No
4978,39,Female,Diploma,Employed,35120.16,Married,2,Suburban,16136.24,486,16,Credit Card,Yes,No
4979,42,Male,Diploma,Employed,33436.18,Single,0,Suburban,10023.2,449,20,Credit Card,No,No
4980,18,Female,High School,Student,13118.46,Single,0,Urban,1000.0,395,0,Debit Card,Yes,No
4981,23,Male,Diploma,Employed,14310.25,Single,0,Suburban,2265.32,425,0,Debit Card,Yes,No
4982,48,Female,Bachelor,Employed,51560.95,Married,3,Urban,13234.44,488,23,Credit Card,No,No
4983,41,Male,Bachelor,Employed,44326.09,Married,5,Rural,20444.61,468,21,Debit Card,Yes,No
4984,36,Male,High School,Employed,23051.56,Single,0,Suburban,6587.78,422,18,Debit Card,No,No
4985,44,Female,Diploma,Employed,41950.0,Married,1,Urban,12509.37,527,20,Cash,Yes,No
4986,57,Female,Bachelor,Employed,53358.14,Married,5,Urban,7353.55,492,31,Debit Card,No,No
4987,35,Male,High School,Employed,27635.47,Single,0,Rural,7792.18,383,17,Credit Card,Yes,No
4988,38,Female,High School,Student,15516.07,Married,4,Rural,4730.54,423,18,Cash,No,No
4989,40,Male,Diploma,Employed,39891.05,Married,1,Urban,17533.18,484,19,Credit Card,Yes,No
4990,66,Female,High School,Self-Employed,50448.45,Married,4,Urban,22699.17,504,43,Credit Card,Yes,No
4991,18,Male,Master,Employed,75697.53,Single,0,Urban,26351.85,462,0,Debit Card,Yes,No
4992,46,Female,Bachelor,Employed,47266.32,Married,2,Suburban,16450.7,464,21,Credit Card,No,No
4993,36,Female,Diploma,Student,23472.74,Married,1,Suburban,10709.77,446,13,Debit Card,No,No
4994,44,Male,Bachelor,Unemployed,18724.84,Married,2,Rural,9873.65,485,17,Credit Card,No,No
4995,30,Female,Diploma,Self-Employed,62973.98,Married,0,Suburban,24679.23,552,10,Credit Card,Yes,No
4996,37,Female,High School,Self-Employed,33871.24,Single,0,Urban,10893.77,445,17,Credit Card,Yes,No
4997,46,Female,High School,Student,8177.85,Married,2,Urban,4477.35,350,27,Debit Card,Yes,No
4998,70,Male,Bachelor,Employed,58456.91,Single,0,Suburban,26683.72,526,44,Credit Card,Yes,Yes
4999,47,Female,High School,Employed,28655.09,Single,0,Urban,15616.25,444,21,Credit Card,Yes,No
5000,27,Female,Diploma,Employed,50175.36,Single,0,Rural,14921.73,458,8,Mobile Money,No,No
5001,32,Female,High School,Self-Employed,51460.66,Married,0,Urban,14639.12,488,5,Debit Card,Yes,Yes
5002,32,Female,High School,Self-Employed,17652.59,Married,3,Urban,7382.27,427,7,Credit Card,No,No
5003,18,Male,Bachelor,Self-Employed,72518.55,Single,0,Urban,36410.79,515,0,Credit Card,Yes,No
5004,34,Female,Master,Employed,62843.97,Married,0,Urban,25865.02,449,11,Debit Card,Yes,No
5005,46,Female,Bachelor,Student,5000.0,Married,1,Urban,2929.14,357,24,Credit Card,No,No
5006,22,Male,Bachelor,Employed,59136.15,Single,0,Urban,27979.11,466,2,Cash,Yes,No
5007,50,Female,Master,Self-Employed,88154.19,Married,2,Urban,15686.74,568,28,Mobile Money,No,No
5008,43,Female,High School,Employed,35441.02,Single,0,Urban,18829.54,425,19,Credit Card,Yes,No
5009,29,Female,High School,Student,8968.22,Married,1,Urban,4626.83,351,8,Debit Card,Yes,No
5010,36,Male,Diploma,Employed,47000.2,Single,0,Urban,4851.86,487,14,Credit Card,No,No
5011,57,Female,Diploma,Employed,35175.61,Married,1,Urban,8639.26,491,30,Cash,No,No
5012,46,Male,Diploma,Student,10106.68,Married,1,Rural,6825.48,443,24,Mobile Money,Yes,No
5013,38,Female,High School,Student,11585.33,Married,2,Suburban,1000.0,404,19,Cash,Yes,No
5014,35,Female,High School,Employed,40823.65,Single,0,Rural,10467.87,410,16,Debit Card,No,No
5015,38,Female,Bachelor,Student,11350.76,Married,2,Rural,1000.0,377,20,Mobile Money,Yes,No
5016,31,Male,Master,Self-Employed,82289.64,Married,0,Urban,35329.81,507,13,Credit Card,Yes,No
5017,18,Female,Diploma,Employed,39558.09,Single,0,Suburban,10469.28,423,0,Credit Card,No,No
5018,62,Female,High School,Employed,20451.26,Married,4,Urban,12198.65,431,38,Credit Card,No,No
5019,39,Male,Bachelor,Employed,61156.99,Single,0,Rural,28335.55,523,17,Credit Card,No,No
5020,42,Female,Diploma,Employed,28341.46,Married,2,Urban,16562.82,385,20,Credit Card,No,No
5021,37,Female,High School,Self-Employed,39127.71,Single,0,Urban,14165.81,393,19,Mobile Money,Yes,No
5022,29,Female,Diploma,Employed,40676.59,Single,0,Rural,9656.31,439,4,Debit Card,No,No
5023,35,Male,Bachelor,Unemployed,5000.0,Single,0,Rural,2335.98,356,17,Credit Card,Yes,No
5024,18,Male,Master,Unemployed,9048.43,Single,0,Urban,2412.78,341,0,Cash,Yes,No
5025,65,Female,Bachelor,Self-Employed,59170.47,Single,0,Urban,25456.65,583,43,Debit Card,Yes,No
5026,23,Male,Diploma,Student,5248.46,Single,0,Rural,2710.51,313,0,Credit Card,No,Yes
5027,25,Male,Diploma,Unemployed,23843.83,Single,0,Urban,2302.69,430,6,Mobile Money,Yes,Yes
5028,32,Female,High School,Employed,29114.12,Single,0,Rural,8113.7,430,9,Credit Card,Yes,No
5029,53,Male,Master,Self-Employed,88371.9,Married,3,Rural,21361.11,565,32,Credit Card,Yes,No
5030,38,Female,Bachelor,Student,21132.84,Married,2,Urban,12446.72,404,15,Credit Card,Yes,No
5031,23,Female,High School,Employed,38585.34,Married,0,Urban,14901.23,439,4,Credit Card,Yes,No
5032,53,Female,Bachelor,Student,10943.52,Single,0,Urban,2345.19,444,29,Debit Card,No,No
5033,46,Female,Diploma,Employed,34355.8,Married,0,Urban,6869.65,440,28,Debit Card,No,No
5034,44,Male,PhD,Employed,93990.84,Married,2,Suburban,17819.45,588,25,Debit Card,No,No
5035,46,Male,Master,Self-Employed,78515.43,Single,0,Suburban,36137.75,542,23,Cash,No,No
5036,66,Female,High School,Self-Employed,50518.44,Married,2,Urban,18251.32,558,44,Mobile Money,Yes,No
5037,64,Male,Bachelor,Self-Employed,72942.39,Married,4,Urban,11395.26,544,41,Debit Card,Yes,No
5038,29,Female,Diploma,Employed,41669.57,Married,0,Urban,24732.07,429,11,Cash,Yes,No
5039,57,Female,High School,Self-Employed,40101.37,Married,4,Urban,12598.73,426,39,Credit Card,No,No
5040,42,Male,Bachelor,Self-Employed,67426.29,Married,1,Suburban,22913.85,537,19,Credit Card,No,No
5041,43,Female,Bachelor,Employed,52053.36,Married,2,Rural,19420.48,503,23,Credit Card,No,No
5042,18,Male,High School,Employed,33988.88,Single,0,Urban,16948.46,377,0,Mobile Money,Yes,Yes
5043,35,Male,Bachelor,Unemployed,14556.86,Married,0,Rural,2958.66,434,14,Cash,Yes,No
5044,28,Female,Bachelor,Employed,70493.51,Married,1,Urban,30570.95,461,1,Mobile Money,Yes,No
5045,47,Female,High School,Employed,24458.37,Married,3,Rural,1000.0,458,23,Mobile Money,No,No
5046,50,Female,Diploma,Employed,44070.38,Married,5,Urban,19156.25,524,28,Credit Card,Yes,No
5047,18,Male,Bachelor,Self-Employed,59738.19,Single,0,Rural,26524.22,453,0,Credit Card,Yes,No
5048,37,Male,High School,Employed,23654.69,Married,1,Rural,8273.59,415,10,Credit Card,No,No
5049,51,Male,Master,Employed,55711.28,Married,2,Suburban,29927.18,525,31,Credit Card,No,No
5050,35,Male,High School,Employed,33291.8,Married,0,Urban,12979.95,449,10,Mobile Money,Yes,No
5051,46,Male,High School,Employed,25740.27,Married,1,Urban,5646.96,457,22,Credit Card,Yes,No
5052,42,Female,High School,Employed,38667.12,Married,4,Suburban,8565.3,433,20,Mobile Money,No,No
5053,42,Female,Bachelor,Employed,58306.36,Married,4,Urban,16831.4,482,22,Debit Card,Yes,No
5054,34,Male,Bachelor,Employed,56185.8,Married,1,Suburban,19985.23,502,7,Debit Card,Yes,No
5055,23,Male,Diploma,Employed,28716.01,Single,0,Suburban,10756.78,418,0,Cash,Yes,Yes
5056,24,Female,Diploma,Student,12679.24,Single,0,Urban,13217.64,380,2,Debit Card,No,No
5057,46,Female,Master,Employed,64702.83,Married,2,Urban,21632.87,501,28,Credit Card,Yes,No
5058,38,Female,High School,Unemployed,5000.0,Single,0,Urban,2696.7,325,13,Cash,Yes,No
5059,36,Male,Diploma,Self-Employed,51444.11,Married,2,Suburban,24309.56,445,13,Mobile Money,Yes,No
5060,32,Male,High School,Employed,19933.66,Married,0,Urban,3306.46,398,11,Mobile Money,Yes,No
5061,34,Female,High School,Employed,13271.0,Married,1,Urban,8438.3,424,13,Credit Card,Yes,No
5062,50,Female,Diploma,Student,18377.08,Single,0,Urban,1000.0,405,23,Debit Card,Yes,No
5063,33,Male,High School,Self-Employed,31514.14,Single,0,Suburban,16100.69,427,15,Mobile Money,No,No
5064,21,Female,Diploma,Employed,26044.1,Single,0,Rural,13713.9,377,3,Credit Card,No,No
5065,46,Male,Master,Employed,62299.27,Married,3,Rural,20899.88,545,21,Mobile Money,No,No
5066,35,Male,High School,Employed,24231.59,Married,1,Urban,7386.88,445,12,Credit Card,No,No
5067,38,Female,Bachelor,Unemployed,25653.82,Married,4,Suburban,6515.06,430,17,Debit Card,Yes,No
5068,57,Male,Bachelor,Student,5000.0,Single,0,Rural,2742.35,448,37,Cash,No,No
5069,37,Female,Diploma,Employed,29288.75,Married,2,Suburban,9467.16,451,19,Credit Card,No,No
5070,41,Male,Bachelor,Employed,62843.22,Married,2,Urban,14826.44,486,15,Credit Card,Yes,No
5071,23,Male,Diploma,Employed,36402.14,Married,0,Rural,15367.66,459,0,Cash,Yes,No
5072,35,Male,High School,Student,7823.62,Single,0,Rural,4308.32,386,15,Debit Card,No,No
5073,45,Male,Master,Employed,66072.6,Married,1,Urban,25121.4,496,21,Credit Card,No,No
5074,19,Male,Bachelor,Unemployed,32664.56,Single,0,Suburban,13755.08,385,0,Mobile Money,Yes,Yes
5075,40,Female,Master,Employed,59682.44,Married,0,Urban,14242.8,499,15,Debit Card,Yes,No
5076,39,Female,Master,Self-Employed,86256.93,Married,3,Urban,39798.65,605,14,Debit Card,Yes,No
5077,38,Male,High School,Employed,42023.65,Married,0,Urban,16891.13,439,16,Debit Card,No,No
5078,50,Male,High School,Student,5000.0,Married,2,Urban,4781.8,403,23,Credit Card,Yes,No
5079,42,Female,High School,Employed,23969.81,Married,0,Suburban,9080.54,443,22,Cash,No,No
5080,55,Male,Master,Unemployed,27136.82,Married,4,Urban,12672.86,423,33,Mobile Money,No,No
5081,26,Male,Master,Employed,78032.52,Single,0,Urban,35152.87,491,7,Credit Card,Yes,No
5082,39,Male,Bachelor,Self-Employed,59600.77,Married,0,Urban,19620.29,523,12,Debit Card,Yes,No
5083,39,Female,High School,Employed,41697.57,Married,2,Rural,12356.26,443,16,Debit Card,Yes,No
5084,25,Male,High School,Employed,30409.77,Married,0,Urban,4917.63,441,1,Debit Card,Yes,Yes
5085,49,Female,Master,Employed,74070.09,Married,2,Suburban,33630.73,496,26,Debit Card,No,No
5086,65,Male,Master,Employed,81906.25,Married,4,Suburban,24674.03,611,39,Credit Card,Yes,Yes
5087,37,Male,High School,Employed,36150.24,Married,1,Suburban,8276.43,404,15,Mobile Money,No,No
5088,44,Male,High School,Employed,29998.01,Married,1,Urban,10641.91,458,19,Credit Card,No,No
5089,39,Female,Diploma,Employed,34627.26,Married,1,Urban,15665.81,444,13,Credit Card,Yes,No
5090,29,Female,High School,Employed,51668.05,Married,0,Rural,8976.82,502,2,Credit Card,No,No
5091,18,Male,Master,Employed,63687.87,Single,0,Urban,17949.88,469,0,Mobile Money,No,No
5092,29,Male,Diploma,Employed,42545.03,Married,1,Urban,14601.65,464,7,Credit Card,No,Yes
5093,21,Female,Bachelor,Employed,59079.92,Single,0,Suburban,17417.26,469,0,Credit Card,Yes,No
5094,58,Female,Diploma,Employed,44458.48,Married,2,Suburban,16785.06,513,38,Credit Card,No,No
5095,36,Male,Diploma,Unemployed,29024.14,Married,3,Rural,11143.13,484,12,Debit Card,Yes,No
5096,33,Female,High School,Employed,30380.56,Married,0,Urban,9251.12,433,6,Cash,Yes,No
5097,48,Male,Bachelor,Self-Employed,65239.47,Married,2,Rural,26293.72,514,29,Credit Card,No,No
5098,24,Male,Bachelor,Employed,67418.22,Single,0,Suburban,25626.23,484,4,Credit Card,No,No
5099,28,Male,Diploma,Student,6912.93,Married,0,Suburban,1000.0,318,1,Credit Card,Yes,No
5100,38,Female,Diploma,Employed,47008.19,Single,0,Urban,23010.52,450,18,Credit Card,Yes,No
5101,50,Male,High School,Unemployed,10555.12,Married,0,Suburban,2301.49,383,23,Debit Card,No,No
5102,44,Female,High School,Employed,37367.8,Married,2,Urban,15315.08,443,25,Credit Card,No,No
5103,40,Female,Bachelor,Employed,60803.59,Married,2,Rural,26022.31,461,21,Credit Card,No,No
5104,38,Female,Bachelor,Employed,51775.1,Married,0,Suburban,10118.33,524,16,Mobile Money,No,No
5105,42,Male,Diploma,Employed,25247.9,Married,3,Suburban,14253.99,480,17,Mobile Money,No,No
5106,40,Male,Master,Employed,56608.73,Married,2,Rural,21930.88,484,21,Debit Card,No,No
5107,25,Female,Bachelor,Employed,40276.97,Married,2,Suburban,10985.03,400,2,Debit Card,No,No
5108,38,Female,Diploma,Student,7270.43,Single,0,Urban,3514.89,376,15,Mobile Money,Yes,No
5109,25,Female,High School,Employed,11179.0,Married,0,Urban,3934.96,403,0,Mobile Money,Yes,No
5110,38,Male,Master,Employed,68720.08,Married,1,Rural,24097.73,478,19,Mobile Money,No,No
5111,32,Male,Bachelor,Self-Employed,67070.14,Single,0,Rural,25013.55,508,14,Cash,Yes,No
5112,68,Female,High School,Self-Employed,42849.81,Married,0,Rural,16802.57,497,46,Cash,No,No
5113,37,Male,Bachelor,Employed,59035.04,Single,0,Urban,16468.82,517,17,Debit Card,Yes,No
5114,21,Female,Diploma,Self-Employed,55215.08,Single,0,Urban,17470.44,492,1,Mobile Money,Yes,No
5115,36,Male,Master,Employed,73311.24,Single,0,Urban,12335.41,560,14,Credit Card,Yes,No
5116,44,Male,Master,Employed,67411.67,Married,2,Rural,21523.92,485,18,Credit Card,No,Yes
5117,58,Male,Bachelor,Employed,54152.14,Married,5,Urban,22341.96,508,35,Mobile Money,No,No
5118,30,Male,Bachelor,Employed,48186.85,Married,0,Urban,14701.51,483,10,Debit Card,Yes,No
5119,19,Male,High School,Employed,31824.69,Single,0,Urban,6626.74,392,0,Debit Card,Yes,Yes
5120,47,Female,Bachelor,Employed,42326.44,Married,2,Rural,23124.11,494,22,Debit Card,Yes,No
5121,21,Male,Bachelor,Employed,63528.28,Single,0,Suburban,28812.66,460,0,Debit Card,Yes,No
5122,32,Male,Diploma,Employed,32347.25,Single,0,Suburban,10002.41,392,13,Credit Card,No,No
5123,34,Female,Bachelor,Self-Employed,67230.76,Married,0,Suburban,32581.06,464,15,Debit Card,No,No
5124,37,Male,Master,Self-Employed,86571.83,Single,0,Suburban,15119.23,547,12,Cash,No,No
5125,46,Male,High School,Self-Employed,45301.78,Married,3,Urban,17521.35,476,26,Credit Card,Yes,No
5126,29,Female,High School,Unemployed,5000.0,Single,0,Urban,5726.8,403,10,Debit Card,Yes,No
5127,34,Female,Bachelor,Unemployed,13896.33,Single,0,Urban,3405.05,383,12,Credit Card,Yes,Yes
5128,37,Male,Master,Unemployed,25398.78,Married,3,Urban,1909.7,389,10,Credit Card,Yes,No
5129,39,Male,Master,Employed,84009.47,Married,5,Suburban,27813.9,568,12,Debit Card,No,No
5130,39,Female,Bachelor,Employed,54689.38,Married,2,Urban,25153.15,474,18,Mobile Money,Yes,No
5131,43,Male,Master,Employed,65245.23,Married,4,Suburban,26142.08,470,16,Cash,No,No
5132,48,Female,Bachelor,Employed,71215.91,Married,0,Suburban,29136.49,549,28,Cash,Yes,No
5133,42,Female,High School,Employed,36420.49,Married,5,Urban,5871.86,435,22,Credit Card,Yes,No
5134,43,Female,Bachelor,Employed,65989.07,Married,1,Urban,31361.61,468,19,Debit Card,No,No
5135,19,Male,High School,Student,5000.0,Married,1,Suburban,4602.97,361,0,Debit Card,No,No
5136,38,Male,High School,Employed,34169.03,Single,0,Urban,10676.52,421,11,Debit Card,No,No
5137,43,Female,Diploma,Employed,31333.4,Married,3,Urban,14723.21,476,23,Debit Card,Yes,No
5138,46,Male,Diploma,Employed,29559.65,Single,0,Urban,10445.28,445,24,Credit Card,No,No
5139,29,Male,Diploma,Self-Employed,52655.04,Married,1,Suburban,21252.31,452,10,Credit Card,No,Yes
5140,30,Female,High School,Employed,35214.78,Married,0,Urban,8114.9,495,4,Debit Card,No,No
5141,31,Male,Diploma,Employed,36143.9,Married,1,Urban,12189.75,439,5,Credit Card,Yes,No
5142,44,Male,High School,Student,17456.3,Single,0,Suburban,5234.48,414,23,Mobile Money,No,No
5143,50,Female,Diploma,Self-Employed,45047.84,Married,2,Rural,19555.23,495,28,Credit Card,No,No
5144,33,Male,Bachelor,Self-Employed,63840.15,Single,0,Rural,17608.31,498,14,Credit Card,Yes,No
5145,48,Male,Master,Student,13711.69,Married,2,Urban,8568.13,474,26,Cash,No,No
5146,39,Male,Master,Employed,68056.46,Single,0,Urban,24765.39,499,20,Credit Card,Yes,No
5147,36,Female,Diploma,Self-Employed,58218.1,Single,0,Urban,14200.67,496,12,Credit Card,Yes,No
5148,35,Male,Bachelor,Employed,46666.37,Single,0,Urban,21098.6,457,15,Credit Card,Yes,No
5149,46,Male,Diploma,Self-Employed,41965.25,Married,3,Urban,9194.75,503,26,Credit Card,Yes,No
5150,41,Female,High School,Employed,20468.74,Married,2,Urban,8579.01,434,21,Mobile Money,No,No
5151,65,Female,Bachelor,Employed,70068.14,Married,2,Urban,36322.61,556,41,Debit Card,Yes,No
5152,27,Male,Bachelor,Employed,52403.85,Married,2,Urban,19261.62,455,0,Credit Card,Yes,No
5153,44,Female,Master,Employed,63851.87,Single,0,Rural,26395.81,528,22,Cash,No,No
5154,31,Male,Bachelor,Employed,52701.54,Single,0,Suburban,18773.35,435,10,Mobile Money,No,No
5155,27,Female,High School,Employed,36792.45,Married,0,Urban,13182.12,444,5,Debit Card,No,No
5156,37,Male,Master,Self-Employed,89310.12,Married,3,Suburban,40176.96,526,13,Credit Card,No,No
5157,39,Male,Bachelor,Employed,50398.57,Married,3,Urban,10470.93,511,19,Credit Card,Yes,No
5158,70,Female,Master,Employed,66803.31,Married,4,Urban,30972.02,607,50,Credit Card,No,No
5159,35,Male,Bachelor,Self-Employed,54356.24,Single,0,Suburban,31174.46,433,11,Credit Card,Yes,No
5160,24,Male,Diploma,Self-Employed,49109.79,Single,0,Urban,19051.53,458,6,Credit Card,No,No
5161,41,Male,High School,Employed,40258.54,Married,3,Suburban,16545.32,454,22,Cash,Yes,No
5162,18,Female,High School,Employed,25345.78,Single,0,Urban,12550.69,373,0,Credit Card,Yes,No
5163,36,Male,High School,Self-Employed,41086.5,Single,0,Suburban,8369.68,451,13,Mobile Money,Yes,No
5164,38,Male,High School,Employed,25343.1,Single,0,Suburban,6896.32,430,12,Cash,Yes,No
5165,47,Male,Diploma,Employed,31234.81,Married,4,Rural,8343.64,405,25,Credit Card,Yes,No
5166,49,Male,Master,Employed,75442.24,Married,3,Urban,41607.59,489,25,Credit Card,No,Yes
5167,31,Male,Master,Student,32781.2,Married,0,Urban,5759.37,468,4,Credit Card,Yes,Yes
5168,36,Male,Bachelor,Employed,59347.39,Single,0,Urban,20748.71,487,11,Credit Card,Yes,No
5169,28,Male,High School,Employed,26689.15,Married,0,Rural,10279.78,406,3,Credit Card,Yes,No
5170,24,Male,Diploma,Unemployed,9205.07,Single,0,Urban,2498.0,339,0,Credit Card,Yes,No
5171,41,Female,Bachelor,Employed,70273.48,Married,1,Urban,32422.95,511,23,Mobile Money,No,No
5172,22,Female,High School,Employed,32455.84,Single,0,Urban,7788.66,376,4,Credit Card,Yes,No
5173,33,Female,Master,Employed,63872.67,Married,2,Urban,16761.3,486,7,Mobile Money,Yes,No
5174,26,Male,Master,Student,13502.2,Single,0,Rural,5040.54,370,4,Debit Card,No,No
5175,44,Female,Diploma,Unemployed,13721.12,Married,0,Suburban,12601.75,404,19,Credit Card,Yes,No
5176,59,Male,Bachelor,Self-Employed,69753.71,Married,2,Urban,18735.84,556,41,Credit Card,Yes,No
5177,22,Female,High School,Employed,42096.31,Single,0,Rural,16130.75,423,0,Mobile Money,No,No
5178,18,Male,Bachelor,Employed,65207.19,Single,0,Urban,19754.49,489,0,Credit Card,Yes,No
5179,36,Male,High School,Employed,31585.91,Married,0,Rural,10249.18,467,9,Credit Card,Yes,No
5180,38,Male,High School,Employed,29668.04,Married,1,Suburban,16585.55,437,14,Cash,Yes,No
5181,40,Male,Bachelor,Self-Employed,69167.89,Married,0,Urban,27194.11,494,21,Credit Card,Yes,No
5182,32,Female,Bachelor,Employed,50134.13,Married,1,Urban,23400.76,468,9,Debit Card,Yes,No
5183,35,Female,Bachelor,Unemployed,24340.07,Single,0,Rural,5388.42,403,9,Debit Card,No,Yes
5184,42,Female,Diploma,Employed,38372.23,Married,1,Urban,13872.14,476,15,Debit Card,Yes,No
5185,50,Female,Bachelor,Employed,58927.21,Married,0,Rural,27884.45,460,30,Credit Card,Yes,No
5186,18,Male,Bachelor,Self-Employed,79706.03,Single,0,Rural,32717.95,490,0,Debit Card,Yes,No
5187,33,Male,PhD,Employed,94422.45,Single,0,Suburban,22307.63,589,11,Debit Card,Yes,Yes
5188,40,Female,Master,Unemployed,22845.63,Married,4,Urban,5972.19,435,14,Cash,Yes,No
5189,26,Female,Bachelor,Employed,50860.9,Married,0,Urban,22717.08,500,2,Credit Card,No,No
5190,58,Female,Bachelor,Self-Employed,65375.41,Married,5,Suburban,16768.69,496,32,Credit Card,No,Yes
5191,30,Male,Bachelor,Student,5000.0,Married,2,Suburban,1000.0,345,12,Debit Card,No,No
5192,37,Female,High School,Employed,34265.6,Married,1,Urban,12340.57,426,16,Credit Card,Yes,No
5193,44,Female,High School,Employed,12925.11,Single,0,Rural,1000.0,418,25,Debit Card,No,No
5194,30,Male,Master,Employed,77747.25,Single,0,Rural,32942.04,543,8,Debit Card,No,No
5195,18,Male,Master,Self-Employed,89853.47,Married,0,Urban,45049.9,499,0,Cash,Yes,No
5196,32,Male,Bachelor,Employed,55785.46,Married,1,Suburban,24879.1,441,12,Credit Card,Yes,No
5197,50,Female,Diploma,Employed,35735.86,Married,1,Suburban,17304.43,448,28,Debit Card,No,No
5198,33,Male,High School,Self-Employed,35869.92,Married,1,Urban,18318.82,441,11,Mobile Money,Yes,No
5199,27,Male,Diploma,Unemployed,5000.0,Single,0,Urban,1413.11,344,0,Cash,Yes,No
5200,49,Male,Diploma,Student,14590.4,Single,0,Suburban,6006.26,422,28,Debit Card,No,No
5201,34,Female,Diploma,Employed,38689.4,Single,0,Urban,14029.19,407,11,Debit Card,Yes,No
5202,31,Male,Master,Employed,82121.85,Single,0,Suburban,22868.12,564,5,Credit Card,No,No
5203,39,Male,High School,Unemployed,12135.92,Married,4,Suburban,1178.18,415,13,Credit Card,No,No
5204,47,Female,Bachelor,Employed,56851.47,Married,3,Urban,22956.75,512,22,Debit Card,Yes,No
5205,66,Female,Diploma,Self-Employed,51207.59,Married,2,Urban,27433.78,495,43,Cash,No,No
5206,47,Male,PhD,Self-Employed,100195.92,Single,0,Suburban,25974.59,623,22,Credit Card,No,No
5207,51,Female,Master,Employed,66392.05,Single,0,Urban,27099.59,524,33,Mobile Money,No,No
5208,31,Female,Diploma,Employed,41063.59,Single,0,Urban,10012.65,495,9,Debit Card,Yes,No
5209,25,Male,PhD,Employed,87579.49,Married,0,Urban,29034.59,517,0,Debit Card,Yes,No
5210,38,Male,Bachelor,Employed,50387.9,Single,0,Urban,6809.44,478,13,Debit Card,Yes,No
5211,39,Female,High School,Employed,27740.83,Married,1,Urban,10903.19,404,16,Mobile Money,Yes,No
5212,25,Male,Bachelor,Unemployed,16853.04,Single,0,Urban,6104.21,351,0,Debit Card,Yes,No
5213,35,Male,High School,Employed,48549.94,Single,0,Urban,18669.91,497,10,Credit Card,Yes,No
5214,42,Female,Bachelor,Employed,52396.87,Married,4,Urban,12283.97,484,21,Debit Card,No,No
5215,42,Male,Master,Employed,64580.56,Married,3,Suburban,26096.72,556,16,Credit Card,Yes,No
5216,44,Female,Bachelor,Employed,53778.17,Married,0,Urban,14767.04,467,25,Debit Card,Yes,No
5217,41,Male,Diploma,Employed,52012.76,Married,0,Suburban,14615.91,451,16,Debit Card,Yes,No
5218,31,Female,Diploma,Employed,52584.73,Married,1,Rural,18653.52,450,6,Cash,No,No
5219,31,Male,High School,Employed,45592.78,Married,0,Urban,14295.7,405,12,Debit Card,Yes,No
5220,23,Female,Diploma,Employed,40487.8,Single,0,Suburban,13521.66,420,0,Credit Card,No,No
5221,59,Female,High School,Employed,35132.74,Married,2,Urban,8613.93,514,33,Debit Card,Yes,No
5222,38,Female,Diploma,Self-Employed,39599.8,Married,1,Urban,21957.68,487,19,Credit Card,Yes,No
5223,35,Male,Bachelor,Employed,52172.47,Single,0,Suburban,25753.3,423,13,Debit Card,No,No
5224,26,Female,Bachelor,Employed,46079.32,Single,0,Rural,11052.04,388,6,Credit Card,Yes,No
5225,70,Female,High School,Student,9786.07,Single,0,Suburban,6207.69,440,52,Credit Card,No,No
5226,25,Female,Diploma,Self-Employed,48307.3,Single,0,Urban,14833.97,396,1,Credit Card,Yes,Yes
5227,32,Male,Diploma,Employed,41809.52,Single,0,Urban,14326.41,477,10,Debit Card,Yes,No
5228,42,Female,High School,Employed,23230.31,Married,3,Urban,3812.14,425,21,Cash,Yes,No
5229,45,Male,Diploma,Self-Employed,54805.5,Married,1,Suburban,22890.71,484,18,Cash,Yes,No
5230,49,Female,Diploma,Employed,20743.77,Married,1,Urban,5689.6,468,28,Credit Card,Yes,No
5231,59,Female,Bachelor,Employed,52983.77,Married,1,Urban,20021.84,527,32,Cash,Yes,No
5232,44,Male,Master,Employed,69146.84,Single,0,Suburban,25427.11,503,21,Debit Card,No,No
5233,25,Male,Diploma,Student,5000.0,Married,0,Urban,4865.47,331,3,Mobile Money,Yes,Yes
5234,34,Male,Bachelor,Employed,58073.03,Married,0,Suburban,19766.11,450,13,Credit Card,Yes,No
5235,41,Female,High School,Employed,28613.89,Married,0,Suburban,12166.19,449,17,Debit Card,No,No
5236,62,Male,Master,Employed,74488.94,Married,2,Rural,34613.8,589,37,Credit Card,No,No
5237,21,Male,High School,Employed,45998.63,Single,0,Urban,11733.41,482,2,Credit Card,Yes,Yes
5238,52,Female,High School,Employed,32596.99,Married,5,Urban,11711.33,433,29,Mobile Money,Yes,No
5239,40,Male,High School,Student,13781.29,Married,1,Rural,5717.11,424,13,Debit Card,No,No
5240,48,Male,Diploma,Employed,51047.62,Single,0,Urban,19964.31,466,27,Mobile Money,Yes,No
5241,36,Female,Bachelor,Student,14936.22,Married,1,Urban,1753.43,407,15,Cash,Yes,No
5242,27,Male,PhD,Employed,83073.0,Single,0,Urban,21175.97,504,8,Credit Card,No,No
5243,47,Male,Bachelor,Employed,41878.66,Single,0,Rural,10782.94,483,23,Cash,No,No
5244,45,Male,Diploma,Employed,42995.02,Married,2,Urban,7427.54,504,22,Credit Card,No,No
5245,49,Female,Bachelor,Employed,51797.94,Married,3,Urban,10909.03,522,26,Debit Card,No,No
5246,37,Female,Bachelor,Employed,65268.81,Single,0,Suburban,29556.65,445,17,Debit Card,Yes,No
5247,30,Male,Master,Self-Employed,80199.01,Married,0,Urban,27621.2,483,5,Mobile Money,Yes,Yes
5248,19,Male,Bachelor,Employed,54885.54,Single,0,Suburban,23540.4,417,0,Debit Card,Yes,No
5249,47,Male,Bachelor,Employed,45727.91,Married,3,Suburban,16656.18,525,22,Debit Card,Yes,No
5250,43,Female,Bachelor,Self-Employed,63249.34,Married,0,Suburban,21511.39,559,21,Credit Card,Yes,No
5251,26,Male,Bachelor,Employed,47457.32,Single,0,Rural,3934.01,468,1,Debit Card,Yes,Yes
5252,31,Female,High School,Employed,23187.78,Married,0,Suburban,7603.86,386,8,Credit Card,Yes,No
5253,32,Male,High School,Employed,29577.49,Single,0,Urban,11506.81,464,6,Credit Card,No,No
5254,20,Female,Bachelor,Employed,50144.66,Single,0,Urban,19711.82,431,0,Credit Card,No,No
5255,28,Female,Master,Self-Employed,105033.91,Single,0,Suburban,38019.78,552,2,Credit Card,No,No
5256,24,Female,Diploma,Employed,46687.15,Single,0,Suburban,22974.88,372,0,Cash,No,No
5257,33,Male,PhD,Student,26677.12,Married,2,Rural,9095.26,462,15,Credit Card,No,Yes
5258,29,Female,High School,Unemployed,8112.86,Married,0,Urban,2338.77,381,3,Debit Card,Yes,No
5259,18,Male,Diploma,Employed,40846.02,Single,0,Urban,16361.14,409,0,Credit Card,No,Yes
5260,62,Male,Diploma,Employed,36563.26,Single,0,Suburban,12549.89,516,40,Credit Card,No,No
5261,53,Male,Master,Self-Employed,104995.05,Married,3,Urban,22354.41,606,35,Debit Card,No,Yes
5262,28,Female,Diploma,Unemployed,11129.09,Single,0,Urban,1415.01,394,8,Mobile Money,No,No
5263,41,Female,Diploma,Employed,35169.99,Married,3,Rural,15240.19,456,20,Debit Card,Yes,No
5264,43,Female,High School,Student,5000.0,Married,2,Urban,5206.43,374,23,Mobile Money,Yes,No
5265,52,Female,Bachelor,Student,13682.8,Single,0,Urban,4805.29,394,32,Mobile Money,Yes,No
5266,28,Male,Master,Employed,81368.18,Married,0,Suburban,26021.83,549,2,Mobile Money,Yes,No
5267,51,Female,Diploma,Self-Employed,56695.68,Married,3,Urban,12088.1,453,24,Debit Card,Yes,Yes
5268,31,Female,Master,Employed,63949.4,Single,0,Urban,24706.96,449,13,Debit Card,Yes,No
5269,21,Female,Master,Employed,63752.45,Single,0,Urban,13491.19,441,0,Mobile Money,No,No
5270,46,Male,High School,Employed,39970.15,Married,1,Suburban,16275.09,450,25,Credit Card,Yes,No
5271,53,Female,Bachelor,Employed,71811.05,Married,3,Suburban,21360.28,550,26,Credit Card,Yes,No
5272,69,Female,Diploma,Self-Employed,46839.98,Married,5,Urban,11900.83,528,47,Credit Card,Yes,No
5273,23,Female,High School,Employed,39652.99,Single,0,Urban,15403.0,385,2,Mobile Money,Yes,Yes
5274,46,Male,Bachelor,Employed,43271.3,Married,3,Urban,13524.48,463,25,Credit Card,Yes,No
5275,33,Female,Bachelor,Unemployed,9751.8,Single,0,Suburban,3931.55,416,12,Credit Card,No,No
5276,47,Female,Diploma,Employed,31923.21,Married,2,Rural,17474.82,459,29,Credit Card,Yes,No
5277,20,Male,High School,Employed,33297.71,Single,0,Urban,12175.43,423,1,Mobile Money,Yes,No
5278,22,Male,Master,Employed,68568.19,Single,0,Suburban,34870.07,440,0,Credit Card,No,No
5279,28,Male,Bachelor,Employed,56904.74,Married,0,Urban,14135.74,463,10,Credit Card,Yes,No
5280,38,Female,Diploma,Unemployed,21752.93,Married,1,Urban,8023.73,441,20,Credit Card,No,No
5281,30,Male,Diploma,Employed,34774.67,Married,0,Urban,16019.15,432,11,Credit Card,Yes,No
5282,45,Male,High School,Employed,30751.94,Married,2,Suburban,12580.64,420,27,Cash,Yes,No
5283,50,Female,Diploma,Employed,29296.54,Married,5,Suburban,15362.83,469,26,Cash,Yes,No
5284,45,Female,Bachelor,Employed,64310.29,Married,3,Urban,20430.32,518,21,Credit Card,No,No
5285,57,Male,Bachelor,Employed,63771.31,Married,4,Rural,25199.68,529,35,Credit Card,Yes,No
5286,42,Male,High School,Employed,32895.11,Married,0,Urban,8450.24,465,19,Cash,No,No
5287,23,Female,Bachelor,Employed,55959.49,Single,0,Urban,21219.16,431,3,Credit Card,Yes,No
5288,54,Female,Diploma,Employed,35926.82,Single,0,Urban,10787.82,470,33,Credit Card,Yes,No
5289,30,Male,Bachelor,Employed,43835.61,Single,0,Rural,10221.03,441,6,Debit Card,No,Yes
5290,48,Female,Diploma,Employed,42444.34,Single,0,Rural,18362.75,504,30,Credit Card,Yes,No
5291,56,Male,Diploma,Employed,46049.61,Married,5,Urban,22003.65,506,31,Debit Card,Yes,No
5292,43,Female,High School,Self-Employed,52154.97,Single,0,Urban,20372.62,475,16,Credit Card,Yes,No
5293,20,Male,Bachelor,Self-Employed,62851.6,Married,1,Suburban,13465.47,445,0,Mobile Money,No,Yes
5294,26,Male,Diploma,Employed,42161.45,Single,0,Suburban,12218.94,393,6,Debit Card,No,Yes
5295,53,Male,High School,Unemployed,17915.23,Married,1,Suburban,5197.08,417,35,Mobile Money,No,No
5296,35,Male,High School,Student,15156.26,Married,1,Urban,5229.41,398,17,Cash,Yes,Yes
5297,38,Female,Diploma,Employed,35020.23,Married,0,Urban,8267.89,390,11,Mobile Money,Yes,No
5298,47,Female,High School,Self-Employed,33766.72,Married,3,Urban,19528.13,458,25,Cash,Yes,No
5299,46,Female,Bachelor,Employed,50798.79,Married,1,Rural,14983.28,463,20,Mobile Money,No,No
5300,41,Male,Diploma,Student,5000.0,Married,0,Urban,6820.31,417,14,Debit Card,Yes,No
5301,35,Male,Bachelor,Employed,66773.36,Married,0,Rural,36558.83,496,12,Debit Card,Yes,No
5302,34,Male,PhD,Student,18501.71,Single,0,Urban,7451.03,403,11,Credit Card,Yes,No
5303,48,Male,Bachelor,Employed,54406.04,Married,0,Suburban,15649.55,472,23,Debit Card,Yes,No
5304,44,Female,Bachelor,Employed,56981.67,Married,4,Urban,10884.22,483,25,Debit Card,Yes,No
5305,34,Male,Bachelor,Self-Employed,66430.1,Married,1,Rural,18558.4,493,12,Credit Card,No,No
5306,50,Female,Master,Self-Employed,82232.18,Married,2,Rural,17479.66,576,32,Credit Card,No,No
5307,36,Female,High School,Self-Employed,29907.54,Married,3,Urban,12135.43,425,12,Debit Card,Yes,No
5308,27,Male,Master,Unemployed,33522.24,Married,2,Urban,13259.65,404,2,Debit Card,Yes,No
5309,28,Female,Master,Self-Employed,79437.82,Single,0,Urban,37598.09,492,5,Credit Card,Yes,No
5310,26,Male,Diploma,Self-Employed,40555.9,Married,2,Rural,7488.03,439,8,Cash,Yes,No
5311,34,Male,Diploma,Employed,39355.55,Married,1,Urban,15767.04,438,9,Credit Card,Yes,No
5312,52,Female,PhD,Employed,107260.12,Married,4,Urban,38449.24,581,26,Mobile Money,No,No
5313,28,Male,Bachelor,Employed,48427.41,Married,0,Rural,7416.39,459,10,Cash,Yes,No
5314,40,Male,Diploma,Self-Employed,53676.92,Married,2,Suburban,14992.92,541,20,Credit Card,Yes,No
5315,30,Female,Bachelor,Employed,53029.35,Single,0,Rural,17449.01,452,10,Debit Card,Yes,No
5316,34,Male,Diploma,Employed,41958.46,Married,2,Suburban,11202.95,459,12,Credit Card,Yes,No
5317,19,Female,High School,Employed,37377.45,Single,0,Urban,14250.69,411,1,Cash,Yes,Yes
5318,35,Male,Bachelor,Student,5000.0,Married,0,Rural,1000.0,380,12,Debit Card,No,No
5319,35,Male,Bachelor,Employed,47829.27,Single,0,Suburban,13108.52,519,11,Credit Card,No,No
5320,44,Female,Master,Employed,77264.1,Single,0,Suburban,17954.01,505,18,Debit Card,No,No
5321,40,Female,Diploma,Employed,40779.61,Married,0,Urban,7521.41,468,13,Debit Card,Yes,No
5322,23,Male,Master,Employed,71695.0,Single,0,Rural,20803.86,490,0,Mobile Money,Yes,No
5323,51,Male,Diploma,Employed,45691.07,Married,1,Rural,8829.67,451,27,Cash,Yes,No
5324,40,Female,Bachelor,Employed,47883.19,Married,3,Urban,8820.03,489,15,Credit Card,Yes,No
5325,40,Male,High School,Employed,38440.58,Married,1,Urban,12523.5,400,14,Mobile Money,No,No
5326,37,Female,Diploma,Unemployed,18558.27,Single,0,Suburban,7615.08,431,15,Credit Card,No,No
5327,31,Female,Master,Self-Employed,85906.54,Married,1,Urban,18027.4,525,7,Credit Card,Yes,Yes
5328,40,Female,High School,Employed,33745.05,Single,0,Urban,9256.31,450,15,Debit Card,No,No
5329,43,Female,Master,Self-Employed,93319.79,Married,2,Suburban,17417.49,583,18,Cash,No,No
5330,18,Female,Diploma,Self-Employed,43249.29,Single,0,Urban,15714.83,370,0,Debit Card,Yes,No
5331,31,Female,High School,Self-Employed,41290.86,Married,1,Rural,12550.28,462,12,Credit Card,Yes,No
5332,34,Female,High School,Employed,43954.86,Married,1,Rural,12882.3,470,14,Credit Card,Yes,No
5333,41,Female,Bachelor,Employed,60125.01,Single,0,Rural,29493.26,495,14,Mobile Money,No,No
5334,52,Male,Diploma,Self-Employed,46220.85,Single,0,Urban,6012.74,518,32,Debit Card,Yes,No
5335,28,Male,Bachelor,Employed,73545.65,Married,0,Urban,12094.12,553,3,Mobile Money,No,No
5336,32,Female,Bachelor,Employed,56846.52,Married,0,Suburban,20449.79,528,9,Credit Card,No,Yes
5337,31,Female,Diploma,Employed,51188.73,Single,0,Suburban,15615.55,520,12,Credit Card,Yes,No
5338,28,Male,Diploma,Self-Employed,44627.75,Single,0,Urban,17015.97,400,1,Debit Card,Yes,No
5339,33,Male,Diploma,Employed,48542.42,Single,0,Urban,19307.43,456,11,Mobile Money,No,No
5340,47,Female,Master,Employed,65628.6,Married,1,Suburban,21802.62,528,21,Credit Card,Yes,No
5341,25,Female,Diploma,Unemployed,14587.07,Married,1,Urban,1000.0,377,1,Mobile Money,Yes,Yes
5342,43,Male,High School,Unemployed,5000.0,Single,0,Urban,1000.0,425,18,Credit Card,Yes,No
5343,18,Female,Diploma,Employed,55209.25,Single,0,Urban,16356.76,406,0,Credit Card,Yes,Yes
5344,31,Female,Bachelor,Employed,53230.95,Married,0,Suburban,23494.87,440,7,Credit Card,Yes,No
5345,34,Female,Bachelor,Self-Employed,57136.54,Married,1,Suburban,16943.73,470,15,Mobile Money,Yes,No
5346,58,Female,Master,Employed,70760.95,Married,2,Urban,20043.05,562,36,Debit Card,No,No
5347,34,Male,Master,Self-Employed,88296.76,Single,0,Suburban,19740.85,545,12,Debit Card,No,No
5348,18,Female,Diploma,Self-Employed,47787.19,Single,0,Urban,10172.54,439,0,Debit Card,Yes,Yes
5349,18,Female,Diploma,Employed,33493.44,Single,0,Rural,17372.65,419,0,Cash,Yes,No
5350,38,Female,Bachelor,Employed,63298.53,Single,0,Urban,20481.27,526,16,Debit Card,Yes,No
5351,45,Male,Master,Employed,80073.44,Married,2,Urban,17163.24,568,24,Credit Card,No,Yes
5352,42,Male,Diploma,Self-Employed,34816.34,Married,1,Suburban,6291.39,446,18,Cash,No,No
5353,40,Male,Diploma,Employed,32983.78,Married,3,Urban,13234.67,435,13,Credit Card,No,No
5354,51,Male,Master,Employed,68724.58,Married,5,Urban,13759.79,524,33,Debit Card,Yes,No
5355,31,Female,Diploma,Employed,35752.59,Single,0,Urban,12529.8,477,13,Debit Card,Yes,No
5356,48,Female,Diploma,Employed,44207.64,Married,5,Suburban,14470.0,447,26,Credit Card,Yes,No
5357,18,Female,Master,Employed,84715.82,Single,0,Rural,24758.96,522,0,Credit Card,No,No
5358,27,Female,Master,Employed,66952.69,Single,0,Suburban,24223.19,482,6,Credit Card,Yes,No
5359,18,Male,High School,Self-Employed,48613.78,Married,0,Suburban,18479.03,513,0,Credit Card,Yes,Yes
5360,34,Female,Diploma,Employed,28253.34,Married,1,Suburban,9451.51,391,8,Credit Card,No,No
5361,37,Female,Diploma,Employed,43646.52,Married,3,Rural,10533.95,427,16,Cash,No,No
5362,39,Female,Master,Unemployed,16242.31,Married,1,Urban,7975.03,467,20,Debit Card,Yes,No
5363,38,Female,PhD,Self-Employed,111819.12,Married,1,Urban,39783.33,577,20,Credit Card,No,No
5364,26,Female,Bachelor,Self-Employed,51945.52,Married,0,Urban,18638.75,463,1,Debit Card,Yes,Yes
5365,35,Female,Diploma,Employed,29716.88,Single,0,Urban,13664.13,367,12,Cash,Yes,No
5366,20,Male,High School,Employed,33802.5,Married,0,Urban,12161.4,408,0,Mobile Money,Yes,No
5367,54,Female,Bachelor,Employed,49959.99,Single,0,Urban,23445.15,496,28,Debit Card,Yes,No
5368,34,Female,Diploma,Unemployed,9415.06,Married,0,Rural,4555.82,395,11,Debit Card,Yes,No
5369,32,Male,Bachelor,Unemployed,31190.28,Married,3,Suburban,19903.59,415,12,Cash,Yes,No
5370,57,Female,Bachelor,Unemployed,17600.57,Married,3,Urban,1561.69,438,33,Mobile Money,No,No
5371,23,Female,Diploma,Employed,47212.13,Single,0,Urban,25018.86,484,0,Debit Card,Yes,Yes
5372,24,Female,Master,Unemployed,14925.82,Single,0,Suburban,1014.26,408,1,Mobile Money,Yes,No
5373,24,Female,High School,Unemployed,5000.0,Single,0,Suburban,4115.64,363,5,Debit Card,Yes,No
5374,37,Female,Bachelor,Employed,54354.12,Married,0,Suburban,25462.37,522,18,Mobile Money,Yes,No
5375,43,Male,Diploma,Employed,28076.24,Married,1,Urban,12227.45,475,16,Credit Card,Yes,No
5376,46,Male,Bachelor,Employed,49411.28,Married,2,Suburban,12998.42,520,20,Debit Card,Yes,No
5377,68,Female,Bachelor,Employed,56902.03,Married,4,Rural,25904.79,602,44,Credit Card,Yes,No
5378,18,Female,High School,Employed,29109.91,Married,1,Urban,11732.31,396,0,Mobile Money,Yes,Yes
5379,45,Female,Diploma,Unemployed,14676.16,Married,2,Suburban,3389.44,442,20,Cash,No,No
5380,31,Male,High School,Unemployed,13802.55,Single,0,Urban,13396.14,410,7,Credit Card,Yes,No
5381,30,Male,High School,Student,5000.0,Married,0,Urban,2847.31,350,4,Cash,Yes,Yes
5382,30,Female,Bachelor,Employed,47464.53,Married,0,Suburban,12352.99,465,10,Credit Card,No,No
5383,27,Male,High School,Employed,12571.33,Married,0,Suburban,3978.52,393,4,Debit Card,No,Yes
5384,58,Female,Diploma,Self-Employed,45035.81,Married,1,Urban,17805.47,524,36,Debit Card,Yes,No
5385,48,Female,High School,Employed,35894.05,Married,2,Rural,5554.91,429,29,Debit Card,Yes,No
5386,38,Female,Bachelor,Employed,66930.21,Married,0,Urban,19180.03,457,18,Credit Card,Yes,No
5387,54,Male,Bachelor,Self-Employed,67523.85,Married,5,Suburban,30223.83,548,34,Cash,No,No
5388,19,Female,Diploma,Employed,50985.83,Single,0,Urban,18683.7,440,1,Debit Card,Yes,No
5389,22,Female,Bachelor,Employed,58070.62,Married,0,Rural,12126.6,480,0,Credit Card,Yes,No
5390,18,Male,Master,Employed,70859.6,Single,0,Urban,16796.76,492,0,Debit Card,Yes,No
5391,29,Male,High School,Student,5000.0,Married,0,Urban,4256.44,368,7,Credit Card,Yes,No
5392,39,Male,Bachelor,Employed,35918.72,Single,0,Rural,19864.03,406,21,Mobile Money,No,No
5393,39,Male,Diploma,Employed,49785.52,Married,2,Suburban,19766.32,460,18,Credit Card,Yes,No
5394,39,Female,High School,Student,5574.2,Married,0,Rural,1000.0,391,16,Mobile Money,No,No
5395,21,Female,Bachelor,Employed,66106.37,Single,0,Urban,21292.6,467,0,Credit Card,No,Yes
5396,47,Female,High School,Employed,22402.94,Married,3,Suburban,7462.9,429,22,Debit Card,No,No
5397,40,Female,Master,Employed,89430.56,Married,2,Suburban,23388.14,567,21,Credit Card,Yes,No
5398,46,Female,High School,Employed,28009.7,Married,1,Rural,8956.52,459,22,Mobile Money,No,Yes
5399,18,Male,High School,Employed,24462.49,Single,0,Urban,6022.1,429,0,Debit Card,Yes,Yes
5400,41,Female,Bachelor,Unemployed,14783.82,Married,3,Urban,1000.0,409,14,Credit Card,No,No
5401,23,Female,Bachelor,Employed,56363.65,Single,0,Suburban,22559.18,483,0,Credit Card,No,No
5402,33,Female,Bachelor,Self-Employed,65440.78,Married,0,Urban,20411.62,498,10,Credit Card,Yes,No
5403,44,Female,Diploma,Employed,35877.36,Married,1,Suburban,9809.83,440,19,Mobile Money,No,No
5404,39,Female,Master,Employed,55572.46,Married,4,Rural,23060.67,478,12,Credit Card,No,No
5405,27,Female,PhD,Employed,83565.38,Single,0,Rural,31047.88,518,6,Cash,Yes,Yes
5406,38,Female,Diploma,Employed,48595.49,Single,0,Urban,24437.13,454,11,Cash,Yes,No
5407,19,Male,Bachelor,Employed,47962.22,Single,0,Suburban,17955.65,428,0,Credit Card,No,No
5408,51,Female,Bachelor,Employed,41264.41,Married,4,Suburban,17077.09,514,28,Cash,No,No
5409,35,Female,High School,Employed,21556.0,Single,0,Urban,9119.82,398,10,Credit Card,Yes,No
5410,51,Male,Diploma,Self-Employed,47290.83,Married,3,Suburban,13319.13,457,30,Credit Card,Yes,No
5411,31,Male,High School,Employed,23926.23,Married,1,Rural,3536.58,422,13,Cash,Yes,No
5412,31,Female,PhD,Employed,87761.3,Single,0,Urban,41784.51,548,6,Mobile Money,Yes,No
5413,28,Male,High School,Self-Employed,29612.37,Married,0,Suburban,13187.08,419,7,Debit Card,No,No
5414,48,Male,Bachelor,Employed,63077.95,Married,2,Urban,25269.88,535,26,Debit Card,Yes,Yes
5415,29,Female,Diploma,Unemployed,15926.8,Married,1,Rural,3973.79,356,8,Credit Card,No,No
5416,45,Female,Bachelor,Self-Employed,83743.68,Married,0,Urban,31481.22,555,18,Credit Card,No,No
5417,33,Female,High School,Student,5000.0,Married,2,Suburban,2781.68,356,8,Credit Card,No,No
5418,18,Male,Bachelor,Employed,52720.97,Single,0,Suburban,21875.01,490,0,Cash,No,No
5419,31,Male,High School,Student,15468.02,Married,1,Suburban,2407.5,388,12,Credit Card,Yes,No
5420,23,Male,Master,Self-Employed,87128.07,Single,0,Urban,23375.74,523,1,Cash,Yes,No
5421,38,Male,Master,Self-Employed,76467.95,Single,0,Suburban,37275.59,460,15,Credit Card,No,No
5422,23,Male,Bachelor,Student,15451.37,Single,0,Suburban,7919.27,321,0,Credit Card,No,No
5423,49,Female,High School,Employed,33172.23,Married,2,Urban,14483.4,507,31,Mobile Money,Yes,No
5424,36,Female,High School,Unemployed,5000.0,Married,0,Suburban,1000.0,381,15,Mobile Money,No,No
5425,35,Male,Master,Employed,64789.51,Married,1,Urban,19758.8,481,15,Debit Card,Yes,No
5426,45,Male,High School,Employed,31522.56,Married,1,Suburban,8659.74,437,26,Debit Card,No,No
5427,49,Female,High School,Employed,41570.24,Single,0,Suburban,13738.35,486,27,Debit Card,Yes,No
5428,37,Female,Bachelor,Employed,60583.99,Single,0,Urban,13219.81,501,14,Cash,No,No
5429,28,Male,Diploma,Employed,35487.64,Married,0,Urban,20232.96,412,7,Debit Card,Yes,No
5430,18,Female,High School,Student,5000.0,Single,0,Urban,4700.12,351,0,Debit Card,Yes,No
5431,29,Male,Bachelor,Self-Employed,72381.87,Married,0,Suburban,24385.65,485,8,Credit Card,No,No
5432,30,Male,Diploma,Self-Employed,28589.39,Married,1,Urban,10957.26,426,10,Debit Card,No,No
5433,39,Male,High School,Self-Employed,29539.35,Married,1,Suburban,8027.83,470,21,Debit Card,No,No
5434,33,Female,Bachelor,Employed,66274.46,Single,0,Urban,16052.32,488,8,Credit Card,Yes,No
5435,46,Male,Diploma,Employed,42374.54,Married,1,Urban,15307.46,479,28,Cash,Yes,No
5436,30,Male,Bachelor,Employed,48930.71,Married,0,Urban,14388.59,448,3,Mobile Money,Yes,No
5437,37,Male,High School,Employed,20383.33,Married,1,Urban,11570.45,351,16,Debit Card,Yes,No
5438,52,Female,Bachelor,Self-Employed,72717.88,Married,1,Rural,24979.04,576,27,Credit Card,Yes,No
5439,42,Male,Diploma,Unemployed,12622.49,Single,0,Suburban,6879.92,393,19,Mobile Money,Yes,No
5440,37,Male,Diploma,Employed,38250.32,Single,0,Suburban,25830.73,436,10,Debit Card,Yes,No
5441,30,Male,High School,Employed,32991.84,Single,0,Urban,4274.92,439,4,Credit Card,Yes,No
5442,30,Male,High School,Employed,31316.78,Married,0,Urban,12477.8,474,6,Credit Card,No,No
5443,27,Female,Master,Employed,70703.25,Married,0,Urban,31034.03,517,1,Debit Card,Yes,No
5444,31,Male,Diploma,Employed,29406.5,Single,0,Rural,7674.24,414,8,Debit Card,No,No
5445,47,Male,Bachelor,Employed,46788.6,Single,0,Suburban,10421.68,509,27,Debit Card,Yes,No
5446,35,Female,Master,Employed,75986.24,Single,0,Urban,19265.18,537,17,Credit Card,Yes,No
5447,21,Male,Bachelor,Student,15473.21,Single,0,Urban,3740.19,369,0,Cash,No,Yes
5448,59,Male,Diploma,Employed,43056.96,Married,3,Suburban,8205.29,533,41,Credit Card,No,No
5449,41,Male,Diploma,Self-Employed,43307.9,Married,3,Rural,19426.37,491,16,Debit Card,Yes,No
5450,21,Female,Master,Self-Employed,90121.52,Married,0,Suburban,21149.15,576,0,Credit Card,No,No
5451,32,Female,Bachelor,Employed,52034.04,Married,1,Urban,15016.31,457,5,Cash,Yes,No
5452,39,Female,Bachelor,Unemployed,26912.27,Married,0,Urban,8935.19,433,19,Cash,No,No
5453,58,Female,Diploma,Employed,34025.42,Married,3,Suburban,16345.96,534,40,Mobile Money,No,No
5454,24,Female,Master,Employed,65797.7,Single,0,Urban,19941.14,458,1,Credit Card,Yes,No
5455,49,Female,Bachelor,Employed,53788.41,Married,3,Suburban,16183.48,495,22,Debit Card,Yes,No
5456,54,Female,Diploma,Self-Employed,54778.4,Married,4,Suburban,12859.51,510,30,Debit Card,No,No
5457,30,Male,Bachelor,Employed,54719.38,Single,0,Rural,13621.33,474,9,Debit Card,No,No
5458,34,Male,Diploma,Employed,40301.46,Married,2,Urban,14316.57,475,15,Cash,No,No
5459,25,Female,High School,Employed,26867.27,Married,1,Urban,11408.66,419,1,Credit Card,Yes,No
5460,35,Female,Master,Employed,72144.74,Single,0,Urban,26000.42,482,16,Debit Card,No,No
5461,37,Male,High School,Self-Employed,35434.16,Married,2,Rural,14439.27,455,16,Cash,No,No
5462,45,Female,Bachelor,Unemployed,10225.58,Married,1,Urban,3223.63,440,27,Debit Card,Yes,No
5463,51,Female,Diploma,Employed,41018.33,Single,0,Suburban,10127.14,515,31,Mobile Money,Yes,No
5464,29,Male,Diploma,Employed,41206.47,Single,0,Urban,11439.53,517,11,Credit Card,No,No
5465,18,Male,Diploma,Student,26798.41,Single,0,Rural,9219.47,418,0,Credit Card,No,No
5466,37,Female,PhD,Self-Employed,103111.79,Single,0,Rural,22090.67,536,13,Cash,No,No
5467,41,Male,Diploma,Self-Employed,41284.99,Single,0,Urban,5083.68,464,16,Credit Card,Yes,No
5468,40,Female,High School,Employed,32232.27,Married,1,Urban,2609.63,433,21,Mobile Money,No,No
5469,34,Female,Bachelor,Employed,47057.31,Single,0,Suburban,23985.57,451,14,Credit Card,No,No
5470,39,Female,High School,Unemployed,5000.0,Single,0,Rural,1000.0,384,12,Cash,No,No
5471,56,Male,High School,Employed,18504.81,Married,3,Suburban,8475.11,470,36,Mobile Money,No,No
5472,42,Female,High School,Self-Employed,29803.41,Married,0,Urban,14045.12,428,15,Debit Card,No,No
5473,33,Male,High School,Self-Employed,30000.9,Married,0,Suburban,6206.31,420,10,Cash,Yes,Yes
5474,31,Male,Diploma,Employed,29733.9,Single,0,Urban,9428.32,370,5,Credit Card,No,No
5475,35,Female,Diploma,Self-Employed,45997.73,Married,3,Suburban,11082.56,410,17,Debit Card,No,No
5476,57,Male,High School,Employed,11072.15,Single,0,Urban,2261.72,451,32,Credit Card,No,No
5477,35,Male,Bachelor,Self-Employed,69934.13,Single,0,Rural,25619.36,527,15,Debit Card,No,No
5478,37,Male,High School,Student,5000.0,Married,3,Rural,1000.0,385,10,Credit Card,No,No
5479,32,Female,Master,Student,10721.73,Married,0,Urban,2643.13,429,14,Cash,Yes,No
5480,51,Male,Bachelor,Unemployed,21195.0,Married,5,Urban,13661.9,453,30,Mobile Money,Yes,No
5481,61,Female,High School,Employed,32973.95,Single,0,Suburban,10515.04,439,40,Debit Card,No,No
5482,43,Female,PhD,Self-Employed,102960.75,Married,1,Urban,33510.86,616,18,Credit Card,Yes,No
5483,38,Female,Diploma,Self-Employed,51614.33,Married,0,Suburban,23432.71,426,11,Cash,Yes,No
5484,38,Female,Diploma,Employed,52391.16,Single,0,Suburban,11694.33,534,15,Credit Card,No,No
5485,18,Male,Diploma,Employed,31902.53,Single,0,Urban,5100.47,441,0,Credit Card,Yes,No
5486,46,Male,Bachelor,Employed,61030.2,Married,3,Suburban,24000.08,573,25,Mobile Money,No,Yes
5487,39,Male,Diploma,Employed,31095.15,Single,0,Urban,7440.77,475,12,Debit Card,Yes,No
5488,43,Male,High School,Student,15403.41,Married,2,Rural,6692.87,444,23,Credit Card,No,No
5489,29,Female,High School,Employed,24304.58,Married,0,Urban,6258.12,447,7,Debit Card,No,Yes
5490,33,Male,Bachelor,Employed,48999.02,Single,0,Urban,24283.93,470,6,Debit Card,Yes,Yes
5491,33,Male,High School,Employed,39193.68,Single,0,Rural,19611.37,411,13,Credit Card,No,No
5492,50,Female,High School,Unemployed,14772.6,Married,2,Urban,12365.28,454,24,Cash,No,No
5493,33,Female,Diploma,Student,5000.0,Single,0,Rural,1000.0,415,8,Debit Card,No,No
5494,62,Female,Master,Employed,71018.95,Married,5,Urban,13311.11,613,42,Cash,Yes,No
5495,43,Female,Diploma,Self-Employed,42320.38,Married,4,Urban,15439.79,437,25,Debit Card,No,No
5496,22,Female,Diploma,Employed,27258.1,Single,0,Urban,16687.39,317,0,Credit Card,Yes,No
5497,36,Female,Master,Employed,71514.28,Single,0,Rural,32555.16,536,13,Credit Card,No,Yes
5498,30,Male,High School,Self-Employed,33148.62,Married,1,Urban,4417.46,453,8,Credit Card,Yes,No
5499,18,Female,Bachelor,Employed,47433.33,Single,0,Suburban,27459.14,389,0,Debit Card,Yes,No
5500,57,Female,PhD,Employed,100437.72,Single,0,Urban,23129.6,602,33,Credit Card,No,No
5501,46,Male,Master,Employed,62703.84,Married,2,Rural,14866.1,520,27,Mobile Money,No,No
5502,44,Male,High School,Employed,31151.83,Married,2,Urban,6675.15,443,19,Credit Card,No,No
5503,39,Female,Diploma,Employed,48639.29,Married,0,Urban,9569.96,442,20,Credit Card,Yes,No
5504,21,Female,High School,Employed,27951.56,Single,0,Suburban,4464.45,427,0,Mobile Money,Yes,No
5505,32,Male,Master,Self-Employed,78126.6,Single,0,Suburban,25440.72,524,5,Debit Card,Yes,Yes
5506,48,Male,PhD,Employed,92381.99,Married,4,Urban,34625.51,592,27,Debit Card,Yes,No
5507,25,Female,High School,Employed,33645.6,Single,0,Urban,11671.69,439,1,Credit Card,Yes,No
5508,18,Female,Bachelor,Employed,62012.49,Single,0,Rural,25791.73,517,0,Credit Card,Yes,No
5509,35,Male,Master,Student,28969.68,Married,2,Urban,11600.66,417,8,Mobile Money,Yes,No
5510,36,Male,High School,Self-Employed,32341.67,Married,1,Urban,15526.12,476,17,Credit Card,Yes,No
5511,39,Female,High School,Student,7566.83,Married,2,Urban,1000.0,411,18,Debit Card,Yes,No
5512,46,Male,High School,Employed,19846.08,Married,4,Urban,3973.62,409,26,Credit Card,No,No
5513,45,Female,Diploma,Self-Employed,53331.02,Married,0,Rural,18220.18,498,22,Credit Card,Yes,No
5514,41,Male,Master,Employed,71469.73,Married,1,Suburban,10377.39,556,18,Credit Card,Yes,No
5515,52,Male,Master,Self-Employed,82570.48,Married,5,Urban,26394.49,572,27,Credit Card,No,No
5516,19,Male,High School,Employed,25055.52,Single,0,Suburban,2953.0,411,0,Mobile Money,No,No
5517,44,Male,High School,Self-Employed,33212.58,Married,3,Suburban,5746.34,443,22,Mobile Money,No,No
5518,45,Male,Diploma,Employed,41890.66,Single,0,Urban,23751.52,431,24,Debit Card,Yes,No
5519,23,Male,Bachelor,Employed,47270.64,Single,0,Urban,19062.27,403,3,Debit Card,Yes,No
5520,19,Female,Bachelor,Self-Employed,63543.04,Single,0,Suburban,22008.27,456,0,Mobile Money,No,No
5521,29,Male,Bachelor,Student,11133.42,Married,0,Rural,2291.14,406,7,Debit Card,Yes,Yes
5522,30,Female,Bachelor,Employed,42683.04,Single,0,Urban,22994.16,459,9,Mobile Money,No,No
5523,47,Male,High School,Student,5000.0,Single,0,Urban,1000.0,423,28,Debit Card,Yes,No
5524,30,Female,Diploma,Employed,34719.96,Single,0,Rural,13779.15,408,7,Mobile Money,Yes,No
5525,27,Male,PhD,Self-Employed,120545.85,Single,0,Urban,30721.74,582,5,Debit Card,Yes,No
5526,30,Male,High School,Student,5000.0,Married,0,Urban,1821.46,343,11,Debit Card,Yes,No
5527,51,Female,Bachelor,Employed,54553.67,Single,0,Suburban,17284.94,492,29,Credit Card,No,No
5528,38,Female,Diploma,Employed,31675.49,Married,1,Suburban,15334.59,484,13,Debit Card,Yes,No
5529,35,Female,Bachelor,Employed,48788.77,Single,0,Rural,10825.23,483,14,Cash,Yes,No
5530,36,Female,Bachelor,Employed,43471.93,Single,0,Urban,16507.75,446,18,Debit Card,Yes,No
5531,53,Female,Bachelor,Self-Employed,71362.42,Married,1,Urban,20130.84,523,28,Credit Card,No,No
5532,29,Male,Master,Self-Employed,73395.63,Married,0,Urban,25337.82,479,5,Mobile Money,No,No
5533,53,Female,Diploma,Student,15256.09,Single,0,Urban,5928.45,426,27,Credit Card,No,No
5534,40,Female,Bachelor,Employed,58743.18,Married,1,Rural,22572.45,522,15,Credit Card,Yes,No
5535,36,Female,High School,Employed,29396.79,Single,0,Rural,11636.47,395,12,Debit Card,No,No
5536,68,Female,Bachelor,Employed,62520.21,Married,3,Urban,16403.15,602,44,Credit Card,No,No
5537,25,Male,Diploma,Student,32825.61,Single,0,Urban,15119.47,461,0,Credit Card,Yes,No
5538,33,Male,Master,Employed,73820.21,Married,3,Urban,26538.61,520,15,Cash,No,No
5539,23,Female,Diploma,Student,5000.0,Single,0,Suburban,1000.0,362,0,Mobile Money,No,No
5540,49,Female,High School,Employed,41912.14,Married,2,Suburban,14074.02,501,23,Debit Card,No,No
5541,58,Female,High School,Self-Employed,37488.89,Married,5,Urban,11721.09,448,34,Debit Card,Yes,No
5542,58,Female,PhD,Employed,106888.99,Single,0,Suburban,49217.82,581,36,Debit Card,Yes,No
5543,52,Male,Diploma,Unemployed,7951.6,Married,0,Rural,1000.0,426,34,Debit Card,Yes,No
5544,35,Male,High School,Employed,40255.55,Single,0,Suburban,12111.65,415,8,Cash,No,No
5545,33,Male,High School,Self-Employed,35998.75,Married,1,Urban,13737.18,417,10,Cash,Yes,No
5546,18,Female,Diploma,Self-Employed,69253.83,Single,0,Suburban,24766.85,475,0,Debit Card,Yes,No
5547,62,Female,High School,Employed,27747.19,Married,1,Rural,10669.25,429,42,Debit Card,No,No
5548,43,Male,Bachelor,Employed,79013.35,Married,1,Suburban,18622.81,562,21,Credit Card,No,No
5549,32,Female,High School,Unemployed,12518.61,Married,0,Urban,5807.21,393,14,Mobile Money,Yes,No
5550,53,Male,Bachelor,Employed,61775.72,Married,2,Urban,24449.89,571,29,Credit Card,Yes,No
5551,26,Male,High School,Unemployed,22602.66,Single,0,Urban,6482.4,350,6,Debit Card,Yes,No
5552,42,Female,Diploma,Self-Employed,41697.97,Single,0,Urban,6987.88,464,19,Cash,Yes,No
5553,35,Male,Bachelor,Employed,62752.77,Married,0,Rural,32226.28,471,11,Credit Card,No,No
5554,45,Female,High School,Employed,27657.97,Married,1,Suburban,9995.8,477,24,Credit Card,Yes,No
5555,37,Female,Diploma,Self-Employed,49208.95,Married,2,Urban,12775.67,493,13,Credit Card,Yes,Yes
5556,20,Female,Diploma,Self-Employed,48664.49,Single,0,Suburban,16666.41,463,0,Credit Card,No,No
5557,38,Male,High School,Unemployed,13579.29,Single,0,Urban,10842.44,412,13,Credit Card,No,No
5558,50,Male,Bachelor,Employed,59241.47,Married,4,Urban,26744.38,510,23,Mobile Money,Yes,Yes
5559,37,Female,Bachelor,Student,6398.44,Single,0,Suburban,1000.0,399,11,Mobile Money,Yes,No
5560,47,Female,Bachelor,Employed,55998.83,Married,1,Urban,18339.08,491,21,Debit Card,Yes,No
5561,25,Female,High School,Unemployed,5000.0,Married,1,Urban,1000.0,394,1,Debit Card,Yes,No
5562,37,Male,Diploma,Employed,47921.39,Single,0,Urban,11842.17,441,19,Credit Card,Yes,No
5563,30,Male,High School,Employed,43551.53,Single,0,Suburban,9399.81,451,8,Debit Card,Yes,No
5564,46,Female,Bachelor,Employed,56525.02,Married,2,Suburban,11882.94,511,19,Credit Card,Yes,No
5565,38,Female,Diploma,Employed,27151.82,Married,0,Urban,6419.57,425,20,Credit Card,Yes,No
5566,46,Male,Diploma,Student,13943.58,Married,2,Urban,7161.6,420,28,Debit Card,Yes,No
5567,51,Male,Bachelor,Employed,48889.84,Married,2,Suburban,9321.64,510,32,Mobile Money,No,No
5568,46,Female,High School,Employed,31458.53,Married,2,Urban,17412.73,441,26,Credit Card,Yes,No
5569,41,Male,PhD,Employed,95484.07,Single,0,Urban,29169.66,591,15,Debit Card,Yes,No
5570,26,Male,High School,Employed,34371.6,Married,0,Urban,12584.32,396,6,Debit Card,No,No
5571,37,Male,Bachelor,Employed,63646.84,Married,2,Urban,17495.97,467,16,Mobile Money,Yes,No
5572,31,Male,Diploma,Employed,41171.05,Married,0,Urban,3759.91,399,11,Mobile Money,Yes,No
5573,33,Female,Master,Employed,71386.89,Married,0,Suburban,34634.52,474,14,Debit Card,No,No
5574,33,Male,High School,Employed,35894.32,Married,3,Suburban,4604.12,448,12,Debit Card,No,No
5575,26,Male,Diploma,Employed,39428.86,Married,1,Suburban,23807.89,427,0,Debit Card,No,No
5576,18,Male,Diploma,Employed,34496.78,Single,0,Suburban,2352.17,412,0,Mobile Money,No,No
5577,29,Male,PhD,Self-Employed,111616.15,Single,0,Urban,27788.19,576,6,Credit Card,No,No
5578,40,Female,PhD,Self-Employed,98969.1,Single,0,Urban,48362.37,530,22,Credit Card,No,No
5579,21,Male,High School,Self-Employed,35352.88,Single,0,Suburban,15390.38,424,0,Credit Card,No,No
5580,38,Female,Bachelor,Student,5000.0,Married,1,Urban,2515.43,368,16,Cash,Yes,No
5581,60,Male,Bachelor,Unemployed,12061.5,Married,4,Urban,3902.01,440,35,Credit Card,No,No
5582,50,Male,High School,Employed,25893.27,Married,5,Suburban,9880.4,510,24,Credit Card,Yes,No
5583,57,Male,High School,Employed,22126.27,Married,1,Urban,7240.35,423,36,Debit Card,Yes,Yes
5584,42,Male,PhD,Student,26804.26,Married,2,Suburban,4484.76,446,17,Credit Card,Yes,No
5585,52,Female,Diploma,Self-Employed,56143.93,Married,2,Urban,11004.85,557,27,Credit Card,Yes,No
5586,29,Male,High School,Employed,40512.1,Single,0,Urban,13183.01,450,8,Mobile Money,No,No
5587,30,Female,High School,Employed,28497.25,Married,0,Rural,9149.79,411,12,Debit Card,Yes,No
5588,18,Male,Diploma,Student,5000.0,Single,0,Rural,9232.83,376,0,Credit Card,Yes,Yes
5589,52,Male,Bachelor,Unemployed,22928.68,Married,1,Rural,9152.28,472,25,Debit Card,No,No
5590,56,Male,Diploma,Employed,41027.3,Married,2,Suburban,11744.95,564,32,Credit Card,Yes,No
5591,31,Female,Diploma,Student,8988.14,Single,0,Urban,3740.85,312,11,Credit Card,Yes,Yes
5592,34,Male,High School,Student,5000.0,Single,0,Urban,3783.29,401,11,Credit Card,Yes,No
5593,28,Male,Diploma,Employed,46052.12,Single,0,Urban,20015.03,429,9,Cash,Yes,No
5594,42,Male,High School,Unemployed,13991.8,Married,3,Urban,4936.82,445,15,Credit Card,Yes,No
5595,51,Male,Master,Unemployed,20956.67,Married,2,Urban,8442.58,411,27,Mobile Money,No,No
5596,18,Female,High School,Employed,36526.78,Single,0,Urban,9980.18,477,0,Credit Card,Yes,No
5597,42,Female,Bachelor,Self-Employed,70813.62,Single,0,Urban,21625.23,488,16,Credit Card,No,No
5598,34,Female,Diploma,Employed,34426.52,Single,0,Rural,18762.5,394,16,Credit Card,Yes,No
5599,39,Female,Diploma,Self-Employed,46241.71,Married,1,Suburban,14250.45,411,13,Credit Card,Yes,Yes
5600,43,Female,Diploma,Student,5000.0,Married,0,Urban,1619.34,353,23,Credit Card,No,No
5601,35,Male,Bachelor,Employed,66697.91,Single,0,Urban,10958.44,519,11,Debit Card,Yes,No
5602,36,Female,Master,Employed,77817.44,Single,0,Urban,29544.29,579,13,Mobile Money,Yes,No
5603,35,Male,Diploma,Student,5000.0,Married,3,Rural,1000.0,341,9,Credit Card,Yes,No
5604,49,Male,High School,Student,10951.0,Married,0,Urban,5648.53,421,23,Debit Card,No,Yes
5605,43,Female,Bachelor,Employed,57228.74,Married,3,Urban,29282.57,451,22,Debit Card,No,No
5606,40,Female,High School,Student,5000.0,Married,0,Suburban,4820.07,304,18,Credit Card,Yes,No
5607,22,Female,Bachelor,Employed,55994.62,Single,0,Urban,24061.98,440,1,Credit Card,Yes,No
5608,33,Female,High School,Employed,36867.08,Married,0,Urban,13077.5,492,7,Debit Card,No,No
5609,48,Male,Bachelor,Self-Employed,73519.36,Married,3,Urban,26041.31,468,26,Credit Card,No,No
5610,38,Male,Bachelor,Self-Employed,84655.87,Single,0,Suburban,39230.21,559,12,Credit Card,No,No
5611,45,Male,High School,Self-Employed,36754.31,Single,0,Urban,9091.89,420,20,Credit Card,No,No
5612,59,Female,Bachelor,Employed,53097.69,Single,0,Rural,10429.76,489,40,Debit Card,No,No
5613,50,Female,Diploma,Employed,44497.12,Single,0,Urban,25078.45,478,27,Debit Card,No,No
5614,39,Male,High School,Student,5000.0,Married,1,Urban,1000.0,395,15,Credit Card,Yes,No
5615,31,Male,Diploma,Employed,35320.76,Single,0,Urban,13015.23,385,11,Debit Card,Yes,No
5616,18,Male,Diploma,Employed,32593.73,Single,0,Urban,10023.64,409,0,Debit Card,Yes,No
5617,35,Female,High School,Unemployed,5000.0,Married,1,Urban,4400.74,392,14,Debit Card,Yes,No
5618,34,Female,PhD,Self-Employed,113878.72,Married,1,Suburban,51913.86,565,13,Cash,No,No
5619,42,Male,Bachelor,Employed,41896.21,Single,0,Urban,17216.95,442,21,Mobile Money,No,No
5620,36,Female,High School,Employed,22961.17,Married,0,Suburban,5535.07,385,16,Cash,No,No
5621,34,Female,Master,Unemployed,23339.55,Married,1,Suburban,10381.26,454,11,Debit Card,Yes,No
5622,18,Male,Diploma,Student,5427.95,Single,0,Urban,1699.55,360,0,Credit Card,Yes,Yes
5623,26,Female,Bachelor,Employed,72194.38,Married,0,Rural,16017.97,482,3,Cash,Yes,No
5624,43,Male,Diploma,Employed,27926.08,Single,0,Rural,6231.25,438,24,Cash,No,No
5625,58,Male,Bachelor,Employed,72909.77,Married,1,Rural,14493.82,601,34,Cash,No,No
5626,36,Male,Bachelor,Unemployed,27544.68,Single,0,Suburban,14941.03,459,11,Mobile Money,Yes,No
5627,41,Female,Bachelor,Employed,62272.77,Married,3,Rural,27516.16,550,15,Debit Card,Yes,No
5628,49,Female,High School,Self-Employed,47514.5,Single,0,Suburban,14669.77,504,29,Credit Card,No,No
5629,28,Male,Diploma,Employed,43236.9,Married,0,Urban,8616.1,444,2,Mobile Money,Yes,No
5630,42,Female,Diploma,Employed,26373.98,Married,2,Suburban,13941.97,391,19,Credit Card,No,No
5631,29,Male,High School,Unemployed,13118.81,Married,0,Suburban,6137.58,406,2,Credit Card,No,Yes
5632,48,Female,Diploma,Employed,28154.6,Married,1,Urban,9380.26,502,24,Cash,Yes,No
5633,39,Female,Bachelor,Unemployed,12273.1,Married,1,Rural,1000.0,388,21,Debit Card,No,No
5634,41,Male,Master,Employed,69375.34,Married,1,Urban,36113.57,563,15,Mobile Money,Yes,No
5635,28,Male,Diploma,Employed,32711.5,Single,0,Suburban,6812.74,409,8,Credit Card,No,No
5636,46,Female,High School,Employed,37568.36,Married,5,Urban,14123.51,490,27,Mobile Money,Yes,No
5637,63,Male,Master,Employed,68289.94,Married,5,Urban,18578.56,575,37,Credit Card,Yes,No
5638,25,Female,Master,Employed,73274.47,Single,0,Rural,31550.03,481,5,Debit Card,No,No
5639,33,Female,Diploma,Unemployed,11924.69,Married,1,Suburban,1734.98,378,9,Credit Card,No,No
5640,40,Female,High School,Employed,31009.43,Single,0,Rural,18408.09,423,20,Credit Card,No,No
5641,47,Male,Bachelor,Unemployed,9405.06,Married,2,Urban,2175.91,381,28,Mobile Money,No,No
5642,31,Male,Bachelor,Employed,45607.67,Married,3,Suburban,18010.27,461,5,Credit Card,No,No
5643,18,Male,High School,Employed,28769.85,Single,0,Suburban,2099.08,374,0,Credit Card,No,No
5644,54,Female,Bachelor,Employed,47271.09,Married,0,Urban,8653.71,513,36,Debit Card,No,No
5645,47,Male,Bachelor,Unemployed,27648.45,Married,1,Urban,13945.27,487,21,Cash,Yes,No
5646,18,Male,Diploma,Employed,28988.52,Married,2,Rural,13108.35,396,0,Credit Card,No,No
5647,30,Female,Bachelor,Employed,73696.02,Married,1,Urban,38752.0,494,9,Mobile Money,No,No
5648,56,Female,Diploma,Employed,42416.2,Married,4,Rural,9700.12,525,36,Mobile Money,No,No
5649,55,Male,Bachelor,Employed,55554.62,Married,2,Suburban,15380.7,502,36,Credit Card,Yes,No
5650,49,Female,Bachelor,Employed,50677.87,Married,3,Suburban,15545.4,507,23,Debit Card,Yes,No
5651,35,Female,High School,Employed,35255.37,Married,0,Urban,20465.93,349,17,Credit Card,No,No
5652,38,Male,Bachelor,Employed,53365.8,Married,2,Urban,13044.89,508,14,Debit Card,Yes,No
5653,36,Male,Bachelor,Employed,57403.79,Married,1,Urban,23428.72,508,18,Debit Card,Yes,No
5654,51,Female,PhD,Self-Employed,114734.59,Married,2,Urban,46933.13,562,32,Cash,No,Yes
5655,27,Female,Diploma,Unemployed,17354.48,Married,1,Suburban,4814.15,362,6,Debit Card,No,No
5656,28,Male,High School,Self-Employed,45918.89,Married,2,Urban,21798.21,414,8,Credit Card,Yes,No
5657,50,Male,PhD,Employed,94302.73,Married,3,Suburban,37190.54,581,28,Credit Card,Yes,No
5658,37,Male,Bachelor,Employed,47389.86,Married,3,Suburban,23717.11,425,10,Debit Card,No,No
5659,54,Female,Master,Unemployed,5000.0,Married,3,Rural,4783.59,420,29,Credit Card,Yes,No
5660,29,Male,High School,Employed,31688.27,Married,0,Rural,3969.57,476,7,Debit Card,No,No
5661,37,Male,Diploma,Employed,41803.71,Married,1,Urban,12487.02,456,18,Mobile Money,No,No
5662,26,Female,High School,Student,21407.44,Married,1,Rural,5267.91,430,1,Debit Card,Yes,No
5663,38,Female,Master,Student,13073.28,Single,0,Suburban,1017.83,403,12,Debit Card,No,No
5664,20,Female,Master,Unemployed,23995.94,Married,1,Urban,8914.58,344,2,Debit Card,Yes,No
5665,32,Male,Bachelor,Student,17217.41,Single,0,Rural,5003.03,393,7,Cash,No,No
5666,20,Male,High School,Unemployed,13107.26,Married,0,Suburban,10077.2,300,0,Credit Card,No,No
5667,46,Male,High School,Self-Employed,42751.55,Married,3,Suburban,17783.24,482,22,Cash,No,No
5668,46,Female,Bachelor,Employed,48454.33,Single,0,Suburban,17747.68,481,22,Debit Card,No,No
5669,18,Female,Bachelor,Student,5000.0,Married,0,Urban,2682.95,400,0,Debit Card,No,No
5670,54,Male,Bachelor,Unemployed,14255.51,Married,1,Urban,3886.6,456,29,Credit Card,No,No
5671,67,Male,Diploma,Employed,22607.47,Single,0,Urban,4120.53,473,44,Debit Card,Yes,No
5672,38,Female,Diploma,Employed,39683.36,Single,0,Suburban,12621.62,435,17,Debit Card,Yes,No
5673,30,Female,High School,Employed,24723.34,Married,1,Suburban,2432.55,423,5,Credit Card,No,Yes
5674,70,Male,Bachelor,Student,13577.71,Married,5,Urban,4257.33,360,44,Debit Card,No,No
5675,22,Female,Diploma,Employed,37879.45,Married,1,Urban,16445.85,422,0,Debit Card,Yes,No
5676,38,Female,Master,Employed,61876.54,Single,0,Suburban,14999.75,488,20,Cash,No,No
5677,40,Female,Bachelor,Employed,65486.85,Single,0,Urban,17262.53,503,20,Debit Card,No,No
5678,54,Female,Diploma,Student,8660.15,Married,4,Suburban,1000.0,403,32,Debit Card,Yes,No
5679,42,Female,Diploma,Self-Employed,54902.87,Married,2,Urban,22964.58,543,16,Cash,Yes,No
5680,32,Female,Master,Employed,71468.12,Married,1,Urban,23292.6,508,7,Debit Card,Yes,No
5681,26,Female,High School,Employed,33711.96,Married,0,Urban,21820.12,452,2,Mobile Money,Yes,No
5682,33,Male,Diploma,Employed,29112.03,Single,0,Suburban,14789.96,410,10,Debit Card,Yes,No
5683,25,Male,Master,Employed,80224.83,Single,0,Urban,22052.6,495,0,Mobile Money,No,No
5684,38,Female,Bachelor,Employed,62029.45,Married,0,Urban,12684.3,542,20,Credit Card,Yes,No
5685,31,Female,Bachelor,Employed,54849.28,Single,0,Rural,9050.65,495,12,Credit Card,Yes,No
5686,20,Female,High School,Employed,32304.02,Married,0,Urban,5729.86,387,0,Mobile Money,Yes,Yes
5687,53,Male,Master,Employed,78020.85,Married,4,Urban,24337.87,591,30,Credit Card,No,No
5688,32,Female,High School,Employed,27024.0,Married,0,Urban,11663.18,383,8,Cash,Yes,No
5689,22,Male,High School,Student,5000.0,Single,0,Rural,1000.0,386,0,Cash,Yes,Yes
5690,35,Female,High School,Employed,27173.89,Single,0,Suburban,10661.4,443,11,Debit Card,No,No
5691,38,Male,High School,Employed,31219.12,Married,2,Rural,13249.87,435,12,Debit Card,No,No
5692,18,Male,PhD,Employed,89740.48,Single,0,Suburban,29821.73,524,0,Debit Card,No,No
5693,41,Male,Bachelor,Employed,65540.53,Married,1,Urban,18244.92,481,17,Cash,Yes,No
5694,25,Female,Bachelor,Employed,47320.78,Married,1,Urban,15008.48,433,4,Debit Card,Yes,No
5695,58,Male,PhD,Employed,83333.67,Single,0,Suburban,41485.32,623,36,Debit Card,No,No
5696,44,Male,High School,Self-Employed,27535.63,Married,4,Rural,3778.76,479,17,Debit Card,Yes,No
5697,33,Male,High School,Employed,33429.93,Single,0,Rural,15010.01,402,11,Cash,No,No
5698,29,Male,Bachelor,Employed,42791.73,Married,0,Suburban,15879.81,454,7,Debit Card,Yes,No
5699,36,Female,Bachelor,Student,16950.05,Married,1,Suburban,8593.84,357,16,Mobile Money,No,No
5700,45,Male,Diploma,Employed,32536.92,Married,2,Suburban,6676.84,498,23,Debit Card,No,No
5701,37,Male,High School,Self-Employed,29815.18,Married,1,Suburban,11090.23,442,14,Mobile Money,No,No
5702,35,Female,Diploma,Employed,54161.8,Married,3,Urban,20002.26,464,11,Credit Card,Yes,No
5703,38,Female,Diploma,Employed,49860.64,Married,1,Urban,18585.29,407,17,Debit Card,Yes,Yes
5704,30,Female,Diploma,Employed,40953.71,Married,0,Urban,15392.08,437,10,Credit Card,Yes,No
5705,33,Female,High School,Employed,19511.69,Single,0,Suburban,7103.84,469,8,Credit Card,Yes,No
5706,18,Female,Diploma,Student,24115.38,Married,0,Urban,9692.66,375,0,Credit Card,Yes,Yes
5707,49,Male,Diploma,Employed,38429.43,Married,3,Urban,18041.81,483,25,Credit Card,Yes,No
5708,41,Female,Diploma,Employed,41980.65,Married,2,Suburban,11923.94,457,16,Cash,Yes,No
5709,28,Female,PhD,Self-Employed,115295.47,Married,1,Urban,46752.82,570,2,Credit Card,Yes,No
5710,60,Female,Master,Employed,54296.84,Married,3,Urban,23401.23,540,37,Mobile Money,Yes,No
5711,39,Female,Bachelor,Self-Employed,60879.7,Married,1,Rural,22965.83,545,12,Debit Card,Yes,No
5712,25,Female,PhD,Employed,89455.4,Single,0,Rural,19383.61,542,0,Mobile Money,Yes,No
5713,48,Male,PhD,Self-Employed,109045.76,Married,2,Urban,45585.73,615,24,Debit Card,Yes,No
5714,42,Male,Diploma,Unemployed,5000.0,Married,1,Suburban,3753.49,379,17,Credit Card,No,No
5715,42,Female,Diploma,Employed,42610.7,Married,1,Suburban,12245.31,473,19,Credit Card,No,No
5716,32,Female,PhD,Employed,90269.92,Married,0,Suburban,36501.16,528,9,Cash,Yes,No
5717,43,Male,Bachelor,Employed,68338.54,Married,2,Urban,31091.87,515,24,Credit Card,Yes,No
5718,34,Female,High School,Employed,38002.33,Married,2,Rural,12850.23,471,7,Debit Card,No,No
5719,44,Female,Bachelor,Employed,52845.95,Single,0,Suburban,10161.12,505,22,Cash,No,No
5720,18,Male,High School,Student,5000.0,Single,0,Urban,3946.31,344,0,Mobile Money,Yes,Yes
5721,32,Female,Diploma,Employed,48115.97,Married,0,Suburban,6014.38,406,13,Debit Card,No,No
5722,58,Female,High School,Employed,32268.99,Married,2,Urban,10190.06,469,36,Debit Card,No,No
5723,28,Male,High School,Employed,19030.93,Married,0,Suburban,8538.09,448,5,Debit Card,No,Yes
5724,30,Female,High School,Employed,46750.33,Married,0,Suburban,14399.58,481,10,Credit Card,No,No
5725,32,Male,Master,Employed,62081.05,Married,0,Urban,17466.14,519,8,Credit Card,Yes,No
5726,23,Male,Diploma,Employed,59831.76,Single,0,Urban,27139.25,441,3,Mobile Money,Yes,No
5727,18,Male,High School,Employed,33423.64,Single,0,Suburban,5703.57,451,0,Credit Card,No,Yes
5728,35,Female,High School,Employed,24916.47,Married,1,Suburban,2719.99,395,12,Credit Card,Yes,No
5729,39,Male,Bachelor,Self-Employed,47063.74,Married,0,Urban,22826.76,476,13,Cash,Yes,No
5730,37,Male,PhD,Student,24214.12,Married,0,Suburban,7245.26,397,18,Credit Card,No,No
5731,36,Female,High School,Employed,17597.52,Married,1,Suburban,4878.56,452,13,Cash,No,No
5732,38,Male,High School,Unemployed,11858.36,Married,0,Urban,2014.04,419,11,Credit Card,Yes,No
5733,50,Female,Diploma,Employed,55469.06,Single,0,Suburban,16700.65,547,28,Debit Card,Yes,No
5734,35,Female,Bachelor,Self-Employed,56898.57,Married,2,Urban,12523.1,405,14,Cash,Yes,No
5735,31,Female,Diploma,Employed,45904.44,Married,0,Rural,16056.23,460,4,Cash,Yes,No
5736,34,Female,Diploma,Unemployed,5507.2,Single,0,Urban,1000.0,347,7,Debit Card,No,No
5737,44,Male,Diploma,Unemployed,21065.2,Married,3,Urban,8871.52,429,25,Debit Card,No,No
5738,54,Male,Diploma,Self-Employed,48526.58,Married,2,Suburban,14340.21,443,29,Credit Card,No,No
5739,30,Female,Master,Unemployed,20847.49,Single,0,Urban,10402.21,372,10,Mobile Money,Yes,No
5740,39,Female,High School,Employed,39658.31,Single,0,Rural,7800.05,426,18,Debit Card,Yes,No
5741,42,Male,High School,Employed,35002.34,Single,0,Suburban,7308.36,405,16,Credit Card,No,No
5742,26,Female,Master,Self-Employed,77562.49,Married,1,Rural,25553.45,492,0,Mobile Money,Yes,No
5743,38,Male,Master,Employed,84296.91,Single,0,Suburban,31076.22,576,15,Credit Card,No,No
5744,20,Female,High School,Employed,17713.39,Single,0,Suburban,2633.78,382,0,Cash,No,Yes
5745,18,Female,PhD,Employed,92205.58,Single,0,Urban,24340.13,491,0,Credit Card,Yes,Yes
5746,42,Female,Bachelor,Self-Employed,59417.08,Married,2,Suburban,34624.28,498,18,Mobile Money,Yes,No
5747,33,Female,Diploma,Employed,28102.2,Married,0,Suburban,12045.37,424,14,Credit Card,No,Yes
5748,40,Female,Diploma,Self-Employed,38926.55,Married,1,Rural,7152.81,489,16,Debit Card,Yes,No
5749,37,Male,Diploma,Self-Employed,47606.08,Single,0,Urban,14783.81,505,16,Debit Card,Yes,No
5750,26,Female,High School,Employed,32797.81,Married,4,Urban,8722.67,420,3,Credit Card,Yes,No
5751,37,Female,Diploma,Employed,48471.45,Single,0,Suburban,13107.89,474,11,Credit Card,No,No
5752,23,Female,Bachelor,Student,22808.29,Single,0,Urban,11038.69,435,0,Credit Card,Yes,Yes
5753,54,Female,Master,Unemployed,23221.5,Single,0,Suburban,1777.5,409,29,Cash,No,No
5754,21,Male,Diploma,Employed,36454.45,Single,0,Urban,8355.47,402,0,Credit Card,Yes,Yes
5755,35,Female,Diploma,Employed,48312.14,Single,0,Suburban,9851.09,422,13,Credit Card,Yes,No
5756,25,Female,Diploma,Employed,35082.87,Married,1,Urban,16306.34,395,7,Credit Card,No,No
5757,44,Male,Bachelor,Employed,42235.08,Married,2,Urban,12384.15,512,19,Debit Card,Yes,No
5758,34,Male,Bachelor,Employed,62512.09,Single,0,Rural,25361.21,521,13,Credit Card,No,No
5759,31,Female,Diploma,Student,18591.29,Married,1,Suburban,8278.72,386,8,Credit Card,No,No
5760,48,Male,Bachelor,Student,5000.0,Married,2,Suburban,4829.54,384,24,Debit Card,Yes,No
5761,38,Male,Diploma,Unemployed,27686.59,Married,3,Suburban,11425.34,436,16,Credit Card,No,No
5762,44,Male,Bachelor,Employed,59664.42,Married,1,Urban,28696.36,524,18,Credit Card,Yes,No
5763,26,Female,High School,Employed,33471.7,Married,0,Suburban,7874.79,412,8,Credit Card,No,Yes
5764,21,Female,Diploma,Employed,35866.51,Single,0,Suburban,11473.9,416,0,Mobile Money,Yes,No
5765,39,Male,Diploma,Self-Employed,56138.31,Married,2,Urban,24366.59,507,15,Cash,Yes,No
5766,34,Female,Master,Employed,57804.97,Single,0,Suburban,24276.78,480,14,Mobile Money,No,No
5767,45,Female,Bachelor,Self-Employed,63281.68,Married,1,Rural,25171.85,536,27,Debit Card,No,No
5768,37,Male,PhD,Self-Employed,102134.69,Single,0,Suburban,28224.28,598,19,Credit Card,Yes,No
5769,40,Male,High School,Self-Employed,25528.54,Married,1,Suburban,5004.41,427,22,Credit Card,Yes,No
5770,18,Female,Diploma,Employed,46903.9,Married,0,Urban,20405.65,434,0,Debit Card,Yes,Yes
5771,60,Male,Diploma,Self-Employed,50729.11,Married,5,Suburban,8517.48,520,39,Credit Card,No,No
5772,36,Female,Bachelor,Employed,61437.53,Married,2,Suburban,24597.82,503,14,Credit Card,Yes,No
5773,46,Male,Master,Self-Employed,81773.6,Married,0,Suburban,40239.16,541,23,Credit Card,No,No
5774,27,Male,Master,Employed,77880.64,Married,0,Suburban,20516.04,535,9,Cash,No,No
5775,41,Female,Bachelor,Employed,55617.13,Single,0,Urban,24786.83,477,16,Mobile Money,Yes,No
5776,22,Male,Bachelor,Employed,51222.83,Single,0,Suburban,19115.07,451,4,Debit Card,Yes,Yes
5777,43,Female,Master,Employed,64888.89,Single,0,Suburban,25622.27,454,16,Credit Card,Yes,No
5778,33,Male,Diploma,Student,5000.0,Married,1,Urban,1000.0,380,10,Credit Card,Yes,No
5779,38,Male,Master,Employed,79314.97,Married,4,Urban,21457.4,557,17,Mobile Money,No,No
5780,46,Male,Master,Student,22407.24,Married,1,Urban,15169.26,408,27,Credit Card,Yes,No
5781,23,Male,Diploma,Employed,63418.95,Married,0,Urban,25971.45,416,0,Credit Card,Yes,No
5782,29,Male,Bachelor,Employed,52323.04,Single,0,Urban,26194.87,445,10,Credit Card,No,No
5783,43,Male,Diploma,Employed,34665.65,Married,1,Suburban,15202.83,398,18,Cash,No,No
5784,63,Female,High School,Employed,16388.52,Married,3,Suburban,4398.92,443,40,Cash,No,No
5785,36,Female,Bachelor,Self-Employed,73679.73,Married,0,Urban,29683.69,483,13,Credit Card,No,No
5786,45,Male,High School,Employed,35838.61,Married,0,Rural,15518.5,453,26,Credit Card,No,No
5787,36,Female,Diploma,Unemployed,24414.24,Married,1,Urban,1000.0,416,10,Debit Card,No,No
5788,61,Male,Master,Employed,62666.86,Married,5,Suburban,20475.31,569,39,Mobile Money,No,No
5789,18,Male,High School,Employed,35730.92,Single,0,Urban,15373.72,460,0,Cash,Yes,No
5790,39,Female,High School,Employed,25823.68,Single,0,Urban,9425.66,421,19,Cash,Yes,No
5791,18,Male,Bachelor,Self-Employed,76749.73,Single,0,Suburban,31510.5,482,0,Cash,No,No
5792,18,Female,Diploma,Self-Employed,52289.72,Single,0,Urban,20165.53,432,0,Credit Card,No,No
5793,41,Male,Diploma,Employed,27554.45,Married,2,Urban,9838.53,435,15,Debit Card,Yes,No
5794,39,Female,Diploma,Employed,38950.42,Married,1,Urban,13504.39,420,21,Credit Card,Yes,No
5795,34,Female,High School,Self-Employed,20415.09,Single,0,Urban,5524.09,457,8,Cash,Yes,Yes
5796,36,Male,High School,Student,5000.0,Married,0,Urban,2859.27,401,17,Cash,Yes,No
5797,70,Male,Master,Employed,61177.62,Married,5,Urban,20313.27,596,43,Debit Card,Yes,No
5798,34,Female,High School,Self-Employed,30872.47,Married,1,Suburban,7227.11,453,15,Credit Card,No,Yes
5799,44,Female,Diploma,Employed,37898.51,Married,3,Urban,21169.81,490,18,Debit Card,Yes,No
5800,30,Male,PhD,Employed,91316.66,Single,0,Urban,31868.73,555,11,Debit Card,Yes,No
5801,41,Male,Master,Student,14916.37,Married,0,Urban,7045.69,452,17,Debit Card,No,No
5802,35,Male,High School,Self-Employed,35809.12,Single,0,Rural,16074.68,444,10,Debit Card,No,No
5803,33,Female,Bachelor,Unemployed,19159.08,Married,1,Urban,3237.64,410,15,Credit Card,Yes,No
5804,59,Female,Bachelor,Employed,45001.64,Married,2,Urban,14931.49,489,36,Credit Card,Yes,No
5805,52,Male,Bachelor,Employed,55585.43,Married,3,Suburban,18517.72,513,30,Credit Card,No,No
5806,39,Male,Bachelor,Self-Employed,77475.67,Single,0,Rural,16084.98,553,15,Mobile Money,No,No
5807,18,Female,Diploma,Student,6673.58,Single,0,Rural,4105.69,339,0,Debit Card,No,No
5808,33,Female,High School,Unemployed,12957.38,Single,0,Urban,6555.13,365,11,Debit Card,Yes,No
5809,70,Female,Diploma,Employed,43213.0,Married,3,Urban,15284.19,560,49,Credit Card,Yes,No
5810,35,Male,Bachelor,Employed,61898.15,Married,2,Urban,24702.17,496,16,Debit Card,Yes,No
5811,51,Female,Bachelor,Employed,57297.11,Married,3,Urban,29467.31,518,24,Cash,No,No
5812,55,Female,High School,Employed,36762.92,Married,2,Rural,9207.79,528,37,Cash,Yes,No
5813,40,Male,High School,Employed,34058.33,Single,0,Suburban,15029.09,404,20,Mobile Money,No,No
5814,27,Female,PhD,Employed,95258.28,Single,0,Rural,23649.73,568,3,Cash,No,No
5815,18,Female,High School,Self-Employed,39537.02,Married,1,Suburban,22696.99,376,0,Credit Card,No,Yes
5816,46,Female,Diploma,Self-Employed,39945.69,Married,3,Urban,10741.9,422,22,Credit Card,No,No
5817,28,Female,Bachelor,Unemployed,7133.89,Single,0,Suburban,3765.9,365,3,Credit Card,Yes,No
5818,40,Male,Diploma,Student,5174.18,Married,1,Urban,5981.53,436,15,Credit Card,No,No
5819,23,Male,High School,Employed,42413.12,Single,0,Urban,18897.19,417,0,Cash,Yes,No
5820,34,Male,Diploma,Unemployed,10626.78,Married,1,Rural,5215.16,411,13,Debit Card,No,No
5821,38,Female,Bachelor,Self-Employed,68476.48,Married,2,Suburban,20889.06,496,17,Debit Card,No,No
5822,41,Male,Diploma,Student,5000.0,Single,0,Urban,1019.33,370,23,Debit Card,Yes,No
5823,24,Female,Master,Employed,71549.94,Single,0,Suburban,33216.37,476,2,Debit Card,No,No
5824,52,Male,Diploma,Employed,40687.26,Married,5,Urban,15422.34,454,34,Credit Card,No,No
5825,30,Female,Bachelor,Self-Employed,44613.45,Married,0,Urban,9040.8,468,7,Debit Card,Yes,No
5826,18,Female,High School,Student,8327.11,Single,0,Suburban,6513.61,311,0,Cash,Yes,No
5827,36,Female,Diploma,Unemployed,5000.0,Married,0,Urban,1000.0,382,11,Credit Card,Yes,No
5828,38,Female,Bachelor,Self-Employed,60197.21,Single,0,Urban,26491.96,486,16,Mobile Money,No,No
5829,39,Female,High School,Employed,37955.78,Married,1,Urban,15751.11,405,15,Credit Card,Yes,No
5830,54,Male,Bachelor,Self-Employed,67259.61,Single,0,Rural,25012.69,511,31,Debit Card,Yes,No
5831,35,Male,High School,Unemployed,5412.4,Married,4,Urban,2557.86,386,12,Cash,No,No
5832,36,Male,High School,Self-Employed,31727.4,Single,0,Suburban,7772.37,425,9,Cash,No,Yes
5833,24,Female,Bachelor,Self-Employed,62656.06,Single,0,Urban,28486.08,489,0,Debit Card,Yes,No
5834,47,Male,Bachelor,Employed,56287.11,Married,1,Suburban,19649.69,501,28,Credit Card,Yes,No
5835,40,Female,High School,Self-Employed,26394.86,Single,0,Urban,10291.66,435,16,Credit Card,No,No
5836,32,Male,Master,Employed,78995.34,Married,1,Suburban,19914.92,539,10,Debit Card,No,No
5837,18,Female,High School,Student,5000.0,Single,0,Suburban,2942.98,311,0,Debit Card,No,No
5838,55,Female,High School,Self-Employed,22183.54,Married,2,Urban,6353.37,404,35,Mobile Money,No,No
5839,23,Female,High School,Self-Employed,43929.23,Single,0,Rural,21840.46,463,1,Credit Card,No,No
5840,30,Female,High School,Student,5000.0,Married,2,Rural,5907.94,335,11,Credit Card,No,No
5841,42,Male,High School,Employed,30563.68,Married,2,Urban,17002.43,372,18,Credit Card,Yes,No
5842,23,Male,Bachelor,Employed,60237.05,Single,0,Urban,30434.64,498,0,Credit Card,Yes,No
5843,20,Female,Diploma,Self-Employed,42244.5,Single,0,Urban,11540.91,392,0,Debit Card,Yes,No
5844,18,Male,Diploma,Employed,41097.17,Married,0,Suburban,6932.28,420,0,Credit Card,No,No
5845,46,Female,PhD,Employed,95185.72,Married,3,Urban,37791.24,588,21,Credit Card,No,No
5846,31,Female,Diploma,Unemployed,25145.88,Single,0,Suburban,10104.44,475,9,Cash,Yes,No
5847,70,Female,High School,Employed,25911.53,Married,5,Urban,11002.44,447,46,Credit Card,No,No
5848,26,Male,Diploma,Employed,36296.42,Married,0,Urban,17081.05,447,1,Debit Card,Yes,No
5849,26,Female,High School,Employed,34506.61,Married,1,Suburban,13900.37,416,1,Credit Card,Yes,No
5850,31,Male,Diploma,Employed,41668.74,Married,2,Suburban,18931.67,495,8,Mobile Money,No,No
5851,40,Male,Diploma,Employed,38903.71,Single,0,Rural,10066.61,466,14,Credit Card,Yes,No
5852,32,Male,Bachelor,Employed,67741.52,Married,0,Urban,24316.79,478,7,Credit Card,Yes,No
5853,45,Male,Bachelor,Unemployed,5000.0,Married,2,Urban,6443.5,394,23,Credit Card,No,No
5854,26,Male,Bachelor,Employed,43626.04,Married,0,Urban,8315.9,489,7,Credit Card,Yes,Yes
5855,21,Male,Bachelor,Employed,41632.94,Single,0,Urban,20919.0,425,0,Debit Card,Yes,No
5856,18,Female,High School,Employed,39613.44,Single,0,Rural,14474.1,401,0,Debit Card,Yes,Yes
5857,18,Male,High School,Self-Employed,40117.79,Single,0,Urban,12546.01,446,0,Cash,Yes,Yes
5858,31,Female,Bachelor,Employed,44034.04,Married,1,Suburban,18129.07,435,5,Debit Card,Yes,No
5859,34,Male,High School,Employed,29015.73,Married,4,Urban,9284.45,411,12,Cash,Yes,No
5860,30,Male,High School,Student,5778.6,Married,0,Rural,5558.11,362,5,Debit Card,Yes,No
5861,52,Female,Bachelor,Employed,37326.24,Married,2,Urban,4906.92,511,34,Debit Card,No,No
5862,52,Female,Diploma,Employed,41506.22,Married,2,Suburban,15547.36,481,25,Debit Card,No,No
5863,33,Male,Bachelor,Unemployed,7079.63,Married,0,Urban,1000.0,408,8,Debit Card,Yes,No
5864,18,Male,Diploma,Employed,45653.35,Married,0,Urban,11119.46,412,0,Mobile Money,Yes,No
5865,31,Male,PhD,Employed,80824.47,Single,0,Suburban,19327.26,516,12,Cash,No,No
5866,30,Male,Bachelor,Employed,56753.28,Single,0,Suburban,26256.8,445,9,Debit Card,Yes,Yes
5867,30,Female,High School,Student,16356.56,Married,0,Urban,10486.0,318,10,Credit Card,Yes,No
5868,29,Female,Bachelor,Student,18796.48,Single,0,Urban,1000.0,387,3,Debit Card,Yes,No
5869,30,Male,Bachelor,Employed,59057.32,Single,0,Suburban,27213.35,467,3,Debit Card,Yes,Yes
5870,33,Female,Bachelor,Employed,54349.32,Single,0,Suburban,16736.51,495,13,Cash,Yes,No
5871,30,Male,Diploma,Employed,27999.17,Married,2,Suburban,10233.6,420,4,Cash,Yes,Yes
5872,40,Female,Diploma,Self-Employed,44487.23,Married,1,Rural,14495.37,473,18,Credit Card,Yes,Yes
5873,42,Female,Diploma,Employed,38191.95,Married,2,Urban,13911.29,438,17,Credit Card,No,No
5874,27,Female,Diploma,Employed,37617.42,Married,1,Suburban,9051.18,453,3,Credit Card,No,No
5875,53,Female,Master,Unemployed,8731.82,Married,4,Urban,2831.58,451,28,Cash,Yes,No
5876,26,Female,Diploma,Employed,43475.48,Married,1,Urban,15096.23,379,0,Credit Card,Yes,No
5877,18,Male,High School,Employed,20552.67,Single,0,Suburban,1000.0,370,0,Mobile Money,No,No
5878,42,Female,High School,Unemployed,21368.87,Married,4,Urban,11871.66,392,16,Debit Card,No,No
5879,28,Male,Master,Self-Employed,85184.17,Single,0,Urban,43289.52,545,10,Debit Card,Yes,No
5880,41,Male,Bachelor,Self-Employed,73834.1,Married,1,Rural,36540.74,523,16,Credit Card,No,No
5881,18,Female,Bachelor,Student,18668.75,Single,0,Urban,3349.0,359,0,Debit Card,No,No
5882,54,Male,Master,Employed,86623.45,Single,0,Urban,31988.11,592,33,Credit Card,No,No
5883,46,Female,Master,Employed,71455.05,Married,3,Rural,28674.15,567,25,Credit Card,Yes,No
5884,19,Female,Bachelor,Employed,51879.51,Single,0,Urban,8844.71,414,0,Credit Card,Yes,No
5885,20,Female,High School,Employed,27033.72,Single,0,Suburban,4069.66,436,0,Debit Card,No,Yes
5886,58,Female,High School,Employed,41968.82,Single,0,Urban,16441.19,507,31,Credit Card,No,No
5887,29,Male,Bachelor,Employed,44438.12,Single,0,Urban,18627.36,434,7,Credit Card,Yes,No
5888,27,Female,Diploma,Employed,32975.0,Single,0,Urban,13024.11,387,4,Credit Card,No,Yes
5889,18,Male,Bachelor,Employed,56895.93,Single,0,Urban,10399.75,434,0,Mobile Money,No,No
5890,33,Female,Diploma,Employed,38777.62,Married,0,Urban,7629.45,487,11,Credit Card,No,No
5891,35,Female,Bachelor,Employed,62741.16,Married,0,Urban,22275.36,463,13,Credit Card,Yes,No
5892,46,Female,High School,Self-Employed,25290.45,Married,0,Rural,11507.72,459,27,Credit Card,Yes,No
5893,21,Female,High School,Employed,29464.43,Single,0,Suburban,8504.0,369,0,Credit Card,Yes,No
5894,19,Female,Bachelor,Employed,53503.91,Single,0,Urban,20350.22,459,0,Debit Card,Yes,No
5895,43,Male,High School,Student,5000.0,Married,2,Urban,8207.17,403,23,Debit Card,No,No
5896,50,Male,Bachelor,Self-Employed,73029.28,Single,0,Rural,19686.18,593,24,Debit Card,No,No
5897,19,Male,Bachelor,Employed,54265.73,Single,0,Urban,24291.0,424,0,Credit Card,Yes,No
5898,50,Female,PhD,Employed,88927.4,Married,2,Rural,23138.66,574,23,Credit Card,No,No
5899,38,Female,Master,Self-Employed,77402.37,Married,2,Suburban,18601.53,499,15,Credit Card,Yes,No
5900,51,Female,Diploma,Employed,37041.08,Married,2,Suburban,7321.04,492,33,Debit Card,No,No
5901,37,Female,Bachelor,Employed,46826.98,Single,0,Suburban,21258.32,484,11,Debit Card,No,No
5902,18,Female,High School,Self-Employed,42910.13,Single,0,Urban,5461.78,392,0,Credit Card,Yes,Yes
5903,36,Male,Diploma,Employed,48262.53,Single,0,Urban,16080.08,377,9,Debit Card,Yes,No
5904,50,Male,Bachelor,Employed,68440.49,Married,3,Suburban,32944.03,501,24,Credit Card,No,No
5905,27,Male,Bachelor,Employed,58472.43,Single,0,Rural,11706.58,399,4,Debit Card,No,No
5906,33,Female,Diploma,Employed,37286.25,Single,0,Suburban,16201.32,410,14,Debit Card,No,No
5907,35,Male,High School,Student,5000.0,Married,1,Suburban,5480.96,342,15,Credit Card,No,No
5908,18,Female,Master,Employed,73925.18,Single,0,Rural,15989.14,485,0,Debit Card,No,No
5909,58,Female,Diploma,Employed,41606.91,Married,2,Urban,15546.97,482,33,Debit Card,Yes,No
5910,27,Male,Master,Self-Employed,82606.33,Single,0,Suburban,22087.58,510,1,Debit Card,No,No
5911,44,Male,Bachelor,Employed,52903.37,Single,0,Urban,8229.32,488,18,Debit Card,No,No
5912,36,Male,Diploma,Employed,49369.52,Married,2,Urban,20842.98,472,18,Mobile Money,No,No
5913,53,Male,High School,Employed,26545.22,Married,3,Suburban,11918.87,452,27,Credit Card,Yes,No
5914,42,Female,High School,Employed,40773.41,Married,1,Suburban,14561.32,465,16,Debit Card,Yes,No
5915,35,Male,Master,Self-Employed,85457.09,Single,0,Urban,24235.69,529,16,Mobile Money,Yes,No
5916,27,Female,Master,Employed,67056.95,Single,0,Urban,31548.95,481,9,Credit Card,Yes,No
5917,47,Female,Bachelor,Employed,48717.85,Single,0,Urban,8652.84,442,29,Credit Card,No,No
5918,18,Male,Diploma,Student,6763.8,Married,2,Rural,1000.0,300,0,Credit Card,No,No
5919,45,Female,Bachelor,Employed,59026.93,Married,1,Urban,31040.35,520,27,Debit Card,No,No
5920,24,Female,Diploma,Employed,36983.9,Married,0,Urban,7396.77,410,3,Mobile Money,No,No
5921,53,Female,Bachelor,Employed,61802.68,Married,1,Urban,23074.07,548,26,Credit Card,Yes,No
5922,39,Male,Diploma,Employed,36584.33,Married,0,Urban,7300.89,466,18,Debit Card,Yes,No
5923,45,Male,Master,Employed,69001.72,Single,0,Suburban,19932.29,521,20,Credit Card,No,No
5924,38,Male,Bachelor,Employed,44706.44,Married,0,Rural,14245.3,466,15,Cash,No,No
5925,18,Male,Diploma,Employed,44475.81,Single,0,Suburban,18257.51,452,0,Debit Card,No,Yes
5926,27,Female,Master,Employed,67862.59,Married,0,Rural,18439.26,492,5,Debit Card,Yes,No
5927,46,Female,Diploma,Employed,52630.96,Married,1,Rural,11585.55,501,20,Debit Card,No,No
5928,39,Female,High School,Self-Employed,41638.48,Married,2,Urban,11111.27,409,19,Debit Card,Yes,No
5929,52,Male,High School,Self-Employed,36676.0,Married,2,Suburban,17185.02,478,33,Credit Card,Yes,No
5930,42,Male,Bachelor,Employed,64801.41,Married,0,Suburban,16948.16,572,23,Cash,No,Yes
5931,26,Female,Master,Student,17240.87,Single,0,Suburban,10016.78,390,3,Credit Card,Yes,Yes
5932,28,Male,Master,Self-Employed,92066.08,Married,0,Rural,19017.15,575,4,Debit Card,Yes,No
5933,39,Male,Bachelor,Self-Employed,59101.03,Married,1,Suburban,16331.26,507,14,Mobile Money,No,No
5934,18,Female,High School,Employed,33689.51,Single,0,Urban,9750.37,392,0,Debit Card,Yes,No
5935,58,Male,High School,Unemployed,13021.77,Married,3,Suburban,6833.64,445,38,Debit Card,No,No
5936,43,Female,Diploma,Student,5000.0,Married,1,Suburban,5117.37,452,16,Debit Card,Yes,No
5937,52,Male,Master,Employed,82053.0,Married,1,Suburban,25435.89,626,31,Credit Card,Yes,No
5938,19,Female,PhD,Self-Employed,98717.34,Single,0,Urban,32414.02,534,0,Debit Card,No,No
5939,52,Female,High School,Self-Employed,25608.3,Married,3,Urban,5713.51,418,25,Debit Card,Yes,No
5940,64,Male,Bachelor,Employed,32210.52,Married,5,Rural,7528.65,517,37,Credit Card,No,No
5941,22,Female,Bachelor,Employed,58790.85,Single,0,Urban,13738.02,480,3,Credit Card,No,No
5942,47,Female,High School,Employed,16855.48,Married,3,Urban,7393.43,440,20,Mobile Money,No,No
5943,38,Female,Bachelor,Employed,50864.64,Married,3,Urban,14856.03,468,15,Debit Card,Yes,No
5944,19,Male,Master,Employed,76702.95,Single,0,Urban,18411.39,444,0,Mobile Money,Yes,No
5945,43,Female,Diploma,Employed,41536.42,Married,2,Urban,22111.16,441,18,Credit Card,Yes,Yes
5946,48,Male,Master,Self-Employed,79010.42,Married,0,Rural,22554.32,537,30,Debit Card,No,No
5947,30,Female,High School,Student,5000.0,Single,0,Rural,1000.0,387,12,Credit Card,Yes,No
5948,51,Female,High School,Employed,29139.1,Single,0,Urban,14494.87,421,24,Debit Card,Yes,No
5949,18,Female,High School,Employed,36842.2,Single,0,Suburban,5958.68,416,0,Debit Card,No,Yes
5950,20,Female,Master,Employed,75606.69,Single,0,Suburban,34481.02,405,0,Debit Card,No,No
5951,39,Male,Diploma,Unemployed,26294.25,Married,1,Urban,4256.51,498,20,Debit Card,Yes,No
5952,38,Male,Bachelor,Employed,49772.33,Single,0,Suburban,17398.51,495,17,Credit Card,Yes,No
5953,29,Female,Bachelor,Self-Employed,55463.73,Married,0,Urban,22124.34,452,6,Mobile Money,No,No
5954,47,Female,Diploma,Employed,42479.61,Married,2,Suburban,12982.73,493,27,Credit Card,No,No
5955,44,Male,Master,Employed,71691.37,Married,1,Rural,37018.7,510,26,Credit Card,Yes,No
5956,48,Male,Diploma,Employed,39961.12,Married,2,Rural,19954.66,465,22,Debit Card,No,No
5957,36,Female,Master,Employed,64028.82,Married,1,Suburban,27376.58,467,12,Debit Card,Yes,No
5958,45,Female,High School,Self-Employed,14772.97,Married,3,Rural,10016.17,453,26,Credit Card,No,No
5959,32,Male,Bachelor,Employed,46947.09,Single,0,Suburban,22190.63,477,6,Credit Card,No,No
5960,62,Male,Bachelor,Employed,59456.55,Married,5,Suburban,15051.78,568,41,Credit Card,Yes,No
5961,28,Female,Master,Unemployed,23271.71,Single,0,Urban,2890.45,450,5,Cash,Yes,No
5962,63,Female,High School,Employed,37722.11,Married,2,Urban,16586.47,525,38,Credit Card,No,No
5963,38,Female,Bachelor,Employed,57761.46,Single,0,Suburban,16135.66,455,17,Mobile Money,Yes,No
5964,21,Male,Diploma,Student,13888.14,Single,0,Rural,5420.32,354,0,Credit Card,Yes,No
5965,54,Female,Diploma,Employed,46117.86,Single,0,Suburban,18057.51,486,30,Cash,No,No
5966,39,Female,High School,Unemployed,9163.8,Single,0,Suburban,3165.82,377,17,Debit Card,Yes,No
5967,48,Male,High School,Unemployed,9219.99,Married,1,Urban,9155.56,399,27,Credit Card,Yes,No
5968,52,Female,Master,Employed,46729.1,Single,0,Rural,19564.25,469,26,Debit Card,No,Yes
5969,42,Female,Bachelor,Employed,49747.33,Married,1,Suburban,20193.88,544,18,Credit Card,Yes,No
5970,30,Male,Diploma,Employed,35092.78,Married,0,Urban,12744.0,426,11,Debit Card,Yes,No
5971,49,Female,Master,Employed,69129.57,Married,1,Rural,20587.57,548,31,Mobile Money,No,No
5972,38,Female,High School,Self-Employed,28557.29,Single,0,Rural,12031.39,452,12,Credit Card,No,No
5973,46,Female,Bachelor,Employed,62500.51,Married,3,Urban,19039.63,551,26,Mobile Money,No,No
5974,18,Female,Master,Employed,62947.92,Single,0,Suburban,12435.98,480,0,Debit Card,Yes,No
5975,43,Male,Master,Employed,78819.46,Married,2,Urban,25105.89,538,17,Credit Card,No,No
5976,30,Male,Diploma,Employed,32310.76,Single,0,Rural,12217.03,432,7,Credit Card,Yes,No
5977,57,Female,Bachelor,Self-Employed,61169.76,Married,0,Urban,27445.93,524,38,Mobile Money,Yes,No
5978,45,Female,Diploma,Self-Employed,42561.5,Married,1,Rural,9303.63,478,23,Mobile Money,Yes,No
5979,40,Male,Master,Self-Employed,80030.13,Single,0,Urban,15138.19,580,17,Debit Card,No,No
5980,43,Female,Bachelor,Unemployed,25929.1,Married,1,Rural,9828.11,391,19,Credit Card,Yes,No
5981,26,Male,Bachelor,Employed,52383.32,Married,0,Urban,16494.31,492,5,Cash,Yes,Yes
5982,57,Female,High School,Employed,27586.75,Married,5,Suburban,7224.94,473,38,Cash,Yes,No
5983,61,Male,Bachelor,Employed,49065.63,Married,5,Urban,15381.98,487,35,Debit Card,No,No
5984,42,Male,Bachelor,Student,8921.65,Married,0,Urban,6292.49,399,15,Debit Card,No,No
5985,57,Female,Bachelor,Employed,56731.59,Single,0,Urban,12369.15,496,36,Credit Card,No,Yes
5986,31,Female,Bachelor,Student,9278.71,Single,0,Urban,1000.0,378,7,Cash,No,No
5987,28,Female,Master,Self-Employed,82797.67,Married,0,Suburban,19179.45,507,10,Mobile Money,No,No
5988,38,Female,Bachelor,Self-Employed,74128.24,Single,0,Rural,23512.52,536,18,Debit Card,No,No
5989,43,Female,High School,Employed,32189.2,Married,1,Urban,6781.55,425,18,Cash,Yes,No
5990,33,Female,Master,Employed,60792.92,Married,0,Urban,11445.74,479,8,Credit Card,No,No
5991,44,Female,High School,Employed,29317.88,Single,0,Urban,11492.91,458,23,Debit Card,No,No
5992,41,Female,Bachelor,Employed,50693.2,Married,0,Rural,20554.06,480,15,Cash,No,Yes
5993,26,Male,Master,Student,18168.21,Married,0,Urban,5655.75,391,3,Credit Card,Yes,Yes
5994,44,Female,High School,Self-Employed,36823.52,Married,4,Urban,11940.03,483,18,Debit Card,Yes,No
5995,48,Male,Master,Unemployed,30042.49,Married,3,Rural,10431.73,414,28,Cash,No,No
5996,40,Female,Bachelor,Employed,49079.67,Single,0,Urban,7733.07,517,16,Cash,No,No
5997,51,Male,Bachelor,Employed,53460.64,Married,2,Urban,22349.38,488,28,Credit Card,No,No
5998,23,Female,Diploma,Self-Employed,39487.09,Single,0,Suburban,17946.2,398,1,Mobile Money,No,No
5999,43,Female,Diploma,Employed,39665.58,Married,1,Suburban,18333.85,462,20,Credit Card,No,No
6000,23,Female,PhD,Unemployed,14707.35,Single,0,Suburban,4871.95,351,5,Credit Card,Yes,No
6001,24,Female,High School,Self-Employed,38571.88,Single,0,Urban,19801.21,418,0,Debit Card,Yes,No
6002,30,Female,Bachelor,Employed,54556.32,Married,1,Urban,12294.93,447,6,Credit Card,Yes,No
6003,26,Male,High School,Self-Employed,37241.48,Single,0,Rural,24857.3,416,0,Debit Card,No,No
6004,31,Female,High School,Self-Employed,42305.08,Single,0,Suburban,11685.88,478,6,Cash,No,No
6005,35,Male,Bachelor,Employed,56798.42,Married,0,Urban,29728.27,516,17,Credit Card,No,No
6006,48,Female,Diploma,Employed,29785.78,Married,2,Suburban,5102.42,377,24,Credit Card,No,No
6007,34,Male,PhD,Employed,85553.02,Married,1,Urban,33410.4,522,12,Mobile Money,No,No
6008,18,Female,Bachelor,Employed,54358.55,Single,0,Urban,21203.65,437,0,Credit Card,Yes,No
6009,51,Female,Bachelor,Self-Employed,63375.2,Single,0,Urban,22284.22,505,24,Credit Card,Yes,No
6010,27,Female,High School,Employed,28352.34,Single,0,Suburban,7942.63,434,3,Credit Card,No,Yes
6011,37,Female,PhD,Self-Employed,120971.62,Married,0,Suburban,39807.77,564,13,Cash,No,Yes
6012,43,Female,High School,Employed,30802.84,Married,3,Suburban,11861.01,479,24,Debit Card,Yes,No
6013,40,Male,Bachelor,Student,14058.08,Married,0,Urban,10988.23,435,22,Credit Card,Yes,No
6014,51,Female,Diploma,Student,5000.0,Married,0,Urban,1000.0,412,28,Mobile Money,Yes,No
6015,43,Female,Diploma,Self-Employed,53968.04,Married,3,Urban,29150.36,485,23,Mobile Money,No,No
6016,27,Male,Bachelor,Employed,77815.7,Single,0,Rural,38522.73,522,5,Credit Card,Yes,No
6017,64,Male,Bachelor,Employed,65765.23,Married,5,Urban,31878.49,551,46,Credit Card,No,No
6018,40,Male,High School,Employed,26478.48,Single,0,Suburban,8433.21,405,14,Credit Card,Yes,Yes
6019,36,Female,Diploma,Employed,58248.46,Married,3,Urban,27375.03,491,16,Credit Card,No,No
6020,49,Male,Bachelor,Employed,55219.97,Single,0,Urban,18656.39,525,27,Mobile Money,No,No
6021,40,Male,Diploma,Unemployed,14452.37,Married,1,Urban,2233.9,379,17,Mobile Money,Yes,No
6022,42,Male,High School,Employed,27860.51,Married,1,Rural,4989.01,468,24,Credit Card,Yes,No
6023,67,Female,Diploma,Employed,37653.45,Married,3,Urban,12105.18,536,41,Mobile Money,Yes,Yes
6024,34,Female,High School,Employed,12015.24,Married,1,Urban,4156.15,393,14,Debit Card,No,No
6025,34,Female,High School,Student,12299.95,Married,0,Urban,4553.65,384,13,Debit Card,Yes,No
6026,39,Female,Diploma,Employed,37624.01,Single,0,Urban,17598.94,437,19,Credit Card,No,No
6027,50,Male,Bachelor,Employed,53495.51,Married,5,Rural,21820.26,491,27,Cash,No,No
6028,19,Male,High School,Student,8186.7,Single,0,Urban,3576.85,349,1,Credit Card,No,No
6029,18,Female,Bachelor,Employed,51683.37,Single,0,Suburban,15101.03,398,0,Credit Card,No,Yes
6030,30,Male,PhD,Self-Employed,110110.61,Married,0,Suburban,25326.84,530,11,Debit Card,No,No
6031,18,Male,PhD,Self-Employed,117624.48,Single,0,Suburban,23432.21,577,0,Debit Card,Yes,No
6032,32,Female,Master,Employed,73238.51,Single,0,Urban,29125.17,444,11,Cash,Yes,No
6033,44,Male,Diploma,Employed,38772.02,Married,2,Urban,12642.13,462,26,Debit Card,No,No
6034,27,Female,High School,Unemployed,8012.04,Married,0,Urban,8972.59,395,7,Credit Card,Yes,No
6035,20,Male,Master,Employed,71604.75,Single,0,Urban,18760.63,492,0,Debit Card,No,Yes
6036,38,Female,High School,Employed,23342.8,Single,0,Urban,5768.79,403,15,Credit Card,Yes,No
6037,48,Male,High School,Employed,31662.88,Married,1,Rural,1652.81,440,30,Cash,Yes,No
6038,18,Male,Bachelor,Employed,60476.57,Single,0,Urban,7754.09,434,0,Credit Card,Yes,No
6039,47,Male,High School,Employed,30700.13,Single,0,Suburban,14386.2,494,25,Credit Card,Yes,No
6040,47,Female,Master,Student,10606.94,Married,1,Suburban,6450.36,398,26,Credit Card,Yes,No
6041,49,Female,Bachelor,Student,8703.17,Married,1,Urban,7858.39,389,30,Mobile Money,No,No
6042,52,Male,Bachelor,Employed,60217.35,Married,2,Urban,28011.3,532,31,Credit Card,No,No
6043,64,Female,Master,Employed,61198.59,Married,4,Urban,15626.9,603,45,Mobile Money,Yes,No
6044,33,Female,High School,Employed,23468.34,Single,0,Rural,6418.42,424,6,Debit Card,No,No
6045,39,Female,Bachelor,Student,5000.0,Married,4,Urban,1000.0,384,19,Cash,No,No
6046,33,Female,Diploma,Employed,40271.99,Married,1,Urban,21955.73,429,15,Credit Card,Yes,No
6047,38,Male,Bachelor,Employed,61895.1,Single,0,Suburban,23018.06,467,18,Debit Card,Yes,No
6048,56,Female,High School,Unemployed,19651.85,Married,0,Urban,10658.89,484,38,Debit Card,No,Yes
6049,21,Female,Bachelor,Employed,67389.33,Single,0,Suburban,32944.42,495,0,Debit Card,Yes,No
6050,27,Male,PhD,Employed,84476.21,Married,0,Rural,19264.74,474,9,Debit Card,Yes,No
6051,54,Male,High School,Employed,32000.25,Married,5,Rural,16707.58,474,36,Debit Card,No,No
6052,50,Female,High School,Self-Employed,32781.5,Married,3,Urban,9624.78,418,23,Cash,Yes,No
6053,33,Female,High School,Self-Employed,49181.15,Married,0,Suburban,11125.31,484,9,Cash,No,No
6054,48,Female,Diploma,Self-Employed,58427.57,Married,2,Urban,18404.91,516,29,Debit Card,No,No
6055,42,Female,Diploma,Employed,41344.57,Single,0,Urban,14393.0,444,21,Debit Card,Yes,No
6056,56,Female,Master,Employed,65045.15,Married,5,Rural,12299.73,487,38,Credit Card,No,No
6057,38,Male,Diploma,Self-Employed,20415.66,Single,0,Suburban,4014.12,456,15,Credit Card,No,No
6058,50,Male,Diploma,Unemployed,5000.0,Single,0,Rural,1000.0,385,30,Credit Card,No,No
6059,69,Male,Bachelor,Employed,40181.66,Married,5,Rural,22463.9,492,49,Credit Card,No,No
6060,45,Male,Diploma,Employed,28430.14,Married,4,Urban,8807.2,388,19,Mobile Money,Yes,No
6061,38,Male,Diploma,Self-Employed,63030.78,Married,2,Urban,18869.28,494,14,Mobile Money,Yes,No
6062,46,Female,Bachelor,Employed,44639.67,Married,0,Urban,12685.19,479,20,Credit Card,No,No
6063,33,Female,Bachelor,Employed,46512.46,Married,0,Suburban,20314.31,391,7,Debit Card,Yes,No
6064,66,Female,High School,Employed,22635.81,Married,2,Urban,1000.0,504,40,Credit Card,Yes,No
6065,40,Female,High School,Student,26788.36,Single,0,Suburban,14366.7,441,16,Credit Card,No,No
6066,34,Female,High School,Self-Employed,35500.38,Single,0,Urban,10423.0,409,13,Mobile Money,No,No
6067,27,Female,Diploma,Employed,47953.63,Married,0,Urban,14216.34,453,5,Cash,Yes,No
6068,51,Female,Diploma,Unemployed,13403.16,Married,1,Urban,7433.66,487,28,Mobile Money,Yes,No
6069,48,Male,Bachelor,Employed,39124.73,Single,0,Suburban,16149.37,480,21,Cash,Yes,No
6070,32,Male,Master,Employed,82261.12,Married,0,Urban,22154.73,479,5,Credit Card,Yes,No
6071,44,Female,High School,Employed,33208.77,Married,2,Urban,15687.05,432,19,Credit Card,Yes,No
6072,19,Male,Bachelor,Employed,54026.3,Single,0,Rural,22373.44,432,0,Debit Card,No,No
6073,40,Female,Diploma,Student,22081.02,Single,0,Urban,11197.68,420,16,Credit Card,No,No
6074,43,Male,Bachelor,Employed,52227.61,Single,0,Suburban,14723.53,498,21,Credit Card,No,No
6075,58,Female,Bachelor,Employed,53844.68,Married,5,Suburban,25244.9,561,36,Debit Card,Yes,No
6076,28,Female,Master,Student,11239.18,Married,0,Rural,7949.06,398,4,Mobile Money,Yes,Yes
6077,22,Male,High School,Employed,38610.33,Single,0,Urban,10609.92,430,4,Cash,Yes,No
6078,27,Female,High School,Employed,36510.58,Married,1,Urban,10617.86,511,9,Mobile Money,Yes,No
6079,21,Male,Bachelor,Employed,57228.95,Single,0,Rural,29639.71,422,0,Credit Card,Yes,No
6080,54,Male,Diploma,Student,5000.0,Married,2,Urban,3392.94,400,33,Credit Card,Yes,No
6081,56,Male,High School,Employed,27038.13,Married,3,Urban,11467.07,472,29,Credit Card,No,No
6082,41,Female,High School,Employed,21583.33,Married,2,Rural,1454.17,450,16,Mobile Money,Yes,No
6083,52,Male,Bachelor,Employed,64282.94,Married,0,Urban,33600.57,545,25,Debit Card,Yes,No
6084,39,Female,Diploma,Student,5000.0,Married,3,Suburban,2916.54,369,14,Mobile Money,No,No
6085,36,Male,PhD,Unemployed,39754.97,Married,4,Suburban,21273.33,452,10,Debit Card,No,No
6086,34,Male,Diploma,Employed,50301.22,Married,0,Suburban,13210.1,441,9,Debit Card,No,No
6087,34,Female,High School,Unemployed,5000.0,Single,0,Urban,4575.82,376,16,Credit Card,No,No
6088,19,Male,Bachelor,Unemployed,13168.13,Married,1,Urban,1860.09,342,0,Credit Card,Yes,Yes
6089,41,Male,High School,Self-Employed,30300.56,Married,1,Rural,16915.79,449,19,Credit Card,Yes,No
6090,37,Male,Diploma,Self-Employed,51441.87,Single,0,Suburban,20261.63,571,11,Debit Card,Yes,No
6091,46,Female,Diploma,Employed,51299.59,Married,2,Suburban,12292.13,447,25,Debit Card,No,No
6092,39,Female,Diploma,Self-Employed,57484.95,Single,0,Urban,22646.73,481,14,Mobile Money,Yes,No
6093,36,Male,Bachelor,Self-Employed,62536.56,Single,0,Suburban,25292.89,504,9,Debit Card,Yes,No
6094,27,Male,High School,Employed,40038.46,Married,1,Urban,11638.5,411,6,Mobile Money,Yes,No
6095,38,Male,Master,Employed,79374.58,Married,2,Urban,31560.43,523,15,Cash,Yes,No
6096,46,Male,Bachelor,Employed,53489.33,Married,2,Rural,26233.21,467,23,Credit Card,Yes,No
6097,24,Female,Diploma,Unemployed,11924.33,Single,0,Urban,1000.0,391,0,Cash,Yes,No
6098,39,Female,High School,Self-Employed,48333.71,Single,0,Rural,22670.23,519,15,Cash,No,No
6099,40,Female,Diploma,Employed,48466.9,Married,0,Rural,7928.82,488,20,Cash,Yes,No
6100,29,Male,Diploma,Unemployed,21798.27,Married,0,Suburban,7806.08,424,11,Credit Card,No,No
6101,30,Female,Bachelor,Self-Employed,86683.07,Single,0,Suburban,25295.12,553,4,Credit Card,Yes,No
6102,40,Female,High School,Student,10378.14,Married,1,Urban,4433.78,387,15,Credit Card,No,No
6103,24,Female,Master,Employed,72605.32,Single,0,Suburban,22640.12,516,0,Credit Card,Yes,No
6104,42,Female,High School,Employed,40863.5,Married,2,Suburban,14241.02,448,19,Credit Card,No,No
6105,27,Female,Diploma,Self-Employed,63902.57,Single,0,Suburban,23618.15,462,8,Cash,No,No
6106,50,Female,High School,Employed,25108.85,Married,3,Urban,7952.04,394,31,Debit Card,No,No
6107,66,Male,Diploma,Employed,38385.13,Married,5,Suburban,8693.62,508,41,Debit Card,No,No
6108,27,Female,Master,Employed,61851.44,Single,0,Suburban,20874.34,513,4,Debit Card,Yes,No
6109,44,Male,Bachelor,Self-Employed,68742.0,Married,0,Suburban,28983.13,515,26,Mobile Money,No,No
6110,29,Female,High School,Employed,37114.07,Single,0,Rural,11572.74,406,11,Cash,No,No
6111,50,Female,Master,Employed,62408.98,Married,3,Suburban,28127.26,551,29,Debit Card,No,No
6112,22,Female,Master,Employed,79070.36,Single,0,Urban,10832.13,528,0,Credit Card,Yes,No
6113,43,Male,Bachelor,Employed,51373.38,Married,2,Urban,15655.78,477,16,Credit Card,No,No
6114,27,Male,Master,Student,9721.67,Single,0,Urban,9421.31,372,2,Debit Card,Yes,No
6115,35,Male,Bachelor,Employed,64039.51,Married,3,Urban,11303.23,473,8,Credit Card,Yes,No
6116,25,Female,Bachelor,Employed,49998.88,Married,1,Urban,11044.53,422,4,Mobile Money,Yes,No
6117,47,Female,Diploma,Employed,28772.01,Married,2,Urban,13571.79,458,24,Debit Card,No,No
6118,27,Female,High School,Employed,35949.26,Single,0,Urban,11025.76,473,4,Credit Card,Yes,No
6119,44,Male,Bachelor,Student,9946.38,Married,1,Urban,6949.14,440,26,Credit Card,No,No
6120,33,Female,Master,Student,23584.47,Single,0,Urban,6435.86,366,6,Credit Card,No,Yes
6121,36,Female,Bachelor,Employed,61663.93,Single,0,Rural,30091.96,524,15,Cash,Yes,No
6122,39,Male,Master,Employed,56013.61,Married,3,Rural,23177.8,485,19,Cash,No,No
6123,28,Female,Diploma,Employed,50524.28,Single,0,Urban,18565.96,464,5,Credit Card,Yes,No
6124,40,Female,Bachelor,Employed,70198.0,Married,3,Rural,29377.58,478,20,Debit Card,No,No
6125,56,Female,Bachelor,Self-Employed,74268.83,Married,3,Urban,35131.68,534,32,Debit Card,No,No
6126,28,Female,Bachelor,Employed,63590.88,Single,0,Suburban,13773.86,554,8,Debit Card,No,No
6127,52,Male,Bachelor,Self-Employed,64018.62,Married,3,Suburban,23159.43,557,26,Debit Card,Yes,No
6128,55,Female,High School,Self-Employed,32186.44,Single,0,Rural,21009.01,456,34,Cash,No,No
6129,28,Female,High School,Employed,31699.56,Married,0,Urban,19004.67,399,6,Cash,Yes,Yes
6130,20,Female,PhD,Self-Employed,115359.24,Single,0,Urban,25922.14,546,0,Debit Card,Yes,No
6131,41,Female,High School,Unemployed,16157.87,Married,0,Suburban,10091.46,450,15,Debit Card,No,No
6132,31,Female,Diploma,Employed,36497.74,Married,0,Suburban,17247.96,425,12,Cash,Yes,No
6133,60,Female,Diploma,Student,5000.0,Married,5,Urban,1000.0,403,40,Credit Card,Yes,No
6134,38,Female,Diploma,Self-Employed,36078.77,Married,0,Urban,7385.33,451,12,Credit Card,Yes,No
6135,28,Male,Bachelor,Employed,60175.36,Married,1,Suburban,18128.77,465,4,Credit Card,Yes,No
6136,24,Male,Bachelor,Student,7881.75,Single,0,Urban,2515.45,362,5,Cash,No,No
6137,51,Male,Master,Self-Employed,81591.64,Married,1,Rural,34253.13,542,24,Mobile Money,Yes,No
6138,31,Female,Diploma,Employed,53823.0,Married,1,Rural,24448.54,480,9,Credit Card,Yes,Yes
6139,38,Female,Bachelor,Employed,59787.11,Single,0,Suburban,15732.56,496,17,Cash,Yes,No
6140,49,Male,Master,Unemployed,23583.19,Married,0,Urban,3699.68,444,31,Mobile Money,Yes,No
6141,32,Male,PhD,Employed,96641.58,Married,0,Suburban,24884.47,516,5,Cash,No,No
6142,37,Female,PhD,Employed,101364.91,Married,0,Urban,41337.08,605,12,Debit Card,Yes,Yes
6143,37,Female,Bachelor,Employed,42060.15,Married,2,Suburban,16913.85,455,19,Mobile Money,Yes,No
6144,46,Female,High School,Employed,25474.97,Single,0,Urban,10327.23,477,20,Credit Card,Yes,No
6145,45,Male,High School,Self-Employed,34142.92,Married,1,Suburban,15211.75,486,24,Credit Card,Yes,No
6146,35,Male,Master,Employed,62173.26,Single,0,Suburban,26539.55,474,14,Credit Card,No,No
6147,38,Female,Master,Employed,67878.23,Married,3,Suburban,23075.74,496,20,Credit Card,Yes,No
6148,33,Male,Bachelor,Unemployed,5000.0,Married,0,Urban,2183.66,382,13,Credit Card,No,No
6149,20,Male,Diploma,Self-Employed,55377.43,Single,0,Urban,23384.37,486,0,Cash,No,No
6150,41,Male,Bachelor,Unemployed,12359.96,Married,1,Suburban,9645.94,369,16,Credit Card,No,No
6151,60,Male,Diploma,Employed,41607.65,Married,4,Rural,17760.28,523,36,Credit Card,Yes,No
6152,27,Male,Diploma,Self-Employed,48410.47,Single,0,Urban,23449.33,408,4,Credit Card,Yes,No
6153,28,Female,Diploma,Self-Employed,52459.36,Married,2,Suburban,21524.41,431,5,Cash,No,No
6154,27,Male,Master,Employed,50312.88,Married,0,Suburban,17751.56,434,2,Mobile Money,No,No
6155,46,Male,High School,Unemployed,12602.11,Married,3,Urban,11939.07,377,25,Mobile Money,No,No
6156,43,Female,Bachelor,Employed,52799.27,Married,3,Urban,19788.77,450,22,Mobile Money,Yes,No
6157,36,Female,Diploma,Employed,43254.91,Married,0,Suburban,13413.32,488,15,Cash,Yes,No
6158,26,Female,Bachelor,Self-Employed,56564.37,Married,0,Suburban,19670.34,517,4,Credit Card,No,No
6159,39,Female,Bachelor,Employed,58309.39,Single,0,Rural,23138.55,542,16,Debit Card,Yes,No
6160,19,Female,Master,Self-Employed,94388.09,Single,0,Rural,30654.12,514,0,Cash,No,No
6161,39,Female,High School,Employed,31518.13,Married,2,Urban,7396.17,482,16,Cash,Yes,No
6162,48,Female,High School,Self-Employed,30262.07,Married,3,Urban,9676.64,483,26,Credit Card,No,No
6163,22,Female,Bachelor,Employed,49611.75,Single,0,Urban,14916.52,423,0,Credit Card,No,Yes
6164,19,Female,Diploma,Employed,44609.93,Single,0,Urban,13954.69,424,0,Cash,Yes,No
6165,56,Male,High School,Employed,34557.15,Married,5,Suburban,20315.6,512,33,Credit Card,Yes,No
6166,30,Female,Bachelor,Employed,57852.34,Married,2,Urban,17557.68,470,12,Debit Card,Yes,No
6167,51,Female,Bachelor,Self-Employed,65699.8,Married,1,Rural,31266.67,520,24,Debit Card,Yes,Yes
6168,36,Female,High School,Unemployed,10623.68,Single,0,Urban,5300.99,361,17,Debit Card,Yes,No
6169,36,Male,Diploma,Employed,39480.73,Married,0,Urban,3581.68,467,9,Credit Card,Yes,No
6170,43,Male,Master,Employed,66952.95,Married,0,Suburban,27589.62,530,24,Credit Card,No,No
6171,27,Female,Bachelor,Employed,61059.82,Married,0,Suburban,31034.72,477,0,Mobile Money,No,No
6172,39,Male,High School,Self-Employed,38480.93,Single,0,Suburban,9093.53,457,17,Mobile Money,No,No
6173,33,Female,Diploma,Employed,50324.33,Single,0,Urban,20991.93,414,13,Credit Card,No,No
6174,22,Female,Bachelor,Employed,63934.92,Single,0,Rural,20441.28,504,4,Debit Card,Yes,No
6175,42,Female,High School,Employed,32219.84,Married,3,Urban,4978.99,440,20,Debit Card,Yes,No
6176,34,Female,Master,Employed,74763.05,Single,0,Rural,39301.57,517,11,Mobile Money,Yes,No
6177,36,Female,Bachelor,Employed,47342.5,Married,1,Urban,4507.33,505,17,Cash,Yes,No
6178,23,Female,Diploma,Employed,39379.28,Single,0,Suburban,5614.47,398,0,Debit Card,Yes,No
6179,57,Female,Master,Employed,72741.3,Married,5,Suburban,19018.88,553,30,Mobile Money,No,No
6180,48,Female,Diploma,Employed,27338.11,Married,2,Suburban,14320.99,451,26,Credit Card,No,No
6181,49,Female,High School,Employed,33435.38,Married,1,Urban,9940.77,491,29,Cash,No,No
6182,34,Female,Bachelor,Employed,47326.18,Married,3,Suburban,15084.21,456,15,Cash,No,No
6183,18,Female,Bachelor,Employed,48203.33,Single,0,Rural,16050.73,495,0,Cash,Yes,No
6184,61,Male,Diploma,Employed,35764.12,Married,2,Urban,5494.87,435,43,Cash,No,No
6185,37,Male,Diploma,Self-Employed,47755.95,Single,0,Urban,15014.85,464,12,Credit Card,Yes,No
6186,29,Male,Diploma,Unemployed,5000.0,Married,0,Suburban,1000.0,365,7,Debit Card,No,No
6187,43,Male,Diploma,Self-Employed,54853.15,Married,0,Suburban,19553.69,527,25,Cash,No,No
6188,52,Female,Bachelor,Employed,56419.35,Married,3,Urban,23501.66,514,26,Credit Card,Yes,No
6189,37,Male,Bachelor,Self-Employed,81399.83,Single,0,Suburban,21978.3,558,13,Credit Card,Yes,No
6190,53,Female,Diploma,Employed,42400.64,Married,3,Suburban,10474.84,467,35,Credit Card,Yes,Yes
6191,50,Male,Diploma,Employed,44566.44,Married,0,Suburban,19810.56,496,26,Cash,No,No
6192,25,Male,Diploma,Employed,33169.09,Single,0,Rural,16437.46,472,5,Cash,Yes,No
6193,29,Male,Diploma,Employed,30545.52,Single,0,Urban,7349.39,385,10,Mobile Money,Yes,No
6194,49,Female,High School,Employed,34953.25,Married,3,Urban,13093.17,443,26,Cash,Yes,No
6195,18,Male,Diploma,Employed,31253.68,Married,1,Rural,8825.76,414,0,Debit Card,No,No
6196,36,Male,Diploma,Employed,45134.8,Single,0,Suburban,13044.85,512,16,Debit Card,No,No
6197,20,Female,Bachelor,Student,24652.2,Single,0,Urban,2150.58,396,0,Debit Card,No,No
6198,32,Male,Bachelor,Unemployed,24066.15,Single,0,Urban,2793.92,420,12,Debit Card,Yes,No
6199,34,Male,Diploma,Student,12563.57,Married,1,Rural,1000.0,377,8,Credit Card,No,No
6200,33,Female,Master,Employed,72155.98,Married,0,Suburban,30475.01,493,12,Debit Card,Yes,No
6201,31,Male,Master,Unemployed,17928.32,Single,0,Rural,5532.62,393,4,Credit Card,No,Yes
6202,24,Male,PhD,Unemployed,26083.51,Single,0,Rural,6552.19,416,0,Credit Card,Yes,No
6203,65,Male,Master,Student,9476.57,Married,5,Urban,5184.34,382,44,Mobile Money,Yes,Yes
6204,60,Male,Bachelor,Employed,44476.77,Married,5,Rural,21049.2,549,33,Debit Card,Yes,No
6205,24,Female,Bachelor,Self-Employed,66283.42,Married,2,Suburban,17327.63,536,0,Credit Card,No,No
6206,56,Male,High School,Employed,38863.11,Single,0,Rural,17951.6,510,37,Mobile Money,Yes,No
6207,33,Female,Bachelor,Employed,44689.61,Married,1,Suburban,20106.65,412,7,Credit Card,No,No
6208,39,Female,Bachelor,Employed,66187.97,Married,1,Urban,14438.64,475,17,Credit Card,Yes,No
6209,37,Male,Bachelor,Student,20737.47,Married,2,Suburban,1199.39,426,19,Credit Card,No,No
6210,30,Female,Bachelor,Employed,58175.99,Single,0,Suburban,27914.85,508,4,Credit Card,No,Yes
6211,49,Male,Diploma,Employed,43240.36,Married,3,Rural,15976.48,497,23,Credit Card,No,No
6212,39,Male,Bachelor,Student,9510.03,Married,0,Suburban,1000.0,382,13,Credit Card,Yes,Yes
6213,32,Male,Diploma,Employed,40336.13,Married,0,Urban,12177.39,440,13,Cash,Yes,No
6214,22,Male,Bachelor,Unemployed,12791.32,Single,0,Suburban,7798.98,396,0,Credit Card,No,No
6215,27,Female,Master,Self-Employed,84253.1,Single,0,Urban,18029.84,451,6,Credit Card,No,No
6216,18,Male,Master,Employed,71118.61,Married,0,Rural,24952.66,481,0,Mobile Money,No,Yes
6217,38,Female,Bachelor,Employed,70049.95,Married,2,Urban,32305.04,519,13,Mobile Money,No,No
6218,23,Female,High School,Employed,34524.93,Single,0,Rural,18475.11,379,0,Credit Card,No,No
6219,34,Male,Master,Student,12324.78,Married,0,Urban,6018.33,428,7,Credit Card,Yes,Yes
6220,54,Female,Diploma,Unemployed,11208.75,Married,1,Suburban,3618.46,419,29,Debit Card,No,No
6221,52,Female,Master,Employed,64293.93,Single,0,Urban,18036.52,550,27,Cash,Yes,No
6222,37,Male,High School,Employed,25612.57,Single,0,Suburban,1802.7,424,17,Mobile Money,Yes,No
6223,36,Male,Diploma,Employed,47285.57,Married,1,Urban,15162.92,440,12,Credit Card,No,No
6224,60,Male,Bachelor,Self-Employed,62048.26,Married,4,Suburban,27302.08,567,33,Credit Card,Yes,No
6225,44,Female,Bachelor,Employed,50059.71,Single,0,Urban,13049.62,538,18,Mobile Money,Yes,No
6226,34,Female,Diploma,Employed,35259.9,Married,0,Urban,6888.14,395,15,Debit Card,Yes,No
6227,20,Male,Bachelor,Self-Employed,60166.57,Married,0,Urban,10004.21,461,0,Cash,No,Yes
6228,42,Female,Bachelor,Employed,64017.48,Married,3,Rural,21212.09,478,21,Mobile Money,Yes,No
6229,47,Female,Diploma,Employed,41141.62,Married,0,Suburban,4124.44,471,24,Mobile Money,Yes,No
6230,30,Female,Bachelor,Self-Employed,63741.48,Single,0,Suburban,26466.76,493,4,Debit Card,No,Yes
6231,41,Male,High School,Employed,30234.25,Married,2,Urban,9921.99,442,15,Debit Card,No,No
6232,33,Male,Bachelor,Employed,56738.32,Married,2,Urban,15707.65,453,7,Cash,Yes,No
6233,35,Male,High School,Self-Employed,30021.65,Married,0,Urban,5613.15,439,12,Cash,Yes,No
6234,18,Female,Bachelor,Employed,43883.24,Married,1,Suburban,11702.05,442,0,Cash,No,No
6235,35,Female,Diploma,Self-Employed,58708.02,Married,2,Suburban,18676.98,450,8,Credit Card,No,No
6236,49,Male,Diploma,Unemployed,19904.19,Single,0,Urban,3084.54,446,24,Credit Card,No,No
6237,30,Male,Bachelor,Self-Employed,69022.42,Married,1,Urban,26295.01,523,8,Credit Card,Yes,No
6238,38,Male,Bachelor,Self-Employed,73353.55,Married,2,Suburban,36590.8,557,20,Debit Card,Yes,No
6239,28,Female,PhD,Self-Employed,123314.91,Single,0,Suburban,54726.66,596,10,Credit Card,No,No
6240,42,Female,Master,Employed,65716.77,Married,0,Rural,30049.56,453,15,Credit Card,No,No
6241,35,Female,Bachelor,Employed,46039.73,Married,0,Suburban,25298.08,448,8,Debit Card,Yes,Yes
6242,26,Male,Diploma,Employed,45292.13,Single,0,Urban,14197.0,508,0,Credit Card,Yes,Yes
6243,53,Male,Diploma,Self-Employed,36265.39,Married,1,Suburban,14969.95,431,31,Mobile Money,No,No
6244,49,Female,High School,Employed,30303.78,Single,0,Urban,13124.22,418,30,Mobile Money,Yes,No
6245,30,Female,Diploma,Employed,37612.55,Married,1,Suburban,21260.4,429,3,Debit Card,No,No
6246,43,Female,Master,Self-Employed,89391.1,Married,2,Urban,34655.72,539,17,Mobile Money,No,No
6247,44,Female,Diploma,Employed,36141.8,Married,0,Urban,14746.26,434,22,Cash,Yes,No
6248,45,Female,Diploma,Self-Employed,57598.16,Married,1,Urban,25593.52,474,21,Cash,No,No
6249,18,Male,Diploma,Employed,34024.93,Single,0,Urban,8040.46,377,0,Credit Card,Yes,Yes
6250,50,Female,Diploma,Employed,45646.41,Married,1,Rural,13513.6,473,30,Credit Card,No,No
6251,31,Female,High School,Employed,24668.69,Married,0,Urban,11938.88,430,8,Debit Card,Yes,No
6252,33,Female,Bachelor,Employed,59387.64,Married,1,Urban,35490.97,570,15,Mobile Money,Yes,Yes
6253,69,Male,Diploma,Employed,31882.83,Married,5,Rural,19833.63,519,46,Mobile Money,No,No
6254,41,Male,Bachelor,Employed,54807.09,Married,0,Urban,12980.56,499,19,Debit Card,No,No
6255,33,Female,Bachelor,Employed,65576.73,Married,1,Urban,24082.9,528,14,Credit Card,No,No
6256,18,Male,Bachelor,Self-Employed,66920.04,Married,0,Urban,27853.08,480,0,Debit Card,Yes,No
6257,54,Male,Bachelor,Employed,64464.62,Married,2,Rural,19386.38,580,29,Debit Card,No,No
6258,21,Male,Bachelor,Self-Employed,65789.8,Married,0,Urban,29655.6,485,0,Debit Card,Yes,No
6259,25,Female,Diploma,Self-Employed,43959.61,Single,0,Urban,14632.88,381,5,Mobile Money,No,No
6260,34,Female,Diploma,Employed,41375.86,Married,0,Urban,16187.09,475,7,Cash,Yes,No
6261,54,Male,Master,Employed,74947.17,Married,4,Suburban,21826.41,550,28,Mobile Money,Yes,No
6262,47,Female,High School,Employed,14755.68,Married,2,Urban,4673.83,424,20,Credit Card,Yes,No
6263,36,Male,High School,Student,10178.28,Married,0,Suburban,4482.26,359,10,Debit Card,Yes,No
6264,41,Female,Diploma,Unemployed,5000.0,Married,0,Urban,4134.59,418,22,Debit Card,Yes,No
6265,30,Female,Bachelor,Employed,45492.5,Single,0,Suburban,6505.02,426,11,Credit Card,Yes,No
6266,39,Female,High School,Employed,34308.61,Single,0,Suburban,15481.07,422,17,Credit Card,No,No
6267,38,Male,Bachelor,Student,21708.02,Married,0,Urban,3324.41,451,15,Credit Card,Yes,No
6268,49,Female,Bachelor,Self-Employed,67731.25,Married,2,Urban,24982.48,495,31,Credit Card,Yes,No
6269,49,Female,Diploma,Employed,29156.74,Single,0,Suburban,7355.55,495,31,Debit Card,No,Yes
6270,43,Female,Diploma,Employed,34635.52,Married,3,Rural,10062.18,506,20,Credit Card,Yes,No
6271,33,Male,Bachelor,Employed,51653.86,Single,0,Rural,17342.96,501,10,Debit Card,No,No
6272,46,Male,High School,Self-Employed,37568.78,Married,0,Suburban,13898.86,442,23,Cash,Yes,No
6273,36,Female,High School,Self-Employed,35424.96,Married,3,Urban,10117.35,443,11,Credit Card,Yes,No
6274,25,Male,Diploma,Employed,43961.84,Married,0,Rural,18427.32,439,5,Credit Card,Yes,No
6275,33,Male,Bachelor,Employed,62999.78,Married,1,Urban,13977.79,453,14,Mobile Money,Yes,No
6276,39,Female,Bachelor,Student,13757.96,Married,3,Urban,10825.08,409,18,Debit Card,Yes,No
6277,48,Male,Diploma,Unemployed,19184.65,Married,3,Rural,3787.61,379,22,Cash,Yes,No
6278,35,Female,Bachelor,Employed,52842.32,Married,2,Urban,10458.99,472,17,Credit Card,Yes,No
6279,23,Male,Bachelor,Employed,81367.24,Single,0,Suburban,16701.32,509,0,Credit Card,No,No
6280,38,Female,Diploma,Employed,44425.44,Married,1,Urban,9135.03,467,13,Credit Card,Yes,No
6281,39,Female,High School,Employed,35472.39,Married,0,Suburban,16196.78,485,20,Credit Card,No,Yes
6282,40,Female,Master,Employed,84061.45,Married,4,Rural,40481.4,522,19,Credit Card,Yes,No
6283,49,Female,Bachelor,Employed,55705.43,Single,0,Rural,20452.8,513,22,Credit Card,Yes,No
6284,50,Male,Bachelor,Student,5835.93,Single,0,Urban,1662.68,408,29,Credit Card,Yes,No
6285,30,Female,Diploma,Unemployed,22451.47,Married,1,Suburban,12418.99,480,9,Credit Card,No,No
6286,30,Female,Bachelor,Employed,65921.14,Single,0,Suburban,24433.67,412,11,Debit Card,No,No
6287,25,Male,Bachelor,Unemployed,17728.05,Single,0,Rural,1000.0,365,1,Debit Card,Yes,No
6288,46,Female,High School,Self-Employed,50077.02,Single,0,Urban,11702.56,525,23,Credit Card,No,No
6289,55,Male,Master,Employed,69333.71,Married,4,Urban,15810.45,498,30,Debit Card,No,No
6290,34,Female,Diploma,Unemployed,19458.26,Single,0,Urban,16064.97,449,8,Credit Card,No,Yes
6291,35,Male,High School,Employed,42124.26,Single,0,Suburban,14645.77,454,15,Credit Card,Yes,No
6292,55,Female,High School,Unemployed,9786.63,Married,0,Rural,5455.55,422,34,Cash,No,No
6293,44,Female,Bachelor,Employed,58654.38,Married,4,Urban,27818.09,439,21,Debit Card,No,No
6294,43,Male,Bachelor,Employed,63208.12,Single,0,Suburban,29772.56,521,23,Credit Card,No,No
6295,23,Female,Bachelor,Employed,52070.52,Single,0,Urban,23036.57,462,3,Credit Card,Yes,Yes
6296,46,Male,Master,Employed,63486.79,Single,0,Urban,30108.76,459,20,Mobile Money,No,No
6297,26,Male,Diploma,Employed,50663.85,Married,0,Suburban,16515.78,454,6,Credit Card,No,No
6298,24,Male,Bachelor,Student,13454.13,Single,0,Rural,5311.31,387,0,Credit Card,No,No
6299,33,Male,Bachelor,Self-Employed,61955.28,Single,0,Rural,17690.79,482,13,Debit Card,Yes,No
6300,30,Male,PhD,Employed,90752.93,Married,0,Suburban,34449.81,579,11,Debit Card,Yes,No
6301,35,Female,Diploma,Employed,44068.26,Married,1,Rural,11343.57,457,15,Mobile Money,No,No
6302,20,Male,PhD,Unemployed,14445.61,Single,0,Urban,4868.34,368,0,Cash,Yes,No
6303,49,Female,High School,Employed,35727.94,Married,5,Rural,6793.99,477,29,Credit Card,Yes,No
6304,51,Male,Bachelor,Employed,58267.57,Married,4,Suburban,29092.87,433,31,Credit Card,Yes,No
6305,18,Female,Bachelor,Unemployed,29740.79,Single,0,Urban,7002.07,383,0,Debit Card,No,No
6306,49,Female,Master,Student,12248.07,Married,1,Suburban,8875.86,373,24,Mobile Money,Yes,No
6307,28,Male,High School,Self-Employed,47016.94,Married,0,Urban,20962.41,417,2,Debit Card,Yes,No
6308,48,Female,High School,Employed,29642.84,Married,4,Urban,8203.63,445,26,Credit Card,No,No
6309,37,Female,High School,Employed,31113.39,Single,0,Rural,13910.63,407,17,Credit Card,Yes,Yes
6310,38,Female,Bachelor,Self-Employed,68247.61,Married,3,Urban,24297.44,549,15,Debit Card,No,No
6311,35,Male,Bachelor,Student,27746.03,Married,1,Urban,20970.56,410,17,Credit Card,Yes,No
6312,52,Male,Master,Student,5000.0,Married,2,Urban,2022.68,407,25,Credit Card,Yes,No
6313,23,Female,Diploma,Employed,43960.6,Single,0,Suburban,9805.14,440,2,Debit Card,No,No
6314,45,Female,High School,Unemployed,9337.85,Married,4,Urban,5314.09,425,18,Debit Card,Yes,No
6315,51,Male,High School,Employed,29771.72,Single,0,Urban,9417.53,487,32,Mobile Money,No,No
6316,46,Male,High School,Employed,34664.09,Married,4,Rural,7041.7,492,22,Mobile Money,No,No
6317,65,Female,Bachelor,Employed,63848.01,Married,5,Rural,19514.05,494,43,Debit Card,No,No
6318,31,Female,Master,Student,18253.06,Single,0,Urban,12633.84,425,13,Mobile Money,Yes,No
6319,49,Female,PhD,Employed,99881.64,Married,1,Urban,32228.64,629,31,Debit Card,No,No
6320,36,Male,Diploma,Employed,37992.31,Single,0,Suburban,7075.51,516,12,Credit Card,No,No
6321,52,Male,High School,Student,5611.58,Married,2,Rural,5245.69,414,29,Cash,No,No
6322,37,Male,High School,Employed,21993.03,Married,0,Rural,12106.96,420,16,Credit Card,Yes,No
6323,33,Male,Bachelor,Employed,70863.25,Married,0,Urban,23647.68,526,10,Credit Card,Yes,Yes
6324,53,Male,PhD,Self-Employed,106506.3,Married,3,Suburban,35639.92,693,26,Mobile Money,No,No
6325,32,Female,High School,Self-Employed,33622.28,Married,0,Urban,20716.26,433,13,Credit Card,Yes,No
6326,21,Female,High School,Employed,34853.3,Married,0,Urban,12657.31,409,1,Debit Card,Yes,No
6327,31,Female,Bachelor,Student,19856.64,Married,2,Rural,6373.22,415,9,Debit Card,No,No
6328,45,Male,Bachelor,Employed,49463.35,Married,3,Suburban,26289.17,450,23,Mobile Money,No,No
6329,54,Male,Diploma,Student,17493.5,Single,0,Rural,5948.16,472,34,Credit Card,Yes,No
6330,39,Male,Master,Self-Employed,81573.59,Single,0,Urban,32405.59,528,18,Mobile Money,No,No
6331,53,Male,High School,Employed,41444.96,Married,4,Urban,21402.71,487,30,Debit Card,No,No
6332,21,Female,Master,Unemployed,16672.73,Single,0,Rural,1092.79,376,0,Cash,No,No
6333,32,Male,High School,Employed,35883.58,Single,0,Urban,3798.71,491,7,Credit Card,Yes,No
6334,34,Male,High School,Employed,30341.68,Single,0,Urban,10052.42,415,15,Cash,Yes,No
6335,36,Male,Diploma,Student,5000.0,Married,2,Suburban,1000.0,419,10,Credit Card,No,No
6336,39,Male,High School,Employed,18672.28,Married,2,Urban,4185.18,351,13,Credit Card,Yes,No
6337,46,Female,Bachelor,Employed,49056.38,Married,4,Urban,16848.3,511,27,Mobile Money,Yes,No
6338,32,Male,Bachelor,Employed,62940.46,Married,0,Suburban,23213.02,525,8,Debit Card,Yes,No
6339,39,Female,Diploma,Employed,24454.76,Married,3,Urban,7775.45,453,21,Mobile Money,Yes,No
6340,37,Female,Bachelor,Unemployed,19171.57,Single,0,Rural,3532.34,389,14,Credit Card,Yes,No
6341,26,Male,Diploma,Student,9975.12,Married,0,Suburban,11704.66,389,6,Debit Card,Yes,No
6342,36,Male,High School,Employed,16541.63,Single,0,Rural,10576.24,430,13,Credit Card,No,No
6343,36,Female,PhD,Employed,83624.84,Married,3,Rural,39457.21,525,16,Credit Card,Yes,No
6344,36,Female,Master,Employed,63609.72,Single,0,Urban,21079.28,471,12,Mobile Money,No,No
6345,38,Male,High School,Employed,30421.53,Single,0,Urban,13134.59,458,16,Credit Card,Yes,No
6346,38,Male,Diploma,Employed,51730.69,Married,0,Rural,15857.13,457,20,Credit Card,Yes,No
6347,32,Male,Bachelor,Employed,63599.7,Married,0,Rural,21290.99,498,14,Credit Card,No,No
6348,53,Male,High School,Employed,27117.53,Married,3,Urban,11109.7,485,29,Debit Card,Yes,No
6349,23,Male,Bachelor,Self-Employed,59364.66,Single,0,Rural,20196.33,427,0,Debit Card,No,No
6350,29,Male,Bachelor,Student,5000.0,Married,0,Urban,2524.77,360,9,Credit Card,No,No
6351,70,Male,High School,Self-Employed,32971.13,Married,5,Urban,10107.95,484,50,Debit Card,No,No
6352,25,Male,High School,Self-Employed,28809.7,Married,1,Rural,12260.77,413,2,Mobile Money,Yes,No
6353,21,Male,Bachelor,Employed,54710.82,Single,0,Urban,18933.21,462,1,Debit Card,Yes,No
6354,46,Female,Diploma,Unemployed,12013.95,Married,5,Suburban,7055.29,418,26,Credit Card,No,No
6355,18,Female,High School,Student,5000.0,Married,0,Urban,3290.5,377,0,Debit Card,Yes,No
6356,35,Female,Bachelor,Student,7362.85,Married,0,Urban,3713.85,393,11,Debit Card,Yes,No
6357,63,Male,Bachelor,Employed,49449.64,Married,0,Urban,11717.72,520,43,Cash,Yes,Yes
6358,19,Female,Diploma,Self-Employed,43900.16,Single,0,Urban,14593.06,430,0,Debit Card,No,No
6359,18,Male,Master,Self-Employed,95487.32,Single,0,Suburban,35795.57,539,0,Debit Card,No,No
6360,20,Female,Bachelor,Employed,59142.46,Single,0,Suburban,10758.52,518,0,Credit Card,No,No
6361,48,Male,Diploma,Student,12250.8,Single,0,Urban,8520.41,432,22,Credit Card,No,No
6362,51,Male,Diploma,Employed,48095.54,Single,0,Urban,19297.68,464,26,Credit Card,Yes,No
6363,31,Female,Bachelor,Employed,62388.18,Married,1,Urban,30878.88,472,5,Debit Card,Yes,No
6364,46,Female,High School,Employed,41398.12,Married,2,Urban,17914.56,449,22,Credit Card,Yes,No
6365,54,Female,Diploma,Employed,44707.34,Married,4,Urban,20186.03,480,34,Debit Card,Yes,No
6366,59,Male,Bachelor,Student,12641.16,Married,1,Urban,4963.79,443,39,Cash,Yes,No
6367,35,Male,Bachelor,Employed,50273.83,Married,1,Urban,13282.39,480,17,Credit Card,No,No
6368,18,Male,Bachelor,Employed,48406.78,Single,0,Urban,14900.93,398,0,Debit Card,Yes,No
6369,28,Female,Bachelor,Self-Employed,73058.06,Married,0,Urban,31491.45,551,4,Debit Card,Yes,Yes
6370,32,Female,High School,Employed,29111.56,Married,1,Urban,11513.55,378,14,Debit Card,Yes,No
6371,34,Female,Diploma,Self-Employed,37120.96,Married,1,Urban,14281.85,439,13,Debit Card,Yes,No
6372,35,Male,Bachelor,Self-Employed,49255.74,Single,0,Urban,15183.22,409,16,Cash,No,No
6373,51,Female,Bachelor,Employed,72181.02,Single,0,Urban,23428.66,552,30,Credit Card,Yes,Yes
6374,53,Male,Bachelor,Student,5000.0,Married,5,Urban,4661.82,438,27,Debit Card,No,No
6375,35,Male,Diploma,Employed,34510.09,Single,0,Suburban,9002.03,451,12,Credit Card,No,No
6376,51,Female,PhD,Self-Employed,117824.62,Married,4,Urban,37445.96,643,27,Credit Card,No,No
6377,42,Female,High School,Student,5000.0,Married,2,Urban,3191.66,421,17,Cash,Yes,No
6378,38,Male,High School,Self-Employed,40251.28,Married,1,Urban,5026.37,496,19,Debit Card,Yes,No
6379,48,Male,Diploma,Employed,54575.81,Married,0,Rural,19059.12,518,30,Mobile Money,No,No
6380,38,Male,High School,Employed,46910.64,Married,1,Urban,16209.99,494,16,Debit Card,Yes,No
6381,62,Male,Bachelor,Self-Employed,62420.41,Married,3,Rural,22346.61,506,44,Cash,No,No
6382,20,Male,High School,Student,5903.7,Single,0,Urban,1000.0,368,2,Cash,No,Yes
6383,31,Male,High School,Employed,26828.93,Married,0,Rural,10401.63,413,9,Credit Card,Yes,No
6384,36,Male,Diploma,Employed,39856.4,Married,1,Suburban,20677.39,439,9,Cash,No,No
6385,43,Female,Bachelor,Employed,65386.17,Married,2,Suburban,22039.81,519,19,Credit Card,Yes,No
6386,53,Female,Master,Self-Employed,72805.5,Married,4,Urban,20649.8,591,33,Credit Card,No,No
6387,37,Male,Bachelor,Employed,60183.65,Married,2,Rural,22568.79,490,14,Credit Card,Yes,No
6388,20,Female,High School,Unemployed,7436.02,Single,0,Suburban,6611.62,330,0,Credit Card,No,No
6389,48,Female,Bachelor,Unemployed,27448.01,Single,0,Suburban,9655.9,408,26,Credit Card,Yes,No
6390,47,Male,High School,Employed,40523.36,Married,2,Suburban,23821.56,491,22,Debit Card,Yes,No
6391,18,Male,Diploma,Employed,36742.95,Single,0,Urban,13548.78,412,0,Cash,No,No
6392,37,Female,Master,Self-Employed,83113.75,Single,0,Rural,25360.75,515,17,Credit Card,Yes,No
6393,18,Female,Diploma,Employed,47142.1,Single,0,Urban,17359.94,421,0,Cash,Yes,Yes
6394,30,Female,High School,Employed,37866.57,Married,1,Urban,13908.87,485,4,Mobile Money,Yes,No
6395,27,Female,Diploma,Employed,20220.09,Married,0,Suburban,9116.54,397,6,Credit Card,Yes,No
6396,47,Male,High School,Employed,37116.4,Married,0,Urban,9298.69,453,29,Debit Card,No,No
6397,39,Male,Diploma,Employed,53171.86,Single,0,Rural,12136.21,473,13,Cash,Yes,No
6398,22,Male,Diploma,Unemployed,14044.87,Single,0,Urban,1000.0,337,0,Debit Card,No,Yes
6399,48,Male,Diploma,Self-Employed,55601.41,Married,4,Suburban,18598.69,484,26,Credit Card,No,No
6400,20,Male,Master,Student,24230.05,Single,0,Suburban,6429.42,388,0,Debit Card,No,No
6401,41,Male,Bachelor,Employed,56772.75,Married,1,Suburban,17136.87,488,15,Credit Card,Yes,No
6402,28,Male,Master,Employed,76513.85,Married,0,Urban,22143.63,538,8,Credit Card,Yes,No
6403,33,Male,Bachelor,Employed,55101.49,Single,0,Urban,17511.25,462,15,Cash,Yes,No
6404,44,Male,Bachelor,Employed,54582.65,Married,0,Rural,8574.53,476,17,Credit Card,No,No
6405,44,Male,Diploma,Employed,34707.67,Married,4,Rural,9348.17,481,21,Credit Card,Yes,No
6406,54,Male,High School,Employed,31384.18,Married,3,Urban,17758.86,424,35,Credit Card,Yes,Yes
6407,37,Male,Bachelor,Employed,70094.85,Married,2,Urban,23909.62,493,12,Credit Card,No,No
6408,41,Female,Diploma,Employed,32780.04,Single,0,Rural,15947.36,425,23,Debit Card,No,No
6409,32,Female,High School,Employed,34934.98,Single,0,Suburban,4183.41,401,10,Cash,No,No
6410,40,Male,Diploma,Employed,42567.64,Married,2,Urban,23717.29,441,19,Mobile Money,Yes,No
6411,43,Male,Bachelor,Employed,66798.62,Single,0,Urban,27218.39,459,17,Mobile Money,No,No
6412,36,Female,PhD,Unemployed,40303.15,Single,0,Suburban,14962.44,445,13,Debit Card,No,No
6413,18,Female,Diploma,Employed,32605.78,Single,0,Suburban,13337.12,350,0,Debit Card,No,No
6414,41,Female,Bachelor,Employed,50406.28,Married,1,Urban,19836.57,491,22,Credit Card,Yes,No
6415,42,Male,Master,Employed,65843.31,Married,3,Urban,9048.61,520,20,Credit Card,Yes,No
6416,29,Female,Diploma,Employed,36126.4,Single,0,Urban,10873.2,440,10,Cash,Yes,No
6417,22,Female,High School,Unemployed,5812.41,Single,0,Urban,1000.0,388,0,Debit Card,No,Yes
6418,55,Female,Diploma,Employed,42776.52,Married,3,Urban,17507.87,470,34,Mobile Money,Yes,No
6419,43,Male,Master,Self-Employed,77188.9,Married,1,Urban,15903.87,575,18,Credit Card,No,No
6420,35,Female,High School,Employed,24313.67,Single,0,Urban,10608.81,328,15,Credit Card,Yes,No
6421,24,Female,Diploma,Self-Employed,41675.28,Single,0,Urban,15750.97,490,2,Debit Card,Yes,No
6422,28,Female,Diploma,Student,11941.0,Married,0,Urban,2542.51,389,3,Credit Card,Yes,No
6423,53,Male,Master,Unemployed,20489.85,Single,0,Urban,3111.98,483,33,Credit Card,Yes,No
6424,39,Female,Master,Employed,68069.59,Married,1,Urban,18447.86,496,14,Credit Card,No,No
6425,31,Male,Diploma,Unemployed,5264.96,Married,0,Urban,8807.03,358,6,Debit Card,Yes,No
6426,44,Male,Master,Employed,57167.57,Married,5,Urban,17964.42,470,21,Credit Card,Yes,No
6427,28,Female,High School,Employed,43052.27,Single,0,Urban,14940.45,469,1,Mobile Money,Yes,No
6428,56,Male,High School,Self-Employed,33690.18,Married,4,Rural,4664.59,493,33,Credit Card,No,No
6429,54,Female,Master,Student,35683.94,Married,4,Urban,13005.19,467,35,Debit Card,Yes,No
6430,32,Female,Bachelor,Employed,61182.33,Single,0,Suburban,20181.02,513,10,Credit Card,Yes,No
6431,30,Male,High School,Self-Employed,50634.02,Single,0,Urban,14704.17,413,6,Mobile Money,Yes,No
6432,18,Female,Diploma,Employed,47947.9,Single,0,Rural,21829.49,416,0,Cash,Yes,No
6433,20,Female,Bachelor,Employed,56268.13,Single,0,Rural,26417.77,408,1,Credit Card,No,No
6434,21,Male,Master,Unemployed,16218.74,Single,0,Urban,7914.18,417,0,Mobile Money,Yes,No
6435,39,Female,Master,Employed,62185.28,Married,2,Suburban,26481.13,496,13,Cash,No,No
6436,34,Male,Bachelor,Employed,63957.21,Single,0,Urban,16983.08,513,15,Debit Card,No,No
6437,21,Male,Master,Employed,72120.27,Single,0,Suburban,21618.24,521,1,Credit Card,No,No
6438,34,Male,Bachelor,Self-Employed,70932.01,Single,0,Rural,14971.91,546,7,Debit Card,Yes,No
6439,44,Male,Bachelor,Employed,61516.99,Single,0,Rural,23446.78,498,26,Debit Card,No,No
6440,44,Male,Bachelor,Employed,57847.8,Single,0,Urban,26503.91,503,20,Credit Card,No,No
6441,18,Female,Diploma,Employed,36225.14,Single,0,Rural,12342.71,439,0,Debit Card,No,Yes
6442,36,Female,High School,Student,14101.62,Married,0,Urban,6655.24,369,11,Credit Card,Yes,No
6443,21,Female,Diploma,Self-Employed,46414.51,Single,0,Rural,23779.15,413,3,Credit Card,Yes,No
6444,48,Male,Bachelor,Self-Employed,66724.55,Married,1,Suburban,29442.77,525,22,Cash,No,No
6445,47,Female,High School,Self-Employed,41739.12,Married,3,Rural,24698.34,483,27,Credit Card,No,No
6446,27,Male,High School,Employed,29528.29,Single,0,Urban,11507.77,439,9,Credit Card,Yes,No
6447,28,Male,Diploma,Employed,25457.22,Single,0,Rural,9281.18,436,5,Credit Card,No,No
6448,32,Male,High School,Employed,38324.7,Single,0,Rural,2820.82,409,6,Cash,No,No
6449,18,Male,Bachelor,Employed,65039.43,Single,0,Urban,21561.77,450,0,Credit Card,No,No
6450,42,Male,Diploma,Employed,25351.07,Married,3,Urban,9733.19,413,18,Credit Card,Yes,No
6451,34,Female,High School,Self-Employed,27653.67,Married,0,Urban,6646.12,407,14,Mobile Money,Yes,No
6452,49,Female,Bachelor,Employed,71191.04,Single,0,Suburban,14417.18,526,28,Mobile Money,No,No
6453,24,Male,Master,Employed,71856.28,Married,1,Urban,24823.95,470,3,Mobile Money,Yes,No
6454,30,Male,High School,Employed,30028.41,Married,0,Urban,9686.69,377,12,Mobile Money,Yes,No
6455,19,Male,High School,Employed,26588.93,Single,0,Urban,10527.46,420,0,Credit Card,Yes,No
6456,25,Female,Master,Employed,61754.38,Single,0,Urban,17707.03,504,2,Debit Card,Yes,Yes
6457,23,Female,Diploma,Self-Employed,46444.66,Single,0,Suburban,23219.87,364,4,Credit Card,Yes,Yes
6458,49,Female,Master,Employed,77795.38,Married,1,Suburban,16191.13,563,29,Credit Card,No,No
6459,29,Female,Diploma,Employed,39874.58,Married,0,Urban,12243.01,522,10,Credit Card,Yes,No
6460,39,Male,High School,Self-Employed,40882.27,Married,2,Urban,10165.66,473,15,Credit Card,Yes,No
6461,33,Female,High School,Employed,44125.66,Single,0,Urban,10528.88,501,12,Credit Card,No,No
6462,22,Male,High School,Self-Employed,31356.17,Single,0,Urban,12967.42,442,0,Cash,Yes,Yes
6463,35,Male,Master,Employed,72423.0,Married,0,Urban,20543.41,479,13,Cash,Yes,No
6464,45,Female,PhD,Unemployed,35035.15,Married,1,Suburban,7417.83,477,23,Credit Card,No,No
6465,23,Male,PhD,Employed,82536.77,Single,0,Urban,39106.32,448,0,Debit Card,Yes,No
6466,47,Female,Master,Self-Employed,85424.42,Married,0,Urban,33318.06,557,29,Debit Card,Yes,Yes
6467,27,Male,Master,Employed,84978.6,Single,0,Rural,28360.58,522,8,Credit Card,Yes,No
6468,32,Female,Bachelor,Employed,52278.0,Single,0,Urban,19841.07,545,14,Debit Card,Yes,No
6469,44,Male,Master,Self-Employed,92546.77,Married,1,Urban,31327.85,591,23,Mobile Money,Yes,No
6470,30,Male,High School,Employed,28870.9,Married,1,Urban,10714.85,386,12,Debit Card,Yes,No
6471,38,Female,Diploma,Employed,54396.7,Single,0,Urban,17421.8,505,19,Credit Card,Yes,No
6472,34,Female,Bachelor,Employed,41836.26,Married,0,Urban,19484.99,473,10,Debit Card,Yes,No
6473,39,Female,Master,Employed,70519.65,Married,0,Suburban,36219.36,522,17,Mobile Money,No,No
6474,18,Female,Bachelor,Self-Employed,54169.16,Single,0,Suburban,20341.3,461,0,Debit Card,Yes,No
6475,18,Female,Master,Self-Employed,78392.99,Single,0,Urban,28003.05,554,0,Credit Card,No,No
6476,45,Female,Diploma,Employed,34345.45,Married,1,Rural,15381.77,450,18,Mobile Money,Yes,No
6477,50,Male,Bachelor,Employed,52864.35,Single,0,Rural,19425.3,515,31,Cash,No,No
6478,27,Male,PhD,Student,8493.67,Married,1,Suburban,1740.82,404,9,Debit Card,No,No
6479,35,Male,High School,Employed,29426.08,Married,0,Rural,19125.78,403,13,Debit Card,No,No
6480,41,Female,Master,Self-Employed,87683.73,Single,0,Suburban,39393.74,590,20,Credit Card,No,No
6481,46,Male,Bachelor,Employed,42744.77,Married,4,Suburban,9821.99,462,24,Debit Card,Yes,No
6482,18,Female,Bachelor,Unemployed,11420.54,Single,0,Rural,1000.0,352,0,Mobile Money,Yes,No
6483,27,Female,Master,Employed,90327.94,Single,0,Rural,40409.41,532,1,Debit Card,Yes,No
6484,34,Female,Diploma,Employed,42633.9,Married,0,Rural,13759.98,400,7,Debit Card,Yes,No
6485,46,Male,Diploma,Employed,25458.07,Single,0,Suburban,8134.19,460,27,Debit Card,Yes,No
6486,67,Male,Bachelor,Self-Employed,54796.27,Married,5,Urban,19620.78,603,41,Cash,Yes,No
6487,35,Female,High School,Employed,31807.23,Married,2,Urban,11070.73,422,10,Mobile Money,No,No
6488,21,Male,Diploma,Self-Employed,48805.33,Single,0,Suburban,15747.85,492,1,Debit Card,Yes,No
6489,42,Male,Diploma,Employed,35300.46,Married,2,Suburban,8580.4,363,20,Credit Card,No,No
6490,53,Male,Master,Employed,87546.52,Married,5,Urban,43338.14,617,27,Cash,No,No
6491,39,Male,High School,Unemployed,29949.83,Single,0,Urban,12283.49,388,17,Debit Card,Yes,No
6492,27,Male,Diploma,Employed,37884.93,Single,0,Urban,19289.3,461,9,Debit Card,Yes,No
6493,49,Female,Master,Employed,76983.65,Married,2,Suburban,30168.06,509,24,Debit Card,Yes,No
6494,45,Male,Master,Employed,77385.33,Married,3,Suburban,32184.94,596,19,Credit Card,No,No
6495,25,Female,Bachelor,Student,19446.99,Married,0,Urban,10009.56,338,6,Mobile Money,No,No
6496,42,Male,Bachelor,Employed,49879.32,Married,2,Rural,16369.65,515,15,Mobile Money,No,No
6497,49,Female,Diploma,Employed,55515.59,Married,1,Suburban,28253.68,496,25,Debit Card,Yes,No
6498,52,Female,Diploma,Employed,39451.22,Married,2,Suburban,8903.75,469,25,Debit Card,No,No
6499,37,Male,High School,Employed,33375.94,Single,0,Suburban,8910.68,435,17,Debit Card,No,No
6500,33,Male,Bachelor,Employed,55016.35,Married,2,Rural,27360.43,470,14,Debit Card,No,No
6501,52,Male,Diploma,Unemployed,10882.51,Married,3,Rural,1000.0,453,25,Credit Card,No,No
6502,23,Female,Bachelor,Employed,57227.24,Single,0,Rural,27969.04,469,4,Credit Card,Yes,No
6503,43,Female,Diploma,Self-Employed,38512.92,Married,1,Urban,18561.62,473,24,Credit Card,Yes,No
6504,21,Female,Diploma,Employed,24230.78,Single,0,Urban,5151.21,408,0,Cash,Yes,No
6505,50,Male,Bachelor,Student,9292.96,Married,3,Suburban,1248.28,361,32,Credit Card,No,No
6506,34,Male,Master,Student,6956.58,Married,0,Rural,2171.03,449,7,Debit Card,No,No
6507,53,Male,High School,Employed,34380.03,Married,2,Urban,16871.83,467,29,Credit Card,No,No
6508,43,Male,Diploma,Employed,43470.32,Married,3,Urban,8490.9,463,24,Debit Card,Yes,No
6509,23,Female,High School,Self-Employed,36107.84,Single,0,Rural,5166.48,413,0,Debit Card,Yes,No
6510,55,Male,High School,Employed,41852.6,Single,0,Suburban,12842.79,506,30,Debit Card,No,No
6511,56,Female,Bachelor,Employed,54950.18,Married,4,Suburban,4106.83,574,32,Credit Card,Yes,No
6512,48,Female,High School,Student,5000.0,Married,0,Suburban,1000.0,446,26,Cash,No,No
6513,28,Female,High School,Employed,28210.85,Married,0,Urban,7481.57,433,5,Credit Card,Yes,No
6514,34,Male,Master,Employed,79367.74,Married,0,Rural,35531.07,503,11,Debit Card,No,No
6515,39,Female,Bachelor,Unemployed,5000.0,Married,0,Suburban,2688.63,379,14,Mobile Money,No,No
6516,29,Female,High School,Employed,29247.71,Single,0,Suburban,10908.22,402,9,Credit Card,Yes,No
6517,58,Female,High School,Employed,34603.7,Married,5,Suburban,9485.46,464,37,Credit Card,Yes,No
6518,39,Female,High School,Employed,51217.94,Married,0,Urban,15651.46,565,21,Credit Card,No,No
6519,18,Female,Diploma,Employed,49666.06,Single,0,Suburban,18553.82,465,0,Debit Card,Yes,Yes
6520,42,Female,Bachelor,Student,12060.93,Single,0,Urban,6531.85,392,16,Debit Card,Yes,No
6521,33,Male,Bachelor,Student,15166.07,Single,0,Urban,1144.73,399,6,Cash,Yes,Yes
6522,37,Female,High School,Employed,14818.44,Single,0,Suburban,2725.22,455,11,Credit Card,Yes,No
6523,33,Female,Bachelor,Unemployed,8102.22,Married,0,Urban,4271.77,317,9,Mobile Money,Yes,Yes
6524,47,Female,Diploma,Employed,45207.65,Married,4,Rural,9491.36,458,27,Debit Card,No,No
6525,51,Female,Diploma,Self-Employed,49289.34,Married,2,Suburban,14350.88,481,32,Debit Card,Yes,No
6526,41,Male,Master,Employed,72309.93,Single,0,Urban,35450.27,492,16,Debit Card,No,Yes
6527,33,Female,Diploma,Employed,40272.92,Single,0,Urban,13648.53,437,14,Debit Card,Yes,No
6528,37,Female,High School,Employed,29959.27,Married,1,Urban,17150.49,447,11,Debit Card,Yes,No
6529,38,Male,Master,Employed,70823.45,Married,3,Rural,14845.32,517,20,Debit Card,Yes,No
6530,28,Male,High School,Employed,21551.72,Single,0,Urban,5746.39,371,3,Credit Card,Yes,No
6531,44,Female,Diploma,Employed,38168.58,Married,3,Suburban,11417.06,447,19,Debit Card,No,No
6532,43,Male,Bachelor,Student,5000.0,Married,3,Urban,1000.0,351,21,Debit Card,No,No
6533,56,Male,Bachelor,Student,6043.23,Single,0,Suburban,1485.16,428,30,Cash,No,No
6534,53,Male,Master,Unemployed,30567.24,Married,5,Urban,13944.42,408,35,Mobile Money,No,No
6535,29,Female,High School,Employed,28553.98,Single,0,Urban,6804.02,388,10,Credit Card,Yes,No
6536,47,Male,Diploma,Employed,44766.72,Married,0,Suburban,17775.55,478,26,Credit Card,No,No
6537,26,Male,High School,Employed,30922.36,Single,0,Urban,11517.44,407,3,Credit Card,No,No
6538,46,Female,Bachelor,Employed,51920.87,Single,0,Urban,11206.33,545,28,Debit Card,No,No
6539,31,Female,Diploma,Employed,31931.45,Married,0,Rural,9996.15,451,9,Debit Card,Yes,No
6540,25,Female,Bachelor,Employed,51799.55,Single,0,Suburban,21483.13,430,3,Credit Card,Yes,No
6541,41,Male,High School,Employed,31465.43,Married,1,Suburban,8874.37,398,21,Cash,Yes,No
6542,18,Female,High School,Unemployed,13641.23,Single,0,Urban,3960.41,333,0,Mobile Money,No,No
6543,18,Male,Diploma,Self-Employed,48978.69,Single,0,Urban,20080.81,420,0,Cash,Yes,Yes
6544,35,Female,PhD,Employed,95195.84,Married,0,Urban,30974.4,569,16,Credit Card,Yes,No
6545,38,Female,Master,Self-Employed,71838.64,Married,1,Urban,30916.95,507,20,Debit Card,Yes,No
6546,33,Male,PhD,Employed,96933.3,Married,1,Rural,22572.49,544,15,Cash,Yes,Yes
6547,19,Female,Diploma,Employed,30973.95,Married,3,Urban,11636.76,435,0,Debit Card,Yes,Yes
6548,28,Male,High School,Employed,37868.04,Single,0,Suburban,6893.94,465,2,Mobile Money,Yes,Yes
6549,42,Female,Diploma,Self-Employed,52019.25,Married,1,Urban,20136.31,488,24,Cash,No,No
6550,44,Male,Bachelor,Employed,40038.48,Married,2,Urban,9357.44,472,17,Credit Card,No,No
6551,37,Female,High School,Employed,35895.7,Married,1,Rural,12705.62,440,15,Mobile Money,No,No
6552,51,Male,Diploma,Employed,47960.78,Married,2,Urban,21702.44,535,29,Mobile Money,Yes,No
6553,42,Male,High School,Employed,40063.03,Married,4,Urban,7500.55,447,23,Cash,Yes,No
6554,29,Female,Diploma,Employed,33851.21,Married,0,Urban,13364.37,430,2,Credit Card,Yes,No
6555,34,Female,High School,Self-Employed,37435.29,Married,3,Rural,16551.39,457,13,Mobile Money,No,No
6556,21,Female,High School,Employed,35555.6,Married,0,Suburban,12476.18,444,0,Debit Card,Yes,No
6557,36,Male,Diploma,Self-Employed,53890.61,Married,0,Rural,22443.65,441,14,Credit Card,Yes,No
6558,51,Male,Diploma,Employed,43276.17,Married,2,Suburban,18106.02,506,25,Cash,No,No
6559,46,Female,Bachelor,Employed,51586.91,Married,1,Urban,14995.01,453,26,Credit Card,No,No
6560,54,Female,Bachelor,Self-Employed,73903.55,Married,5,Suburban,35117.65,540,31,Mobile Money,No,Yes
6561,34,Male,High School,Employed,37950.56,Single,0,Urban,7641.29,435,7,Credit Card,Yes,No
6562,54,Female,Bachelor,Employed,53765.77,Married,2,Urban,26816.09,509,36,Credit Card,No,No
6563,35,Male,High School,Employed,23731.56,Single,0,Urban,9071.57,419,9,Debit Card,Yes,No
6564,55,Male,Diploma,Self-Employed,42176.77,Married,3,Urban,11749.08,430,36,Credit Card,No,No
6565,37,Male,Bachelor,Self-Employed,76918.54,Single,0,Urban,17935.07,526,10,Debit Card,No,No
6566,46,Female,PhD,Employed,97605.43,Married,2,Urban,32811.46,644,28,Mobile Money,Yes,No
6567,55,Female,Bachelor,Employed,54839.68,Married,3,Urban,17650.75,501,31,Mobile Money,No,No
6568,35,Male,High School,Self-Employed,34406.61,Single,0,Urban,14440.73,411,16,Credit Card,No,No
6569,40,Female,Bachelor,Employed,40854.51,Single,0,Urban,8112.52,469,17,Credit Card,No,No
6570,53,Male,Diploma,Employed,39324.79,Single,0,Rural,17394.26,491,26,Cash,No,No
6571,36,Female,Diploma,Self-Employed,38471.08,Married,0,Suburban,7500.29,374,13,Credit Card,Yes,No
6572,22,Female,High School,Self-Employed,37272.0,Married,0,Urban,19910.65,465,0,Cash,Yes,Yes
6573,63,Female,Bachelor,Employed,64481.98,Single,0,Urban,19543.66,541,42,Credit Card,No,No
6574,32,Male,High School,Self-Employed,28156.39,Single,0,Suburban,15133.68,401,10,Debit Card,Yes,Yes
6575,39,Female,Bachelor,Employed,56908.69,Married,0,Urban,14019.0,486,17,Cash,Yes,No
6576,51,Female,Bachelor,Self-Employed,73982.24,Married,2,Suburban,15629.59,552,28,Mobile Money,No,No
6577,30,Female,High School,Employed,31762.36,Single,0,Rural,16364.74,382,6,Credit Card,Yes,No
6578,25,Female,Master,Employed,65808.14,Married,2,Suburban,22688.08,497,5,Mobile Money,No,No
6579,41,Female,Bachelor,Employed,55083.09,Married,2,Rural,10512.28,480,20,Credit Card,Yes,No
6580,18,Male,Diploma,Employed,47657.99,Single,0,Urban,22670.64,388,0,Debit Card,Yes,No
6581,34,Female,High School,Employed,32100.62,Married,2,Rural,7968.43,493,15,Credit Card,No,No
6582,40,Female,Bachelor,Self-Employed,65973.04,Single,0,Suburban,31130.3,492,21,Cash,Yes,No
6583,34,Female,Diploma,Employed,49249.15,Married,1,Suburban,22145.25,453,16,Debit Card,Yes,No
6584,19,Male,Master,Self-Employed,88119.34,Married,1,Suburban,17528.51,486,0,Credit Card,No,No
6585,57,Male,High School,Employed,20376.78,Married,3,Urban,8052.49,458,32,Credit Card,No,No
6586,39,Male,High School,Self-Employed,41051.3,Married,0,Suburban,19945.09,422,19,Credit Card,Yes,No
6587,55,Male,Master,Employed,77596.47,Married,4,Urban,22814.83,572,35,Cash,No,No
6588,34,Male,PhD,Employed,80101.47,Married,1,Urban,17220.13,522,10,Debit Card,Yes,No
6589,27,Female,High School,Employed,11850.08,Single,0,Urban,2444.94,380,2,Credit Card,No,No
6590,41,Male,Bachelor,Employed,46664.54,Married,2,Urban,8012.53,455,23,Credit Card,No,No
6591,35,Male,High School,Employed,29180.0,Married,1,Rural,8066.95,446,12,Credit Card,Yes,No
6592,23,Male,Bachelor,Employed,63078.31,Single,0,Urban,12633.52,481,2,Debit Card,Yes,Yes
6593,55,Male,Master,Student,6872.38,Single,0,Urban,2592.98,447,34,Cash,No,No
6594,30,Female,High School,Unemployed,13440.96,Married,0,Rural,8076.12,352,3,Credit Card,Yes,Yes
6595,18,Male,High School,Unemployed,5000.0,Single,0,Urban,1000.0,364,0,Credit Card,Yes,Yes
6596,53,Male,High School,Employed,31442.45,Married,4,Urban,12154.81,519,32,Credit Card,No,No
6597,31,Female,High School,Unemployed,5746.08,Single,0,Urban,4930.09,369,13,Cash,No,No
6598,30,Female,High School,Employed,46788.79,Married,0,Urban,15042.63,488,7,Mobile Money,Yes,No
6599,18,Male,Master,Employed,54863.31,Single,0,Suburban,15462.88,419,0,Debit Card,Yes,No
6600,58,Female,Diploma,Employed,39883.99,Married,3,Urban,11816.53,513,37,Cash,No,No
6601,22,Female,Diploma,Employed,24814.23,Single,0,Suburban,9344.84,396,0,Debit Card,Yes,Yes
6602,38,Female,Bachelor,Employed,50602.34,Married,2,Urban,14932.55,487,20,Credit Card,Yes,No
6603,48,Female,Diploma,Employed,26390.76,Married,2,Rural,8612.38,421,29,Cash,Yes,No
6604,43,Female,Diploma,Employed,58406.31,Married,2,Suburban,15861.56,534,25,Credit Card,No,No
6605,37,Male,High School,Self-Employed,33155.62,Single,0,Rural,15672.12,402,12,Mobile Money,No,No
6606,18,Male,Bachelor,Student,9311.76,Single,0,Urban,9898.59,345,0,Credit Card,No,No
6607,28,Male,High School,Employed,29658.13,Single,0,Suburban,11960.13,401,4,Credit Card,Yes,No
6608,40,Male,Bachelor,Employed,45941.79,Married,4,Suburban,20488.86,453,17,Mobile Money,Yes,No
6609,28,Female,Diploma,Self-Employed,56441.91,Married,0,Rural,16546.39,437,1,Credit Card,Yes,No
6610,40,Female,Bachelor,Employed,60121.55,Married,1,Urban,21925.24,502,13,Cash,Yes,No
6611,46,Male,Bachelor,Student,18343.51,Single,0,Rural,11186.77,381,24,Mobile Money,No,No
6612,49,Male,Bachelor,Unemployed,6756.3,Married,3,Urban,3274.33,428,30,Cash,No,Yes
6613,23,Male,Diploma,Employed,49082.52,Single,0,Urban,10283.07,424,5,Credit Card,No,Yes
6614,64,Female,Diploma,Employed,48158.73,Married,5,Urban,24922.49,530,45,Credit Card,Yes,No
6615,47,Female,Master,Student,12140.86,Married,4,Urban,8131.09,421,27,Debit Card,No,No
6616,37,Female,High School,Student,13160.17,Married,1,Urban,5237.72,362,15,Credit Card,Yes,No
6617,51,Female,High School,Employed,32181.37,Married,3,Suburban,8600.61,488,32,Credit Card,Yes,No
6618,66,Female,Bachelor,Employed,42248.0,Married,4,Urban,21834.59,567,42,Debit Card,Yes,No
6619,20,Female,Master,Self-Employed,82537.55,Single,0,Urban,14674.64,527,0,Credit Card,Yes,Yes
6620,35,Male,Diploma,Employed,36147.92,Married,0,Urban,8572.94,390,16,Debit Card,Yes,No
6621,18,Female,Bachelor,Student,11683.35,Single,0,Rural,8173.65,370,0,Credit Card,No,No
6622,40,Female,Bachelor,Self-Employed,74169.01,Married,0,Urban,14521.34,495,18,Mobile Money,Yes,No
6623,42,Female,High School,Self-Employed,22869.27,Single,0,Urban,13812.67,367,21,Credit Card,No,No
6624,37,Female,Bachelor,Employed,51451.38,Married,2,Urban,10295.79,461,10,Cash,No,No
6625,30,Female,Master,Self-Employed,77425.3,Single,0,Urban,29506.42,483,6,Credit Card,Yes,No
6626,18,Female,PhD,Employed,83768.87,Single,0,Urban,28539.33,503,0,Debit Card,Yes,Yes
6627,42,Female,High School,Employed,23415.13,Married,1,Urban,6745.85,457,24,Credit Card,No,No
6628,55,Male,Bachelor,Employed,55545.36,Married,4,Urban,21969.27,516,29,Credit Card,Yes,No
6629,30,Female,Diploma,Employed,44185.4,Married,2,Urban,13210.42,454,11,Credit Card,Yes,No
6630,43,Female,High School,Self-Employed,38786.6,Married,0,Suburban,10286.92,428,19,Credit Card,No,No
6631,19,Male,Bachelor,Unemployed,17985.35,Single,0,Urban,7017.36,392,0,Cash,Yes,No
6632,43,Female,High School,Employed,34973.96,Married,0,Urban,11439.76,471,18,Credit Card,No,No
6633,33,Female,Diploma,Employed,59042.61,Married,1,Suburban,21013.66,500,12,Debit Card,No,No
6634,28,Female,Diploma,Employed,41087.13,Married,0,Urban,21170.45,416,3,Cash,No,No
6635,28,Female,Diploma,Employed,48169.11,Married,0,Suburban,13688.07,460,9,Credit Card,No,No
6636,33,Male,Diploma,Self-Employed,55713.47,Married,2,Suburban,23491.69,524,12,Credit Card,No,No
6637,42,Female,Diploma,Employed,54222.35,Single,0,Rural,13615.86,472,19,Mobile Money,Yes,No
6638,22,Female,Bachelor,Student,15484.15,Single,0,Urban,3303.13,371,0,Credit Card,Yes,Yes
6639,33,Male,High School,Self-Employed,29245.47,Single,0,Suburban,6880.42,425,6,Credit Card,Yes,Yes
6640,37,Male,Bachelor,Employed,57439.06,Single,0,Suburban,14768.05,485,18,Credit Card,No,No
6641,24,Female,Master,Employed,72009.11,Single,0,Urban,36902.05,450,5,Debit Card,No,No
6642,59,Female,High School,Employed,36521.46,Single,0,Urban,13492.06,465,36,Credit Card,No,No
6643,27,Female,Bachelor,Employed,48012.83,Single,0,Urban,18958.88,465,4,Credit Card,No,No
6644,29,Female,Bachelor,Employed,65130.57,Married,0,Suburban,11786.52,457,3,Debit Card,Yes,No
6645,26,Male,Bachelor,Employed,55041.9,Married,0,Urban,11448.11,465,4,Credit Card,No,No
6646,59,Male,Diploma,Student,14715.03,Married,4,Suburban,9658.35,438,33,Credit Card,No,Yes
6647,44,Male,Bachelor,Employed,57477.39,Married,2,Urban,13741.03,524,18,Credit Card,Yes,No
6648,26,Female,High School,Self-Employed,36980.73,Married,1,Urban,7226.32,433,5,Credit Card,Yes,Yes
6649,51,Male,Diploma,Employed,41870.85,Single,0,Urban,19437.55,474,24,Credit Card,No,No
6650,40,Female,Bachelor,Employed,60375.94,Single,0,Urban,22206.29,502,15,Debit Card,No,No
6651,41,Female,High School,Employed,45669.24,Married,1,Rural,22094.34,497,14,Credit Card,No,No
6652,33,Female,Bachelor,Employed,38860.98,Single,0,Urban,12386.13,418,7,Credit Card,Yes,No
6653,29,Male,Bachelor,Employed,59320.02,Married,0,Rural,19729.44,508,3,Mobile Money,No,No
6654,42,Female,Bachelor,Self-Employed,66351.74,Married,4,Urban,15305.56,545,22,Credit Card,No,No
6655,31,Male,High School,Employed,28583.15,Married,0,Suburban,16548.09,363,13,Debit Card,Yes,Yes
6656,59,Male,PhD,Self-Employed,89093.77,Single,0,Urban,26790.89,558,36,Credit Card,No,No
6657,22,Male,Bachelor,Unemployed,21141.66,Single,0,Urban,4467.79,338,0,Mobile Money,Yes,No
6658,56,Female,Diploma,Unemployed,11000.23,Single,0,Urban,2977.69,452,29,Credit Card,No,No
6659,36,Male,High School,Self-Employed,29324.57,Married,1,Suburban,10794.94,416,15,Debit Card,No,No
6660,41,Female,Bachelor,Employed,55339.84,Married,2,Rural,22158.18,480,15,Debit Card,Yes,No
6661,47,Male,Master,Student,11657.68,Married,0,Rural,2213.95,442,23,Cash,No,No
6662,30,Male,Bachelor,Student,5000.0,Married,1,Urban,6223.29,362,10,Debit Card,Yes,No
6663,48,Male,Bachelor,Self-Employed,66705.48,Married,0,Urban,25795.31,541,29,Debit Card,No,No
6664,18,Female,Diploma,Employed,44640.59,Single,0,Rural,22498.84,385,0,Credit Card,Yes,No
6665,29,Female,Diploma,Employed,35606.13,Married,1,Urban,10931.26,413,5,Mobile Money,Yes,No
6666,26,Female,Diploma,Self-Employed,50093.7,Single,0,Rural,9157.45,515,7,Credit Card,Yes,Yes
6667,22,Female,Bachelor,Unemployed,17364.9,Single,0,Urban,4254.66,348,4,Debit Card,Yes,No
6668,35,Female,Diploma,Self-Employed,56363.94,Single,0,Rural,28426.06,488,14,Mobile Money,No,No
6669,42,Female,High School,Self-Employed,35170.46,Married,0,Urban,11404.06,416,23,Credit Card,No,No
6670,46,Female,Diploma,Employed,46408.73,Married,2,Urban,12732.87,472,19,Credit Card,No,No
6671,40,Female,Master,Employed,67493.18,Single,0,Suburban,14269.38,529,13,Debit Card,No,No
6672,30,Male,Bachelor,Self-Employed,81738.58,Married,1,Suburban,15101.98,495,10,Debit Card,No,No
6673,42,Female,Diploma,Employed,36505.27,Married,3,Urban,10744.89,463,19,Credit Card,Yes,No
6674,39,Female,Master,Self-Employed,78520.01,Single,0,Suburban,23645.83,543,16,Credit Card,No,No
6675,49,Female,High School,Self-Employed,35196.06,Married,2,Rural,19598.64,492,23,Cash,No,No
6676,47,Female,High School,Employed,24175.85,Married,2,Suburban,10597.54,395,23,Credit Card,Yes,No
6677,38,Male,High School,Employed,20010.75,Married,4,Rural,5000.78,400,17,Credit Card,No,No
6678,27,Female,High School,Unemployed,14820.82,Married,1,Urban,5256.94,375,6,Debit Card,Yes,No
6679,30,Male,High School,Employed,5498.81,Single,0,Urban,1171.83,345,3,Debit Card,Yes,Yes
6680,31,Female,Bachelor,Employed,49259.73,Married,0,Suburban,24574.79,471,10,Credit Card,No,No
6681,34,Female,Bachelor,Self-Employed,55265.89,Married,1,Suburban,18335.01,451,10,Credit Card,No,No
6682,41,Female,Bachelor,Unemployed,17637.36,Married,4,Urban,6426.57,443,19,Debit Card,No,No
6683,46,Male,Bachelor,Unemployed,5000.0,Married,0,Urban,1000.0,344,20,Cash,No,Yes
6684,37,Male,Bachelor,Employed,59382.81,Married,0,Rural,18951.46,518,11,Debit Card,Yes,No
6685,38,Male,High School,Employed,35248.72,Married,1,Urban,15676.03,404,15,Debit Card,Yes,No
6686,39,Male,Bachelor,Unemployed,5000.0,Married,3,Urban,1000.0,392,15,Credit Card,Yes,No
6687,31,Female,Bachelor,Employed,56524.82,Single,0,Urban,27711.46,502,4,Debit Card,No,No
6688,26,Female,Master,Employed,74128.47,Single,0,Suburban,17576.99,508,7,Debit Card,No,No
6689,18,Female,High School,Employed,37522.4,Single,0,Rural,15404.12,365,0,Credit Card,No,No
6690,29,Female,High School,Employed,18248.57,Married,1,Urban,5381.76,456,2,Cash,Yes,No
6691,43,Male,Bachelor,Employed,42123.24,Married,0,Suburban,20426.33,396,18,Cash,No,No
6692,29,Male,Bachelor,Employed,67021.19,Married,0,Rural,34801.45,471,7,Cash,No,No
6693,35,Male,Diploma,Employed,33424.88,Married,2,Suburban,4104.15,418,10,Debit Card,Yes,Yes
6694,43,Female,Bachelor,Student,6780.77,Married,2,Suburban,5164.07,359,22,Debit Card,No,No
6695,44,Female,High School,Employed,35064.76,Single,0,Urban,14934.01,510,20,Debit Card,Yes,No
6696,25,Female,PhD,Employed,80646.39,Married,0,Suburban,25771.56,489,1,Cash,No,Yes
6697,49,Male,High School,Employed,27873.2,Married,2,Rural,6882.24,423,27,Debit Card,Yes,No
6698,51,Male,High School,Employed,37133.95,Single,0,Urban,15080.33,431,32,Credit Card,No,No
6699,24,Female,High School,Student,5000.0,Single,0,Urban,1000.0,395,0,Debit Card,Yes,No
6700,28,Male,Diploma,Self-Employed,43999.97,Single,0,Rural,10780.91,459,3,Debit Card,Yes,No
6701,52,Female,High School,Unemployed,5000.0,Married,3,Urban,1057.4,423,31,Cash,Yes,No
6702,36,Male,Bachelor,Unemployed,10308.52,Married,1,Rural,1298.86,426,13,Mobile Money,Yes,No
6703,18,Male,Master,Student,23485.19,Single,0,Rural,4659.37,443,0,Credit Card,No,Yes
6704,21,Female,Diploma,Employed,51240.51,Single,0,Urban,17781.6,428,0,Debit Card,Yes,No
6705,35,Male,Bachelor,Employed,57062.67,Married,3,Urban,10978.57,485,15,Debit Card,Yes,No
6706,24,Female,High School,Employed,34257.68,Single,0,Urban,7372.7,402,0,Debit Card,Yes,No
6707,33,Female,Diploma,Employed,44038.84,Married,1,Urban,10686.4,459,6,Cash,Yes,Yes
6708,38,Female,Diploma,Self-Employed,42621.31,Married,0,Urban,20656.35,403,13,Credit Card,No,No
6709,55,Female,High School,Employed,31905.2,Married,2,Suburban,3298.28,447,34,Debit Card,No,No
6710,34,Female,Bachelor,Self-Employed,55637.53,Single,0,Urban,21489.84,462,16,Credit Card,No,No
6711,50,Male,High School,Employed,22331.44,Married,1,Urban,10762.67,468,26,Mobile Money,No,No
6712,55,Female,Master,Employed,69305.59,Single,0,Suburban,21712.41,522,34,Credit Card,No,No
6713,55,Female,Bachelor,Employed,46512.23,Married,5,Suburban,16251.14,545,34,Debit Card,No,No
6714,41,Male,Bachelor,Unemployed,6318.18,Married,5,Rural,1000.0,370,21,Mobile Money,Yes,No
6715,18,Female,Master,Self-Employed,78304.82,Married,1,Rural,24855.88,511,0,Credit Card,No,No
6716,43,Female,Master,Student,23170.67,Married,0,Rural,4093.37,431,24,Mobile Money,Yes,No
6717,50,Female,Bachelor,Unemployed,28957.11,Married,5,Urban,8944.68,446,30,Debit Card,No,No
6718,37,Female,Diploma,Employed,39739.52,Married,2,Urban,16196.84,440,13,Credit Card,Yes,No
6719,58,Male,Diploma,Employed,44657.59,Single,0,Urban,21789.06,524,40,Debit Card,No,No
6720,48,Female,Bachelor,Self-Employed,61492.05,Married,0,Urban,17490.91,503,28,Cash,No,No
6721,44,Male,Bachelor,Self-Employed,49474.83,Married,1,Suburban,15856.18,514,17,Cash,No,No
6722,51,Male,Master,Employed,62851.82,Married,5,Urban,22952.89,528,24,Debit Card,Yes,No
6723,42,Female,High School,Employed,27533.25,Married,2,Urban,16605.36,460,23,Credit Card,Yes,No
6724,18,Female,Diploma,Employed,41127.75,Single,0,Urban,16772.68,373,0,Mobile Money,No,Yes
6725,32,Male,Diploma,Employed,39192.19,Married,0,Urban,13562.53,391,9,Cash,Yes,No
6726,52,Female,Master,Student,11746.84,Married,2,Rural,4402.01,410,31,Credit Card,No,No
6727,28,Female,High School,Self-Employed,31402.94,Married,0,Urban,16229.92,442,8,Debit Card,Yes,No
6728,35,Female,Diploma,Employed,42750.9,Married,1,Suburban,8498.56,481,16,Mobile Money,No,No
6729,25,Female,Diploma,Employed,29088.87,Married,1,Urban,9718.11,425,4,Debit Card,Yes,No
6730,59,Female,High School,Self-Employed,42416.5,Married,1,Suburban,22066.62,546,40,Mobile Money,No,No
6731,58,Male,Diploma,Self-Employed,43309.19,Married,3,Suburban,22753.5,540,35,Credit Card,Yes,No
6732,27,Male,Bachelor,Employed,71536.79,Single,0,Urban,14043.61,461,0,Debit Card,No,No
6733,39,Female,High School,Self-Employed,33477.48,Single,0,Suburban,4343.57,425,17,Credit Card,No,No
6734,29,Female,Bachelor,Self-Employed,62158.59,Single,0,Urban,21838.01,459,8,Mobile Money,Yes,No
6735,45,Female,PhD,Employed,85498.51,Single,0,Rural,20356.91,562,25,Credit Card,Yes,No
6736,44,Female,PhD,Student,14238.38,Married,1,Urban,1596.88,433,24,Mobile Money,Yes,Yes
6737,47,Female,Bachelor,Employed,59857.82,Married,3,Rural,18096.68,502,28,Credit Card,No,No
6738,41,Male,Bachelor,Employed,54661.79,Married,1,Suburban,14994.65,544,17,Cash,No,No
6739,70,Male,Diploma,Employed,47896.65,Single,0,Urban,13168.0,535,44,Credit Card,No,No
6740,25,Male,PhD,Employed,93715.37,Single,0,Urban,23862.73,534,7,Cash,Yes,No
6741,18,Female,Diploma,Employed,40251.94,Single,0,Urban,7772.41,389,0,Cash,Yes,No
6742,33,Male,Diploma,Self-Employed,50983.63,Married,0,Rural,23635.69,470,8,Mobile Money,Yes,No
6743,19,Female,High School,Employed,39570.78,Single,0,Urban,8330.63,405,0,Mobile Money,No,Yes
6744,20,Male,Diploma,Unemployed,17253.57,Single,0,Rural,10275.64,365,2,Cash,No,No
6745,25,Female,High School,Self-Employed,38244.46,Single,0,Rural,8148.5,414,7,Cash,No,No
6746,26,Male,Bachelor,Employed,58381.94,Married,2,Urban,17806.99,514,3,Credit Card,No,No
6747,26,Female,Bachelor,Employed,45778.52,Married,0,Urban,10130.94,442,2,Cash,No,No
6748,44,Male,Bachelor,Employed,75573.57,Married,1,Urban,20734.7,551,18,Debit Card,Yes,No
6749,31,Male,Diploma,Employed,44225.01,Married,0,Rural,11537.65,461,4,Mobile Money,Yes,No
6750,35,Female,Master,Employed,75023.32,Married,0,Rural,27958.2,513,12,Mobile Money,No,No
6751,48,Male,High School,Employed,29770.46,Single,0,Urban,4992.34,459,26,Debit Card,No,No
6752,28,Female,Diploma,Employed,21619.46,Single,0,Suburban,4650.56,392,9,Debit Card,Yes,No
6753,34,Female,Bachelor,Employed,52877.25,Single,0,Urban,16050.05,498,10,Credit Card,Yes,No
6754,42,Female,Master,Employed,70607.58,Married,2,Rural,34824.54,495,24,Credit Card,Yes,No
6755,18,Female,High School,Unemployed,5000.0,Single,0,Rural,4384.35,315,0,Mobile Money,Yes,Yes
6756,18,Male,Bachelor,Employed,48347.57,Single,0,Urban,18210.45,477,0,Debit Card,No,No
6757,42,Female,Bachelor,Employed,52285.98,Married,3,Rural,15415.36,489,19,Mobile Money,No,No
6758,43,Male,Master,Employed,76172.23,Married,2,Rural,38284.72,545,25,Debit Card,No,No
6759,62,Male,High School,Employed,40046.03,Married,3,Urban,13781.66,493,36,Mobile Money,Yes,No
6760,39,Male,Diploma,Self-Employed,49367.7,Single,0,Urban,16784.36,477,13,Debit Card,Yes,No
6761,47,Male,High School,Employed,25460.97,Married,2,Rural,8874.86,423,26,Credit Card,No,No
6762,35,Female,High School,Employed,27100.92,Married,0,Rural,6211.7,437,17,Mobile Money,Yes,No
6763,41,Female,High School,Employed,30796.27,Married,0,Urban,7504.19,426,16,Mobile Money,Yes,No
6764,58,Male,PhD,Employed,91744.24,Married,3,Urban,30637.31,574,33,Cash,Yes,No
6765,18,Male,High School,Employed,33479.67,Single,0,Urban,17686.46,403,0,Cash,No,No
6766,42,Male,Master,Employed,66485.12,Married,2,Urban,16809.96,512,15,Credit Card,Yes,No
6767,63,Male,High School,Employed,34234.33,Married,3,Rural,24952.61,472,43,Debit Card,Yes,No
6768,41,Female,Master,Employed,73601.9,Single,0,Urban,33769.82,492,22,Debit Card,Yes,No
6769,57,Male,Bachelor,Student,7839.26,Married,1,Rural,3509.05,437,33,Debit Card,Yes,No
6770,30,Male,High School,Employed,16244.07,Single,0,Urban,9646.47,424,3,Debit Card,No,No
6771,37,Female,Bachelor,Employed,47920.51,Married,1,Urban,15880.72,512,13,Mobile Money,Yes,No
6772,38,Female,Diploma,Self-Employed,60540.76,Single,0,Urban,33379.54,510,16,Credit Card,Yes,No
6773,18,Female,Diploma,Self-Employed,34451.43,Single,0,Urban,14999.55,419,0,Credit Card,Yes,Yes
6774,23,Female,Diploma,Self-Employed,58540.18,Single,0,Rural,17025.48,449,0,Credit Card,No,Yes
6775,24,Male,Diploma,Self-Employed,34171.35,Single,0,Urban,10601.36,410,0,Debit Card,Yes,No
6776,47,Male,Bachelor,Employed,48814.8,Married,2,Suburban,14108.57,495,24,Debit Card,Yes,No
6777,48,Male,Bachelor,Employed,52002.25,Married,5,Urban,18481.1,511,30,Cash,No,No
6778,41,Male,Diploma,Unemployed,26258.42,Single,0,Suburban,17820.75,438,15,Credit Card,No,No
6779,47,Female,Master,Unemployed,21209.05,Married,0,Urban,8911.57,443,23,Credit Card,Yes,No
6780,36,Female,Master,Employed,68287.96,Married,0,Urban,23683.88,481,9,Cash,Yes,No
6781,52,Male,High School,Employed,22517.23,Married,2,Rural,5544.33,413,27,Credit Card,No,No
6782,38,Male,High School,Self-Employed,40175.69,Married,2,Suburban,20178.96,466,19,Mobile Money,No,No
6783,38,Male,Diploma,Employed,35898.25,Married,0,Urban,5471.83,456,14,Cash,Yes,No
6784,34,Female,Bachelor,Student,9167.97,Single,0,Suburban,1000.0,335,7,Credit Card,No,No
6785,46,Male,Diploma,Employed,37133.16,Married,0,Suburban,15741.12,437,26,Credit Card,Yes,No
6786,32,Male,Diploma,Self-Employed,53758.9,Single,0,Urban,19600.35,457,12,Credit Card,No,No
6787,49,Female,Bachelor,Employed,61094.3,Married,0,Rural,23118.94,494,28,Credit Card,Yes,No
6788,24,Male,Bachelor,Employed,47876.89,Single,0,Suburban,18201.86,439,0,Credit Card,Yes,Yes
6789,24,Male,High School,Employed,24981.94,Single,0,Suburban,8439.32,365,0,Debit Card,Yes,No
6790,46,Male,Master,Employed,64192.97,Single,0,Urban,29254.76,527,20,Debit Card,No,No
6791,36,Male,Bachelor,Employed,56466.82,Single,0,Suburban,18547.35,495,14,Debit Card,Yes,No
6792,32,Male,Diploma,Unemployed,19253.56,Married,0,Urban,4336.29,453,5,Debit Card,Yes,No
6793,48,Male,Bachelor,Employed,56573.32,Married,1,Urban,21408.62,450,21,Debit Card,Yes,No
6794,30,Female,High School,Employed,12474.82,Married,0,Urban,4559.94,345,10,Cash,No,Yes
6795,35,Female,Diploma,Employed,46078.03,Single,0,Suburban,14658.92,475,12,Debit Card,Yes,No
6796,54,Female,High School,Self-Employed,25208.07,Married,4,Suburban,7812.54,491,32,Credit Card,No,No
6797,56,Female,High School,Employed,24278.08,Married,5,Urban,4880.68,464,33,Debit Card,No,No
6798,56,Male,Diploma,Student,9587.45,Married,2,Suburban,4844.58,460,35,Mobile Money,No,No
6799,34,Female,High School,Self-Employed,35328.91,Single,0,Urban,13436.66,418,10,Credit Card,No,No
6800,52,Male,Bachelor,Unemployed,23481.88,Married,3,Rural,4402.45,426,34,Cash,Yes,No
6801,26,Male,Bachelor,Employed,50113.98,Single,0,Suburban,24052.76,454,1,Cash,No,No
6802,27,Male,High School,Self-Employed,28267.09,Married,0,Suburban,10466.04,383,5,Cash,Yes,No
6803,18,Male,High School,Employed,27506.86,Single,0,Urban,8609.66,376,0,Debit Card,Yes,Yes
6804,58,Female,Bachelor,Employed,62816.15,Married,1,Rural,17016.35,545,31,Cash,Yes,No
6805,27,Male,High School,Employed,35037.38,Married,0,Rural,12627.45,419,7,Credit Card,Yes,No
6806,36,Male,Diploma,Employed,40697.18,Single,0,Urban,16132.62,452,13,Cash,Yes,No
6807,27,Male,Diploma,Employed,50607.71,Married,1,Urban,18947.05,455,7,Credit Card,Yes,No
6808,46,Male,Master,Employed,79158.85,Married,1,Suburban,25848.36,603,22,Debit Card,No,No
6809,33,Male,Master,Employed,76307.86,Married,0,Urban,36204.44,546,15,Mobile Money,Yes,No
6810,22,Male,Bachelor,Employed,45576.13,Single,0,Suburban,7526.26,480,0,Cash,No,No
6811,43,Male,High School,Self-Employed,42265.91,Married,3,Rural,20240.47,425,22,Debit Card,No,No
6812,20,Female,Bachelor,Student,9381.13,Single,0,Suburban,4542.59,429,1,Debit Card,No,No
6813,27,Male,High School,Self-Employed,32840.45,Single,0,Urban,3494.73,458,4,Mobile Money,No,No
6814,18,Male,High School,Employed,24539.59,Single,0,Urban,7083.25,430,0,Debit Card,Yes,No
6815,20,Female,Bachelor,Employed,53626.27,Married,0,Rural,22443.91,439,0,Credit Card,Yes,No
6816,40,Female,Bachelor,Employed,49993.97,Married,1,Urban,10743.08,470,22,Debit Card,Yes,Yes
6817,18,Male,High School,Employed,31358.03,Single,0,Rural,11221.98,426,0,Credit Card,Yes,Yes
6818,20,Male,High School,Student,5000.0,Single,0,Urban,9082.57,314,0,Credit Card,No,No
6819,37,Female,Bachelor,Employed,56764.31,Single,0,Urban,16869.23,512,18,Debit Card,Yes,No
6820,31,Male,Master,Unemployed,25426.17,Married,0,Suburban,6735.02,439,6,Credit Card,Yes,No
6821,61,Female,Bachelor,Self-Employed,63645.08,Married,2,Urban,28735.56,522,38,Debit Card,No,No
6822,60,Male,Diploma,Self-Employed,42101.65,Single,0,Suburban,17890.91,515,36,Credit Card,No,No
6823,27,Female,Master,Student,5000.0,Single,0,Urban,5200.47,313,2,Debit Card,Yes,No
6824,44,Female,Bachelor,Employed,61165.23,Single,0,Suburban,27654.05,544,22,Mobile Money,No,No
6825,46,Female,Bachelor,Employed,55630.12,Married,3,Urban,26174.82,512,28,Mobile Money,Yes,No
6826,30,Male,Diploma,Unemployed,10590.59,Single,0,Suburban,7266.0,391,5,Credit Card,Yes,No
6827,20,Male,High School,Employed,39375.33,Single,0,Rural,7221.64,438,0,Credit Card,No,No
6828,37,Male,Diploma,Employed,29691.83,Married,5,Urban,9552.84,398,14,Credit Card,Yes,No
6829,35,Female,Diploma,Employed,40449.92,Married,0,Urban,16677.14,476,16,Cash,Yes,No
6830,32,Female,Diploma,Self-Employed,40287.53,Single,0,Urban,14373.31,439,9,Cash,Yes,No
6831,43,Male,Bachelor,Employed,60248.05,Single,0,Urban,28534.12,480,20,Debit Card,Yes,No
6832,28,Female,High School,Student,5000.0,Single,0,Urban,1000.0,397,2,Mobile Money,Yes,No
6833,24,Male,Master,Employed,76432.13,Single,0,Suburban,31355.42,474,0,Debit Card,Yes,No
6834,39,Male,High School,Self-Employed,42101.28,Married,0,Urban,13874.22,450,14,Credit Card,Yes,No
6835,42,Female,Diploma,Self-Employed,40615.9,Married,1,Rural,17265.44,420,22,Debit Card,Yes,No
6836,23,Male,Bachelor,Employed,55530.72,Single,0,Urban,24260.92,416,2,Debit Card,Yes,No
6837,49,Male,Diploma,Employed,32787.81,Single,0,Rural,8281.82,419,22,Credit Card,No,No
6838,18,Male,Diploma,Unemployed,15420.77,Single,0,Suburban,4174.47,395,0,Cash,Yes,Yes
6839,31,Female,Diploma,Self-Employed,54561.83,Single,0,Urban,23212.43,439,4,Debit Card,Yes,No
6840,34,Female,Master,Self-Employed,75960.16,Single,0,Suburban,14188.83,513,7,Credit Card,No,No
6841,30,Female,PhD,Employed,79626.01,Single,0,Rural,13685.7,497,10,Cash,Yes,No
6842,31,Female,Bachelor,Employed,63771.5,Married,1,Suburban,25095.36,506,6,Debit Card,No,No
6843,60,Female,Bachelor,Employed,70529.36,Married,3,Suburban,31753.91,569,40,Credit Card,No,No
6844,27,Male,High School,Employed,33955.58,Single,0,Urban,7422.59,378,2,Debit Card,No,No
6845,67,Female,Master,Self-Employed,88547.53,Married,3,Urban,45285.75,634,48,Credit Card,No,No
6846,43,Female,PhD,Employed,87343.68,Married,1,Suburban,44591.27,578,25,Credit Card,Yes,No
6847,39,Female,Bachelor,Self-Employed,67440.22,Married,1,Suburban,25873.27,480,19,Credit Card,No,No
6848,43,Female,Bachelor,Employed,57805.77,Married,1,Rural,17037.08,532,18,Cash,Yes,Yes
6849,68,Female,Bachelor,Employed,53539.42,Married,5,Rural,22561.35,527,45,Cash,Yes,No
6850,26,Male,Diploma,Unemployed,22798.88,Married,0,Urban,11965.39,362,5,Mobile Money,Yes,Yes
6851,24,Male,Master,Student,15413.96,Single,0,Urban,1000.0,391,5,Debit Card,No,No
6852,28,Female,Bachelor,Student,13444.8,Married,1,Urban,5670.59,410,8,Cash,Yes,Yes
6853,38,Female,Bachelor,Unemployed,15204.3,Married,0,Urban,3877.81,432,16,Cash,Yes,No
6854,18,Female,Bachelor,Self-Employed,65517.29,Single,0,Urban,30349.1,416,0,Cash,Yes,No
6855,38,Male,Master,Student,23749.68,Married,2,Urban,6340.15,454,20,Credit Card,Yes,No
6856,58,Male,Bachelor,Self-Employed,67167.25,Married,5,Urban,14610.35,609,34,Debit Card,Yes,Yes
6857,39,Female,High School,Student,7354.36,Married,2,Urban,1000.0,347,19,Cash,Yes,No
6858,34,Female,Diploma,Employed,41457.62,Married,1,Rural,10784.38,464,10,Credit Card,Yes,No
6859,30,Female,PhD,Student,15083.9,Married,1,Urban,6175.12,389,4,Debit Card,Yes,No
6860,48,Male,Bachelor,Employed,43736.48,Married,2,Urban,8671.33,500,26,Cash,Yes,No
6861,28,Female,Master,Employed,82580.59,Single,0,Urban,38032.59,503,6,Debit Card,Yes,No
6862,60,Female,Master,Employed,78546.35,Married,2,Urban,29542.3,579,42,Credit Card,No,No
6863,61,Female,Bachelor,Unemployed,26492.35,Married,4,Suburban,9706.87,482,34,Cash,No,No
6864,41,Male,Diploma,Employed,31419.85,Single,0,Suburban,10378.78,414,17,Credit Card,No,No
6865,37,Male,Diploma,Student,19559.36,Married,0,Urban,13109.05,443,18,Credit Card,No,No
6866,50,Female,Bachelor,Employed,70734.97,Single,0,Rural,29766.48,522,23,Credit Card,Yes,No
6867,51,Male,Diploma,Employed,48358.58,Married,0,Urban,12242.74,516,24,Credit Card,Yes,No
6868,28,Female,Bachelor,Employed,68182.58,Married,0,Rural,23687.52,510,9,Cash,No,No
6869,31,Male,Bachelor,Employed,61382.79,Single,0,Suburban,22966.51,504,13,Debit Card,No,No
6870,22,Female,Diploma,Self-Employed,41227.14,Single,0,Urban,8264.08,398,0,Debit Card,No,No
6871,42,Male,Bachelor,Self-Employed,70061.05,Married,1,Urban,19513.79,574,22,Cash,No,No
6872,45,Male,Diploma,Employed,31837.26,Single,0,Rural,5607.75,406,25,Credit Card,Yes,No
6873,21,Female,Diploma,Employed,35221.01,Single,0,Urban,9578.28,378,2,Cash,Yes,No
6874,32,Female,Diploma,Employed,42530.24,Single,0,Suburban,15375.54,416,8,Credit Card,Yes,No
6875,21,Male,Master,Unemployed,22456.15,Married,2,Rural,4279.81,434,0,Debit Card,Yes,No
6876,27,Male,Diploma,Employed,43704.6,Single,0,Suburban,14133.28,470,6,Credit Card,No,No
6877,44,Female,Diploma,Employed,25663.29,Married,2,Suburban,13006.57,432,23,Debit Card,No,No
6878,29,Male,Diploma,Employed,38766.1,Married,2,Urban,16943.22,458,6,Credit Card,No,Yes
6879,34,Female,High School,Unemployed,13391.99,Married,2,Suburban,6279.09,418,13,Credit Card,No,No
6880,18,Male,Bachelor,Employed,60986.99,Single,0,Suburban,28120.29,429,0,Credit Card,No,No
6881,40,Female,High School,Employed,36510.18,Single,0,Urban,15613.14,417,17,Cash,Yes,No
6882,37,Female,Master,Self-Employed,86010.07,Single,0,Suburban,26322.36,573,11,Debit Card,Yes,No
6883,29,Female,High School,Student,5000.0,Single,0,Urban,4474.89,347,7,Mobile Money,Yes,Yes
6884,35,Male,Bachelor,Self-Employed,70011.77,Married,0,Suburban,21453.18,528,14,Debit Card,No,No
6885,40,Female,High School,Employed,27602.3,Married,2,Suburban,7550.53,397,20,Mobile Money,No,Yes
6886,28,Male,PhD,Employed,97208.45,Married,0,Urban,29967.81,528,1,Debit Card,Yes,No
6887,20,Female,Diploma,Student,11418.46,Single,0,Urban,5778.78,359,0,Mobile Money,Yes,No
6888,59,Female,Master,Employed,69506.22,Married,4,Rural,16845.53,622,34,Credit Card,No,No
6889,30,Female,Bachelor,Employed,48848.04,Married,0,Suburban,27193.31,442,3,Debit Card,Yes,No
6890,36,Male,Bachelor,Employed,63955.8,Married,0,Urban,15052.64,509,16,Credit Card,No,No
6891,50,Female,Master,Student,18472.4,Married,5,Urban,4225.76,433,23,Credit Card,No,No
6892,70,Male,High School,Self-Employed,52823.76,Single,0,Urban,12914.76,494,47,Debit Card,Yes,No
6893,23,Male,Bachelor,Self-Employed,70209.75,Single,0,Urban,16255.11,486,5,Mobile Money,Yes,No
6894,43,Male,Diploma,Employed,44879.34,Married,2,Urban,13931.43,475,17,Credit Card,No,Yes
6895,29,Male,Bachelor,Employed,43277.85,Married,2,Urban,7014.89,466,5,Mobile Money,Yes,No
6896,31,Male,PhD,Employed,92483.88,Single,0,Urban,35344.99,500,10,Mobile Money,Yes,No
6897,29,Male,Master,Employed,67467.77,Married,1,Suburban,20890.96,485,10,Credit Card,Yes,Yes
6898,24,Female,High School,Unemployed,15611.46,Married,0,Urban,2913.63,391,4,Cash,No,No
6899,37,Male,Diploma,Employed,42677.48,Single,0,Urban,22586.35,481,13,Credit Card,Yes,No
6900,20,Female,Diploma,Employed,47882.19,Single,0,Urban,17340.87,475,2,Credit Card,Yes,No
6901,49,Male,High School,Student,23060.76,Married,3,Suburban,3244.8,461,28,Debit Card,Yes,No
6902,38,Female,High School,Employed,23613.1,Single,0,Rural,7698.17,399,14,Mobile Money,No,No
6903,43,Male,Diploma,Self-Employed,55573.65,Married,2,Urban,29982.99,498,17,Credit Card,No,Yes
6904,32,Female,PhD,Self-Employed,113468.75,Married,0,Rural,35641.2,569,11,Cash,No,No
6905,33,Female,Bachelor,Student,26834.36,Married,3,Rural,7149.03,430,9,Credit Card,Yes,No
6906,41,Male,Bachelor,Unemployed,22143.08,Married,4,Suburban,5334.63,404,20,Cash,No,No
6907,24,Female,Diploma,Self-Employed,52811.28,Single,0,Urban,12447.62,482,5,Debit Card,Yes,No
6908,33,Male,Bachelor,Employed,61811.63,Married,1,Rural,28436.85,471,14,Debit Card,Yes,No
6909,27,Female,PhD,Employed,97370.13,Single,0,Rural,25224.69,523,3,Credit Card,No,No
6910,27,Male,Bachelor,Student,22634.96,Single,0,Rural,10663.42,398,6,Credit Card,No,No
6911,18,Male,High School,Employed,23444.97,Single,0,Rural,4693.8,378,0,Credit Card,Yes,No
6912,54,Male,Diploma,Self-Employed,44861.29,Married,2,Urban,12110.9,498,31,Mobile Money,Yes,No
6913,29,Female,PhD,Employed,103882.29,Married,0,Urban,38467.69,534,10,Cash,Yes,No
6914,51,Female,Diploma,Employed,24330.28,Married,2,Suburban,12622.48,423,25,Cash,No,No
6915,50,Female,Bachelor,Employed,54322.17,Married,1,Suburban,17080.21,474,23,Credit Card,No,No
6916,22,Female,High School,Employed,31196.48,Single,0,Rural,12523.67,431,1,Debit Card,Yes,No
6917,24,Male,High School,Student,5000.0,Married,1,Urban,1000.0,362,6,Credit Card,Yes,No
6918,68,Female,Master,Unemployed,33647.58,Single,0,Suburban,5115.14,541,43,Mobile Money,Yes,No
6919,59,Female,Diploma,Employed,43807.5,Married,4,Rural,18654.13,497,38,Cash,No,No
6920,37,Female,Diploma,Self-Employed,44901.49,Single,0,Urban,19546.26,476,12,Debit Card,Yes,No
6921,41,Female,Diploma,Employed,34924.73,Married,0,Urban,14155.23,418,23,Credit Card,No,No
6922,30,Female,PhD,Unemployed,29254.6,Single,0,Urban,5420.85,428,5,Mobile Money,Yes,No
6923,43,Female,High School,Unemployed,18327.63,Married,3,Urban,9817.65,393,20,Credit Card,No,No
6924,29,Male,Master,Employed,71107.26,Married,1,Urban,34701.99,507,2,Mobile Money,Yes,No
6925,18,Male,Diploma,Employed,38924.64,Single,0,Urban,18753.06,422,0,Credit Card,Yes,Yes
6926,22,Male,Master,Self-Employed,78437.73,Single,0,Urban,26558.79,503,2,Credit Card,No,No
6927,38,Male,PhD,Student,20992.31,Single,0,Urban,6775.11,387,14,Credit Card,Yes,No
6928,24,Male,Diploma,Self-Employed,50548.56,Single,0,Urban,10475.2,455,0,Cash,Yes,Yes
6929,37,Female,High School,Unemployed,5000.0,Married,0,Rural,6061.22,366,11,Credit Card,No,No
6930,25,Male,High School,Unemployed,17211.33,Married,1,Suburban,4101.96,416,6,Credit Card,No,No
6931,28,Female,Bachelor,Employed,68648.35,Married,0,Rural,29146.54,501,2,Credit Card,No,No
6932,48,Female,High School,Unemployed,9391.98,Single,0,Urban,4403.03,393,23,Credit Card,No,No
6933,40,Male,Diploma,Employed,42417.1,Single,0,Urban,19803.83,462,13,Credit Card,No,No
6934,37,Male,High School,Employed,21160.52,Married,1,Urban,7418.54,454,14,Debit Card,Yes,No
6935,48,Female,Diploma,Self-Employed,53897.52,Married,3,Urban,22105.34,509,26,Debit Card,Yes,No
6936,43,Female,High School,Employed,33713.39,Married,0,Rural,14433.39,467,24,Mobile Money,Yes,Yes
6937,55,Female,Master,Employed,67391.16,Married,1,Urban,12938.03,500,33,Cash,Yes,Yes
6938,32,Male,Master,Self-Employed,78052.06,Married,0,Urban,31555.77,558,11,Credit Card,Yes,No
6939,32,Female,Diploma,Employed,54780.56,Married,0,Suburban,17699.65,439,9,Credit Card,No,No
6940,22,Male,Bachelor,Student,14062.16,Single,0,Suburban,2489.17,342,4,Credit Card,Yes,No
6941,32,Female,Bachelor,Student,5000.0,Single,0,Urban,1000.0,377,6,Credit Card,Yes,No
6942,49,Female,Bachelor,Employed,61844.35,Married,3,Suburban,27297.04,532,31,Debit Card,No,No
6943,53,Male,Bachelor,Employed,56837.26,Married,4,Urban,24780.95,469,34,Debit Card,Yes,No
6944,49,Male,Bachelor,Self-Employed,66471.14,Married,2,Urban,21645.11,557,26,Debit Card,No,No
6945,18,Male,Bachelor,Employed,62828.46,Single,0,Urban,20119.83,421,0,Debit Card,Yes,No
6946,50,Male,Bachelor,Employed,34097.9,Single,0,Suburban,9588.99,441,29,Credit Card,No,No
6947,18,Female,Diploma,Self-Employed,33543.68,Single,0,Urban,14139.65,450,0,Mobile Money,Yes,No
6948,48,Male,Diploma,Self-Employed,59033.75,Single,0,Urban,20147.82,530,21,Debit Card,No,No
6949,33,Female,Diploma,Employed,38968.62,Married,1,Rural,15146.57,423,10,Credit Card,Yes,No
6950,46,Male,Bachelor,Unemployed,13085.82,Married,1,Urban,12092.57,417,21,Debit Card,Yes,No
6951,22,Female,Diploma,Self-Employed,37297.94,Single,0,Urban,12531.68,401,3,Credit Card,No,No
6952,52,Female,Bachelor,Employed,56550.79,Married,0,Rural,28316.77,515,27,Cash,Yes,No
6953,20,Female,Diploma,Self-Employed,50538.05,Single,0,Urban,11749.03,436,0,Cash,Yes,No
6954,29,Female,Master,Employed,81526.52,Married,0,Urban,17262.12,534,11,Cash,No,No
6955,26,Male,High School,Employed,32979.56,Married,1,Suburban,7211.44,404,1,Credit Card,No,No
6956,18,Female,Bachelor,Unemployed,14077.54,Single,0,Urban,6823.46,347,0,Mobile Money,No,No
6957,39,Male,Bachelor,Student,14245.41,Married,2,Suburban,5526.34,415,14,Debit Card,Yes,No
6958,59,Male,Diploma,Employed,48875.91,Married,0,Urban,18726.75,486,37,Credit Card,No,No
6959,70,Male,Diploma,Student,15129.76,Married,5,Urban,5990.18,468,51,Debit Card,No,No
6960,39,Female,Master,Employed,74971.48,Married,0,Suburban,22611.91,500,15,Credit Card,No,No
6961,51,Female,Diploma,Employed,42196.65,Single,0,Suburban,18914.89,461,32,Credit Card,No,No
6962,40,Female,Master,Employed,65349.38,Married,2,Suburban,20148.42,523,17,Debit Card,Yes,No
6963,43,Male,Master,Employed,61737.61,Married,0,Urban,17999.69,498,20,Credit Card,No,No
6964,33,Male,Bachelor,Employed,45471.95,Married,1,Suburban,17635.95,500,10,Debit Card,Yes,No
6965,40,Female,Bachelor,Student,14151.73,Married,1,Suburban,1000.0,378,14,Debit Card,Yes,No
6966,44,Female,Bachelor,Employed,58986.24,Married,0,Suburban,24245.9,531,17,Cash,Yes,No
6967,31,Male,Bachelor,Employed,63754.44,Single,0,Rural,8238.8,459,9,Credit Card,No,No
6968,37,Female,PhD,Self-Employed,112493.85,Married,1,Urban,35812.08,519,13,Credit Card,Yes,No
6969,37,Male,Diploma,Employed,48406.97,Married,3,Suburban,16460.32,499,13,Cash,No,No
6970,47,Male,High School,Self-Employed,34955.63,Single,0,Suburban,17061.08,443,27,Debit Card,Yes,No
6971,25,Male,Diploma,Employed,46166.74,Married,1,Urban,14152.63,457,6,Debit Card,No,No
6972,37,Male,Bachelor,Employed,46988.24,Single,0,Suburban,29162.26,437,13,Credit Card,No,No
6973,60,Male,High School,Self-Employed,35518.51,Single,0,Urban,14599.43,474,38,Debit Card,Yes,No
6974,51,Female,Master,Employed,55348.12,Married,1,Suburban,24429.01,524,29,Credit Card,No,No
6975,54,Female,Diploma,Employed,40252.68,Married,1,Suburban,16863.11,469,35,Credit Card,Yes,No
6976,38,Male,Master,Employed,79798.29,Married,2,Suburban,34761.79,575,13,Credit Card,No,No
6977,41,Female,High School,Employed,30561.69,Married,3,Urban,12149.29,452,20,Mobile Money,No,No
6978,50,Female,Diploma,Self-Employed,53774.6,Married,2,Urban,13277.17,488,27,Mobile Money,No,No
6979,56,Male,High School,Employed,32185.48,Married,4,Urban,14799.94,471,29,Mobile Money,No,No
6980,18,Female,Diploma,Employed,35436.59,Single,0,Urban,5909.44,388,0,Credit Card,Yes,No
6981,22,Female,Diploma,Employed,38506.82,Single,0,Suburban,15887.29,433,2,Credit Card,No,Yes
6982,53,Male,Master,Employed,79437.48,Married,2,Suburban,38507.57,589,26,Debit Card,No,No
6983,34,Male,Diploma,Student,13733.39,Married,1,Suburban,5560.83,426,11,Credit Card,Yes,No
6984,29,Male,Bachelor,Student,6059.23,Single,0,Rural,1000.0,371,4,Debit Card,Yes,No
6985,22,Female,Diploma,Employed,28900.23,Married,1,Urban,8309.22,395,0,Credit Card,No,Yes
6986,31,Male,High School,Employed,31654.77,Single,0,Rural,6900.95,474,5,Debit Card,No,No
6987,21,Female,Bachelor,Employed,50344.96,Single,0,Urban,12925.31,458,0,Credit Card,Yes,Yes
6988,63,Female,High School,Employed,28580.52,Married,5,Urban,5659.23,493,38,Credit Card,No,No
6989,37,Male,Master,Employed,58364.62,Married,1,Urban,27325.81,480,13,Credit Card,No,No
6990,37,Female,Bachelor,Employed,63326.02,Married,0,Suburban,29136.81,488,11,Cash,No,No
6991,45,Female,Diploma,Self-Employed,47224.18,Married,3,Suburban,24144.26,461,23,Mobile Money,Yes,No
6992,49,Male,Bachelor,Employed,55437.28,Married,2,Rural,14039.83,524,29,Credit Card,Yes,No
6993,49,Female,High School,Student,5000.0,Single,0,Urban,8739.6,422,29,Cash,No,No
6994,50,Male,Bachelor,Employed,52780.92,Married,1,Urban,6472.59,475,25,Debit Card,No,No
6995,30,Male,Master,Self-Employed,84979.68,Married,0,Urban,26576.83,578,9,Credit Card,Yes,No
6996,34,Male,Master,Student,9093.94,Married,2,Rural,1000.0,392,7,Credit Card,No,No
6997,47,Female,Diploma,Employed,38273.11,Single,0,Urban,19525.96,499,27,Mobile Money,Yes,No
6998,31,Female,Diploma,Student,19090.33,Single,0,Suburban,8114.23,352,12,Mobile Money,No,Yes
6999,37,Male,Bachelor,Employed,40999.66,Single,0,Urban,11826.44,433,14,Cash,Yes,No
7000,42,Male,PhD,Student,19476.49,Married,1,Urban,7593.26,424,16,Cash,Yes,No
7001,47,Male,Master,Student,7716.27,Married,4,Urban,6058.73,405,20,Debit Card,No,No
7002,18,Female,Diploma,Employed,50691.92,Single,0,Urban,12538.22,407,0,Mobile Money,No,No
7003,46,Female,Bachelor,Unemployed,15054.18,Married,1,Urban,5456.43,380,21,Credit Card,Yes,No
7004,35,Female,Master,Employed,61622.76,Married,0,Urban,27988.24,500,14,Mobile Money,No,No
7005,46,Female,Diploma,Employed,38275.12,Married,3,Rural,7146.71,425,25,Credit Card,No,No
7006,47,Female,Master,Employed,72797.07,Single,0,Urban,29215.52,537,22,Debit Card,Yes,No
7007,57,Male,Diploma,Employed,62204.98,Married,2,Suburban,27191.16,464,31,Cash,No,No
7008,54,Male,Diploma,Self-Employed,31121.52,Married,2,Suburban,14975.74,495,33,Credit Card,Yes,No
7009,54,Female,High School,Employed,20407.07,Married,4,Urban,12787.82,415,31,Credit Card,No,No
7010,55,Female,Bachelor,Self-Employed,76441.75,Single,0,Urban,38447.48,552,33,Debit Card,No,Yes
7011,41,Male,Master,Employed,57928.32,Married,0,Suburban,15565.63,481,17,Mobile Money,Yes,No
7012,38,Female,Bachelor,Student,11077.06,Single,0,Urban,8080.95,404,19,Debit Card,No,No
7013,48,Female,High School,Employed,26133.08,Married,2,Urban,16581.17,399,30,Credit Card,Yes,Yes
7014,46,Male,Diploma,Employed,34876.61,Single,0,Suburban,11222.58,441,25,Credit Card,Yes,No
7015,34,Female,Bachelor,Self-Employed,64622.46,Married,0,Suburban,20794.98,484,8,Debit Card,Yes,No
7016,42,Female,Bachelor,Unemployed,13838.54,Married,2,Suburban,11176.1,413,21,Cash,No,No
7017,37,Male,Bachelor,Self-Employed,74456.49,Single,0,Urban,23427.7,569,10,Credit Card,No,No
7018,27,Female,High School,Employed,40626.36,Single,0,Suburban,12186.28,423,3,Debit Card,No,No
7019,53,Male,Bachelor,Employed,58410.43,Married,1,Urban,34490.34,526,34,Mobile Money,No,No
7020,38,Male,Master,Employed,68111.42,Single,0,Urban,26828.93,483,13,Debit Card,Yes,No
7021,62,Female,Bachelor,Employed,57067.76,Single,0,Urban,14930.37,588,41,Credit Card,No,No
7022,18,Male,Bachelor,Employed,61440.2,Single,0,Urban,30485.39,424,0,Debit Card,No,No
7023,31,Male,Master,Employed,78013.59,Single,0,Suburban,32286.96,528,8,Credit Card,Yes,No
7024,38,Male,Bachelor,Employed,57960.37,Married,2,Urban,26033.49,526,20,Credit Card,No,No
7025,51,Male,Bachelor,Self-Employed,78221.29,Married,3,Urban,39243.67,536,25,Debit Card,Yes,No
7026,42,Male,Bachelor,Self-Employed,61067.9,Single,0,Urban,23281.77,473,24,Credit Card,No,No
7027,41,Female,Diploma,Employed,49119.65,Married,4,Urban,22546.35,489,21,Debit Card,No,No
7028,24,Male,Bachelor,Employed,60634.88,Married,1,Urban,13116.91,490,1,Mobile Money,Yes,No
7029,24,Female,Master,Employed,65120.0,Single,0,Suburban,22891.75,446,0,Credit Card,Yes,No
7030,41,Female,Diploma,Employed,41861.49,Married,0,Suburban,11291.91,474,15,Debit Card,No,No
7031,21,Male,Master,Self-Employed,86411.44,Single,0,Rural,28523.73,476,0,Credit Card,No,No
7032,31,Female,Bachelor,Self-Employed,64863.74,Married,0,Urban,16525.77,457,5,Mobile Money,Yes,No
7033,44,Female,Diploma,Self-Employed,46776.52,Married,3,Urban,16302.82,460,25,Debit Card,No,No
7034,26,Male,Bachelor,Employed,42801.38,Married,1,Rural,20686.71,428,4,Debit Card,Yes,No
7035,57,Male,Diploma,Student,5000.0,Married,2,Suburban,2567.13,334,32,Mobile Money,No,No
7036,52,Female,Master,Employed,68093.02,Married,5,Suburban,33646.08,529,27,Credit Card,Yes,No
7037,19,Female,Diploma,Unemployed,7419.45,Single,0,Rural,5578.75,363,0,Credit Card,Yes,No
7038,26,Male,Master,Employed,63154.69,Single,0,Suburban,16367.86,491,1,Debit Card,Yes,No
7039,18,Male,Bachelor,Employed,63488.73,Single,0,Suburban,25913.62,500,0,Credit Card,No,Yes
7040,28,Male,Bachelor,Employed,54168.6,Married,1,Suburban,10754.53,411,6,Cash,Yes,Yes
7041,47,Male,PhD,Employed,107333.93,Single,0,Suburban,46274.36,598,28,Credit Card,Yes,No
7042,33,Female,High School,Employed,31781.98,Married,0,Suburban,11376.21,490,8,Cash,Yes,No
7043,43,Male,Bachelor,Student,19321.24,Married,1,Urban,9058.25,436,23,Credit Card,No,No
7044,19,Male,High School,Employed,28335.02,Single,0,Rural,8741.69,387,0,Cash,No,No
7045,47,Male,Master,Self-Employed,78706.6,Single,0,Rural,27330.13,557,21,Debit Card,Yes,No
7046,31,Male,Bachelor,Unemployed,18602.79,Married,0,Urban,7612.73,408,11,Credit Card,No,Yes
7047,38,Male,Master,Self-Employed,94364.13,Single,0,Suburban,31682.15,661,20,Debit Card,No,No
7048,36,Male,Master,Employed,69287.42,Married,0,Suburban,16938.19,475,18,Debit Card,Yes,No
7049,22,Male,High School,Student,9574.23,Single,0,Urban,2316.76,335,0,Credit Card,Yes,Yes
7050,24,Female,High School,Employed,32060.48,Single,0,Urban,9085.9,411,6,Credit Card,Yes,No
7051,49,Female,Bachelor,Employed,54215.99,Married,2,Suburban,11163.57,511,24,Mobile Money,No,No
7052,42,Male,Bachelor,Self-Employed,65625.4,Married,2,Urban,17560.21,559,22,Mobile Money,No,Yes
7053,50,Female,High School,Employed,22012.2,Married,2,Rural,10904.9,416,30,Credit Card,No,No
7054,41,Male,High School,Self-Employed,35911.29,Married,2,Rural,11170.47,408,14,Credit Card,No,No
7055,39,Female,Bachelor,Employed,60226.35,Married,2,Suburban,12966.71,450,13,Debit Card,No,No
7056,18,Male,High School,Employed,32365.7,Single,0,Rural,12338.03,352,0,Mobile Money,No,No
7057,34,Male,Master,Employed,71473.44,Married,1,Suburban,32994.09,470,12,Cash,No,No
7058,37,Female,Master,Student,19800.09,Married,0,Urban,7900.86,440,14,Credit Card,Yes,No
7059,61,Male,Bachelor,Unemployed,18059.48,Married,4,Urban,7078.04,462,34,Credit Card,Yes,No
7060,46,Male,High School,Employed,30111.33,Married,0,Rural,10520.67,478,21,Debit Card,Yes,No
7061,56,Female,High School,Employed,35881.28,Married,4,Suburban,10065.41,461,32,Cash,Yes,No
7062,45,Female,Bachelor,Employed,56092.8,Married,2,Urban,14704.77,525,26,Credit Card,No,No
7063,29,Female,PhD,Employed,88107.24,Married,0,Suburban,20083.2,500,7,Mobile Money,Yes,No
7064,39,Male,Diploma,Unemployed,15746.16,Single,0,Urban,10605.71,388,14,Mobile Money,No,No
7065,40,Female,Diploma,Student,7718.25,Single,0,Urban,2389.66,418,16,Credit Card,No,No
7066,26,Male,High School,Self-Employed,33747.89,Married,0,Urban,9233.58,329,5,Mobile Money,Yes,No
7067,33,Male,Bachelor,Employed,56243.38,Married,0,Urban,22218.42,503,15,Credit Card,No,No
7068,35,Female,Bachelor,Employed,56336.73,Married,0,Suburban,23995.69,471,10,Credit Card,Yes,No
7069,57,Female,High School,Employed,21171.0,Married,5,Suburban,8879.67,503,39,Debit Card,No,No
7070,18,Female,Diploma,Employed,42665.84,Single,0,Suburban,13195.97,397,0,Debit Card,Yes,No
7071,52,Female,Bachelor,Employed,69772.1,Single,0,Urban,31228.97,534,33,Credit Card,No,No
7072,26,Male,Diploma,Unemployed,5000.0,Single,0,Suburban,3608.0,371,5,Mobile Money,No,No
7073,21,Male,Bachelor,Employed,50979.39,Single,0,Rural,19268.43,420,2,Credit Card,No,No
7074,52,Male,Master,Employed,92240.21,Married,1,Urban,30942.73,603,34,Debit Card,Yes,No
7075,46,Female,Bachelor,Employed,48422.94,Married,2,Urban,16733.64,500,25,Cash,Yes,No
7076,53,Male,Bachelor,Student,21291.12,Married,4,Suburban,7879.82,493,30,Mobile Money,No,No
7077,47,Female,Master,Self-Employed,82170.35,Married,3,Suburban,21396.96,647,28,Credit Card,Yes,No
7078,62,Female,Master,Employed,70481.12,Married,1,Urban,34499.59,607,39,Credit Card,Yes,No
7079,44,Female,Diploma,Unemployed,10950.66,Married,0,Rural,5564.42,393,18,Credit Card,No,No
7080,36,Female,High School,Employed,33405.6,Married,0,Urban,16635.11,435,10,Cash,Yes,No
7081,42,Female,Master,Employed,57361.97,Single,0,Suburban,22693.77,486,23,Cash,No,No
7082,52,Female,High School,Employed,31490.08,Married,4,Suburban,6807.15,468,31,Mobile Money,No,No
7083,28,Female,Master,Employed,66773.11,Single,0,Urban,29019.4,483,6,Credit Card,Yes,No
7084,30,Male,High School,Employed,15095.41,Married,1,Urban,7676.63,399,9,Cash,Yes,No
7085,34,Male,Master,Self-Employed,92967.11,Single,0,Rural,28454.45,577,7,Debit Card,Yes,No
7086,18,Female,Bachelor,Employed,38139.98,Single,0,Urban,12352.5,471,0,Debit Card,Yes,No
7087,39,Female,Bachelor,Employed,72187.57,Married,1,Urban,37090.63,475,13,Debit Card,Yes,No
7088,18,Male,Diploma,Employed,44935.63,Single,0,Rural,21931.57,456,0,Mobile Money,Yes,Yes
7089,38,Male,PhD,Unemployed,16112.03,Married,2,Urban,4521.8,456,12,Debit Card,No,Yes
7090,48,Female,High School,Self-Employed,46704.75,Married,1,Urban,20677.46,479,28,Debit Card,No,No
7091,32,Female,Diploma,Employed,33996.96,Single,0,Urban,6101.83,386,12,Credit Card,Yes,No
7092,58,Male,High School,Employed,24361.41,Married,5,Urban,10690.14,441,31,Credit Card,Yes,No
7093,20,Female,Master,Employed,55592.24,Single,0,Urban,14615.53,450,0,Debit Card,No,No
7094,52,Female,Diploma,Employed,33088.3,Married,5,Suburban,12814.99,455,26,Cash,No,No
7095,46,Female,Bachelor,Employed,49030.65,Married,0,Urban,23426.97,457,22,Cash,No,No
7096,18,Male,Bachelor,Employed,61545.17,Single,0,Suburban,23598.57,489,0,Credit Card,No,No
7097,70,Male,Master,Unemployed,30337.55,Married,1,Rural,8534.53,542,47,Credit Card,No,No
7098,37,Male,Bachelor,Employed,45073.69,Married,2,Urban,14569.48,442,15,Credit Card,No,No
7099,27,Male,Bachelor,Unemployed,18664.32,Married,2,Suburban,14440.62,388,0,Mobile Money,Yes,No
7100,21,Male,Bachelor,Self-Employed,51277.96,Single,0,Suburban,20715.36,454,1,Credit Card,No,Yes
7101,35,Female,Bachelor,Employed,57194.76,Married,0,Urban,15110.47,510,8,Cash,No,No
7102,36,Male,High School,Self-Employed,53296.64,Married,0,Suburban,20542.41,511,10,Credit Card,No,No
7103,39,Female,High School,Employed,15761.5,Single,0,Urban,3974.77,409,16,Debit Card,Yes,No
7104,34,Female,High School,Self-Employed,27882.67,Single,0,Urban,6057.5,445,9,Mobile Money,Yes,No
7105,45,Male,Diploma,Employed,45818.2,Married,5,Suburban,17935.18,446,26,Credit Card,Yes,No
7106,33,Female,Diploma,Employed,46761.56,Married,1,Rural,29459.37,468,8,Credit Card,Yes,No
7107,18,Female,Bachelor,Employed,47471.07,Married,1,Suburban,21525.91,454,0,Mobile Money,Yes,No
7108,36,Female,PhD,Employed,101788.65,Married,4,Urban,29008.3,534,15,Debit Card,Yes,No
7109,18,Male,Diploma,Employed,33475.37,Single,0,Suburban,7216.06,348,0,Cash,Yes,No
7110,42,Female,Bachelor,Employed,68387.74,Married,3,Suburban,21738.02,580,17,Debit Card,Yes,No
7111,26,Male,Bachelor,Employed,58749.21,Married,1,Urban,13068.57,438,7,Debit Card,Yes,Yes
7112,39,Female,High School,Unemployed,19169.72,Married,2,Suburban,1760.16,440,13,Cash,Yes,No
7113,53,Male,Bachelor,Employed,57966.63,Married,2,Suburban,11513.42,494,35,Credit Card,No,No
7114,26,Female,PhD,Employed,95255.71,Married,0,Urban,43181.99,560,5,Credit Card,No,No
7115,50,Male,High School,Employed,35681.06,Married,3,Suburban,13399.76,440,29,Credit Card,No,No
7116,32,Male,Bachelor,Employed,64158.29,Married,1,Suburban,13175.59,491,7,Credit Card,No,No
7117,59,Female,High School,Self-Employed,35737.38,Single,0,Suburban,8054.7,529,34,Credit Card,No,No
7118,33,Female,Diploma,Employed,32800.77,Married,2,Suburban,18871.12,433,7,Credit Card,No,No
7119,27,Male,Bachelor,Self-Employed,65368.49,Married,0,Suburban,28933.06,423,0,Debit Card,No,No
7120,46,Male,Master,Employed,64660.1,Single,0,Suburban,17080.21,515,26,Debit Card,Yes,No
7121,32,Female,Bachelor,Employed,50183.42,Single,0,Suburban,15868.23,453,11,Cash,No,No
7122,27,Female,Diploma,Self-Employed,61238.22,Married,1,Urban,27366.83,448,6,Mobile Money,Yes,No
7123,32,Male,Master,Employed,74981.82,Single,0,Rural,16547.29,504,8,Credit Card,No,No
7124,37,Female,Diploma,Employed,44613.9,Single,0,Urban,11772.27,494,16,Cash,No,No
7125,54,Female,Bachelor,Employed,63581.15,Married,5,Urban,23956.18,617,28,Credit Card,No,No
7126,18,Male,Diploma,Employed,44940.08,Single,0,Rural,9046.02,450,0,Debit Card,No,No
7127,38,Female,Master,Employed,84936.62,Married,5,Urban,34438.57,514,14,Mobile Money,Yes,No
7128,45,Female,Bachelor,Employed,38242.85,Married,4,Rural,10872.03,428,27,Debit Card,No,No
7129,40,Female,Master,Employed,62019.26,Married,3,Urban,9569.39,466,17,Debit Card,Yes,No
7130,53,Male,High School,Self-Employed,30394.63,Single,0,Urban,11197.39,468,34,Mobile Money,No,No
7131,37,Female,Bachelor,Unemployed,5494.27,Single,0,Suburban,3466.82,386,16,Debit Card,Yes,No
7132,35,Male,Bachelor,Self-Employed,66903.38,Married,2,Urban,31302.85,507,12,Credit Card,Yes,No
7133,45,Female,Bachelor,Self-Employed,67279.46,Single,0,Suburban,30118.47,521,21,Debit Card,Yes,No
7134,39,Male,Bachelor,Self-Employed,81802.69,Married,3,Suburban,31969.3,512,13,Cash,No,No
7135,33,Male,High School,Student,13230.31,Married,0,Suburban,9234.26,372,9,Cash,Yes,No
7136,44,Female,Diploma,Employed,35939.79,Married,1,Suburban,4394.68,453,22,Debit Card,No,No
7137,30,Male,Diploma,Employed,43954.88,Married,0,Rural,17563.38,487,12,Credit Card,Yes,No
7138,30,Female,Master,Employed,55384.16,Married,1,Suburban,24165.91,448,3,Debit Card,No,No
7139,31,Female,Master,Employed,71138.04,Married,1,Urban,27096.03,495,11,Cash,Yes,No
7140,54,Male,High School,Employed,30710.3,Married,4,Suburban,8159.95,522,30,Cash,Yes,Yes
7141,18,Female,Master,Employed,62783.22,Single,0,Urban,36299.76,476,0,Credit Card,Yes,No
7142,42,Female,High School,Employed,28390.42,Married,1,Suburban,11348.35,427,18,Debit Card,No,No
7143,38,Male,Diploma,Student,5000.0,Married,0,Suburban,1000.0,346,15,Cash,Yes,Yes
7144,18,Female,High School,Student,5000.0,Single,0,Suburban,5538.34,384,0,Credit Card,No,No
7145,41,Female,Master,Self-Employed,89395.99,Married,3,Suburban,41487.58,566,15,Mobile Money,No,No
7146,43,Male,Bachelor,Employed,63271.29,Single,0,Urban,15161.71,519,17,Credit Card,No,No
7147,45,Female,Diploma,Unemployed,16079.96,Married,0,Suburban,2892.91,446,22,Cash,Yes,No
7148,18,Male,Bachelor,Unemployed,12995.16,Single,0,Rural,5066.35,363,0,Credit Card,Yes,No
7149,54,Female,High School,Student,5000.0,Married,5,Urban,2116.2,401,29,Cash,No,Yes
7150,29,Female,Diploma,Self-Employed,44744.0,Married,0,Urban,12508.33,459,9,Cash,Yes,Yes
7151,46,Male,Diploma,Employed,38239.94,Married,2,Rural,11791.82,429,22,Credit Card,Yes,No
7152,46,Female,High School,Employed,23023.28,Married,1,Urban,14762.39,405,27,Credit Card,No,No
7153,27,Female,Master,Student,22430.59,Single,0,Urban,11011.75,409,5,Debit Card,Yes,No
7154,45,Male,Bachelor,Employed,53381.81,Single,0,Suburban,9975.54,552,21,Debit Card,No,Yes
7155,33,Female,Diploma,Employed,46119.05,Single,0,Urban,10229.18,485,10,Mobile Money,Yes,No
7156,18,Female,High School,Employed,18800.63,Single,0,Suburban,6115.84,349,0,Mobile Money,No,No
7157,52,Male,High School,Employed,24493.28,Married,2,Urban,14582.47,487,33,Credit Card,Yes,No
7158,28,Female,Diploma,Student,14875.15,Married,1,Urban,5845.34,403,3,Debit Card,No,Yes
7159,27,Male,Bachelor,Employed,61988.37,Single,0,Rural,29111.89,497,0,Mobile Money,No,No
7160,33,Male,Diploma,Employed,30379.76,Single,0,Urban,6723.88,469,13,Debit Card,No,No
7161,41,Female,Bachelor,Student,13424.55,Married,1,Urban,4489.3,396,22,Mobile Money,No,No
7162,37,Female,Diploma,Employed,42634.51,Single,0,Suburban,13280.78,445,19,Mobile Money,No,No
7163,44,Female,Diploma,Unemployed,6334.29,Married,2,Suburban,3640.64,414,22,Credit Card,Yes,No
7164,21,Male,Master,Employed,72855.98,Single,0,Urban,37043.32,498,3,Mobile Money,Yes,No
7165,29,Female,Diploma,Self-Employed,35356.39,Married,1,Rural,11984.34,438,8,Debit Card,No,No
7166,36,Female,Diploma,Employed,32584.87,Married,1,Urban,10374.92,437,11,Credit Card,Yes,No
7167,60,Male,Diploma,Employed,44791.66,Single,0,Urban,14260.26,540,34,Credit Card,Yes,No
7168,36,Male,High School,Employed,30236.0,Married,2,Urban,10399.53,404,13,Credit Card,Yes,No
7169,51,Female,High School,Student,6651.36,Married,4,Urban,1000.0,450,31,Mobile Money,No,Yes
7170,38,Male,Diploma,Employed,38599.34,Married,1,Urban,14679.08,477,17,Credit Card,Yes,No
7171,32,Male,Master,Employed,74295.22,Married,0,Rural,30383.39,467,6,Credit Card,No,No
7172,35,Female,Bachelor,Unemployed,21180.78,Single,0,Suburban,8393.59,397,9,Debit Card,Yes,No
7173,35,Female,Bachelor,Employed,61331.98,Married,1,Urban,30902.72,454,16,Credit Card,Yes,No
7174,45,Female,Diploma,Self-Employed,49005.35,Single,0,Urban,21704.07,476,27,Credit Card,No,No
7175,54,Female,Bachelor,Self-Employed,62892.71,Married,1,Suburban,20561.02,543,30,Credit Card,No,No
7176,42,Female,Diploma,Employed,35543.87,Married,0,Urban,11085.63,433,20,Credit Card,No,No
7177,52,Female,High School,Employed,21545.23,Married,3,Urban,16451.49,449,26,Debit Card,No,No
7178,26,Male,Diploma,Student,5000.0,Married,2,Urban,1000.0,328,3,Cash,No,Yes
7179,33,Male,Diploma,Employed,35148.93,Married,0,Suburban,17892.57,480,8,Credit Card,No,Yes
7180,29,Male,High School,Employed,42812.63,Married,1,Urban,13489.0,463,5,Credit Card,Yes,No
7181,41,Male,High School,Self-Employed,27624.5,Married,0,Suburban,8349.16,417,23,Debit Card,No,No
7182,33,Male,Diploma,Employed,48298.9,Married,0,Rural,20133.57,480,9,Mobile Money,No,No
7183,46,Male,Diploma,Self-Employed,45858.1,Married,2,Suburban,20615.13,498,26,Mobile Money,No,No
7184,26,Male,Diploma,Employed,38348.22,Married,1,Suburban,9702.79,369,1,Credit Card,No,No
7185,38,Male,High School,Unemployed,12209.5,Married,1,Urban,4093.85,396,11,Credit Card,Yes,No
7186,46,Female,High School,Employed,18651.7,Married,3,Rural,12436.39,441,23,Cash,Yes,No
7187,18,Male,Diploma,Employed,33600.2,Married,1,Rural,6066.19,397,0,Credit Card,Yes,No
7188,63,Female,High School,Unemployed,5000.0,Married,3,Urban,8707.88,486,41,Credit Card,No,No
7189,34,Male,Diploma,Employed,36957.93,Married,1,Rural,16037.75,468,15,Credit Card,Yes,No
7190,18,Female,High School,Employed,22726.44,Single,0,Rural,8766.59,362,0,Credit Card,Yes,Yes
7191,39,Female,Bachelor,Self-Employed,76537.15,Married,2,Rural,41622.15,475,21,Debit Card,No,No
7192,38,Female,Diploma,Self-Employed,43333.25,Married,1,Urban,12610.06,477,16,Mobile Money,Yes,No
7193,37,Female,Diploma,Employed,20972.03,Single,0,Rural,2863.33,353,16,Debit Card,No,No
7194,49,Female,High School,Employed,27324.54,Single,0,Urban,7443.7,458,27,Credit Card,Yes,Yes
7195,46,Male,High School,Self-Employed,42459.64,Married,3,Urban,16050.92,472,21,Debit Card,No,No
7196,41,Female,High School,Employed,43042.15,Married,2,Urban,7373.23,428,22,Credit Card,Yes,No
7197,43,Female,PhD,Student,16164.05,Married,1,Urban,9371.51,365,19,Cash,Yes,No
7198,36,Female,Master,Employed,65864.8,Married,5,Urban,10670.63,482,9,Mobile Money,Yes,No
7199,59,Male,High School,Unemployed,8884.38,Married,2,Urban,1000.0,407,34,Cash,Yes,No
7200,20,Female,Bachelor,Employed,58320.45,Married,0,Suburban,26278.95,465,0,Credit Card,Yes,No
7201,39,Female,Diploma,Employed,30968.93,Married,3,Urban,14697.33,396,15,Mobile Money,Yes,No
7202,38,Female,High School,Employed,28044.4,Married,0,Rural,12754.78,481,20,Debit Card,Yes,No
7203,47,Female,Bachelor,Employed,54603.72,Married,2,Urban,22614.49,442,20,Credit Card,Yes,No
7204,27,Male,High School,Employed,30366.43,Single,0,Urban,13710.23,435,6,Cash,No,No
7205,18,Male,Diploma,Employed,38843.66,Single,0,Urban,19003.86,428,0,Mobile Money,Yes,No
7206,39,Male,Bachelor,Unemployed,9013.74,Married,3,Urban,4409.45,424,18,Cash,Yes,No
7207,41,Male,Bachelor,Employed,57709.94,Married,1,Suburban,24695.17,413,23,Mobile Money,No,No
7208,55,Male,PhD,Student,17643.42,Single,0,Urban,1000.0,426,31,Cash,Yes,No
7209,22,Male,Bachelor,Employed,54623.96,Single,0,Urban,16283.7,429,0,Debit Card,Yes,No
7210,51,Male,Bachelor,Self-Employed,57339.77,Married,5,Urban,12540.29,516,28,Credit Card,Yes,No
7211,66,Female,Diploma,Unemployed,17121.5,Married,4,Urban,6635.56,480,40,Credit Card,Yes,No
7212,33,Male,High School,Student,5000.0,Single,0,Urban,3733.92,369,10,Mobile Money,Yes,No
7213,22,Female,Bachelor,Employed,67931.5,Single,0,Urban,29881.69,466,3,Debit Card,No,Yes
7214,33,Female,PhD,Self-Employed,98565.96,Married,0,Suburban,42990.79,574,12,Mobile Money,Yes,No
7215,38,Female,Diploma,Employed,46097.73,Married,0,Suburban,7079.35,498,12,Credit Card,No,No
7216,44,Male,PhD,Employed,74734.53,Single,0,Urban,19704.34,511,17,Credit Card,No,No
7217,30,Female,High School,Self-Employed,17933.55,Single,0,Rural,13384.29,356,11,Debit Card,No,No
7218,56,Female,Diploma,Employed,35561.86,Married,4,Urban,10300.82,544,33,Cash,No,No
7219,24,Female,High School,Employed,11922.4,Single,0,Suburban,8963.17,415,4,Cash,No,No
7220,18,Female,Diploma,Employed,45837.79,Single,0,Suburban,11553.69,425,0,Mobile Money,Yes,No
7221,51,Female,Bachelor,Employed,54825.57,Single,0,Urban,18484.12,550,26,Cash,No,No
7222,18,Female,Diploma,Employed,51208.25,Married,0,Urban,10276.38,501,0,Debit Card,Yes,No
7223,35,Male,Master,Unemployed,19662.45,Married,2,Urban,4351.34,363,9,Debit Card,Yes,Yes
7224,70,Male,Bachelor,Employed,56945.2,Married,5,Urban,12275.25,522,47,Debit Card,Yes,No
7225,37,Female,Diploma,Self-Employed,45854.44,Single,0,Urban,11443.81,477,11,Debit Card,Yes,Yes
7226,24,Male,Bachelor,Self-Employed,59008.56,Married,0,Suburban,26588.86,472,4,Credit Card,Yes,No
7227,37,Male,High School,Employed,26745.81,Married,0,Suburban,10102.84,426,18,Debit Card,No,No
7228,37,Female,Bachelor,Self-Employed,56368.38,Married,1,Rural,21822.19,473,19,Cash,Yes,No
7229,39,Male,High School,Self-Employed,39099.35,Single,0,Urban,4230.4,405,13,Debit Card,No,No
7230,45,Female,Diploma,Employed,37537.22,Married,2,Suburban,12317.89,480,21,Credit Card,No,No
7231,25,Female,Bachelor,Employed,54198.02,Married,0,Rural,21977.17,429,6,Debit Card,Yes,No
7232,58,Male,Master,Student,36589.84,Married,3,Suburban,10076.47,510,39,Mobile Money,No,No
7233,40,Male,Bachelor,Student,7775.6,Married,1,Suburban,2856.86,389,21,Credit Card,No,No
7234,46,Male,Bachelor,Self-Employed,68510.07,Married,3,Rural,19053.67,527,28,Credit Card,Yes,No
7235,30,Male,Bachelor,Employed,54566.92,Single,0,Rural,22901.01,481,9,Credit Card,Yes,No
7236,53,Male,Diploma,Employed,49260.75,Married,3,Suburban,13087.83,491,31,Debit Card,Yes,No
7237,34,Male,Master,Employed,71907.67,Married,0,Suburban,19694.96,484,7,Credit Card,Yes,No
7238,41,Male,Diploma,Self-Employed,45828.62,Married,3,Urban,14928.63,475,18,Credit Card,Yes,No
7239,26,Male,High School,Self-Employed,54340.13,Married,1,Urban,22792.04,499,7,Debit Card,Yes,No
7240,26,Female,Diploma,Employed,33122.52,Single,0,Suburban,5469.77,399,3,Credit Card,Yes,No
7241,46,Female,High School,Self-Employed,34449.29,Married,0,Urban,16499.0,430,26,Cash,No,No
7242,32,Female,High School,Employed,37331.86,Single,0,Urban,17900.49,433,14,Credit Card,Yes,No
7243,27,Female,Diploma,Self-Employed,41454.93,Married,0,Urban,15442.76,408,2,Credit Card,No,No
7244,30,Male,High School,Employed,36124.9,Married,0,Rural,17627.77,434,3,Debit Card,No,No
7245,46,Female,Bachelor,Self-Employed,62164.23,Single,0,Rural,27649.95,509,24,Debit Card,Yes,No
7246,30,Male,Bachelor,Employed,63025.89,Married,1,Urban,23731.77,436,8,Debit Card,No,No
7247,36,Male,Bachelor,Employed,62816.09,Married,1,Urban,25023.61,520,12,Debit Card,Yes,No
7248,38,Female,Diploma,Employed,39279.33,Married,2,Suburban,17177.98,422,20,Credit Card,No,No
7249,18,Male,Bachelor,Student,5000.0,Single,0,Urban,1000.0,307,0,Debit Card,No,Yes
7250,20,Male,High School,Self-Employed,32868.19,Single,0,Urban,15106.88,435,0,Debit Card,Yes,No
7251,42,Female,Bachelor,Employed,54881.47,Married,0,Rural,19194.08,441,18,Mobile Money,Yes,No
7252,29,Female,Diploma,Self-Employed,55106.17,Married,0,Urban,15265.8,428,6,Credit Card,No,No
7253,50,Male,Bachelor,Self-Employed,68564.64,Single,0,Urban,22650.51,528,32,Debit Card,No,No
7254,49,Male,Diploma,Self-Employed,52303.26,Married,3,Suburban,15952.28,499,29,Credit Card,No,No
7255,46,Female,Bachelor,Employed,57794.63,Married,0,Urban,15250.27,556,20,Cash,No,No
7256,59,Female,Master,Employed,76769.75,Single,0,Urban,33169.83,558,40,Debit Card,Yes,No
7257,37,Male,Bachelor,Employed,53396.71,Single,0,Suburban,20747.3,463,13,Debit Card,No,Yes
7258,45,Female,High School,Employed,31319.12,Single,0,Urban,15188.96,489,22,Credit Card,No,Yes
7259,30,Female,Diploma,Self-Employed,48227.0,Married,0,Urban,20646.43,410,7,Debit Card,Yes,Yes
7260,67,Male,Master,Employed,66496.35,Married,5,Urban,28828.42,532,47,Credit Card,Yes,No
7261,61,Female,Diploma,Employed,48093.66,Married,5,Urban,18452.89,539,38,Credit Card,Yes,No
7262,38,Female,Master,Employed,77925.14,Single,0,Suburban,31526.55,503,16,Mobile Money,Yes,No
7263,42,Male,Diploma,Employed,49646.31,Married,2,Rural,15809.94,476,18,Credit Card,Yes,No
7264,54,Female,PhD,Student,11890.4,Married,3,Suburban,4107.73,458,36,Credit Card,No,No
7265,36,Male,Master,Student,16806.47,Married,1,Rural,6462.06,402,18,Debit Card,No,No
7266,30,Female,Bachelor,Employed,63738.94,Married,0,Urban,25966.91,541,4,Debit Card,Yes,No
7267,48,Female,High School,Unemployed,21023.17,Married,3,Urban,4946.36,439,27,Credit Card,No,No
7268,38,Male,Diploma,Employed,27930.95,Married,0,Urban,15458.51,399,20,Credit Card,Yes,No
7269,40,Female,Master,Self-Employed,83976.91,Married,3,Rural,23618.52,574,14,Credit Card,No,No
7270,27,Female,Master,Employed,68486.27,Single,0,Urban,26609.45,454,7,Debit Card,No,No
7271,18,Male,High School,Employed,42726.72,Single,0,Suburban,19491.32,479,0,Cash,No,No
7272,40,Male,Diploma,Unemployed,5000.0,Married,1,Suburban,1432.57,373,16,Credit Card,No,No
7273,48,Male,Master,Unemployed,12621.47,Married,1,Urban,9388.52,469,25,Debit Card,No,No
7274,35,Female,Bachelor,Employed,66464.26,Married,0,Rural,25900.84,499,14,Mobile Money,Yes,No
7275,55,Female,Master,Unemployed,17242.24,Married,2,Urban,8538.14,414,31,Credit Card,No,No
7276,29,Female,Master,Self-Employed,73588.32,Married,0,Urban,36406.91,529,2,Debit Card,Yes,No
7277,25,Male,Master,Employed,82096.3,Married,0,Rural,22978.89,572,2,Credit Card,Yes,No
7278,37,Female,High School,Employed,18545.48,Married,3,Suburban,7270.36,441,19,Credit Card,Yes,No
7279,37,Male,High School,Employed,38176.29,Single,0,Suburban,11139.1,425,12,Credit Card,No,No
7280,47,Male,High School,Self-Employed,23517.95,Single,0,Rural,5820.57,459,29,Cash,Yes,No
7281,28,Male,Master,Student,5000.0,Single,0,Suburban,3457.88,300,1,Credit Card,No,No
7282,54,Male,Diploma,Employed,41601.13,Married,2,Urban,14294.48,530,28,Credit Card,Yes,No
7283,61,Female,High School,Self-Employed,29213.53,Single,0,Rural,6896.1,488,40,Debit Card,Yes,No
7284,37,Female,Diploma,Self-Employed,50178.68,Married,1,Suburban,14561.52,423,13,Debit Card,No,No
7285,52,Female,Diploma,Employed,54416.36,Married,1,Urban,22074.8,517,27,Credit Card,No,No
7286,25,Female,Master,Employed,68759.89,Married,2,Rural,29533.26,494,1,Cash,Yes,Yes
7287,50,Male,Bachelor,Employed,68022.3,Married,2,Urban,29110.98,586,26,Credit Card,Yes,No
7288,50,Female,Bachelor,Employed,57594.33,Married,1,Suburban,18874.25,527,27,Credit Card,No,No
7289,48,Female,High School,Unemployed,16646.98,Married,1,Urban,12970.49,449,23,Credit Card,No,No
7290,37,Female,Master,Employed,51174.14,Married,1,Urban,6628.51,503,10,Mobile Money,Yes,No
7291,18,Male,High School,Employed,35090.44,Single,0,Urban,14984.58,417,0,Cash,Yes,No
7292,30,Female,Bachelor,Self-Employed,69862.11,Married,1,Urban,31310.14,514,4,Debit Card,Yes,Yes
7293,30,Female,High School,Employed,27119.45,Married,0,Suburban,10635.81,416,12,Cash,Yes,No
7294,26,Male,High School,Employed,45164.25,Married,0,Suburban,14016.4,481,0,Debit Card,No,Yes
7295,39,Female,High School,Employed,26054.33,Married,0,Suburban,7792.24,362,17,Mobile Money,No,No
7296,32,Female,Bachelor,Employed,42129.01,Married,0,Urban,13807.22,449,6,Cash,Yes,No
7297,28,Male,Bachelor,Self-Employed,72255.66,Married,0,Rural,15389.17,558,6,Mobile Money,No,No
7298,25,Male,High School,Employed,18610.59,Married,1,Rural,3271.81,385,1,Debit Card,No,No
7299,29,Female,Diploma,Unemployed,12612.69,Married,0,Urban,5505.78,351,5,Credit Card,Yes,No
7300,51,Male,Master,Employed,80718.91,Married,2,Urban,28093.55,542,30,Debit Card,Yes,No
7301,30,Female,High School,Employed,33987.83,Married,2,Urban,13451.35,464,3,Mobile Money,Yes,Yes
7302,31,Female,High School,Employed,28020.89,Single,0,Rural,8884.16,440,11,Credit Card,No,No
7303,32,Male,Diploma,Unemployed,9190.99,Married,1,Rural,1151.51,424,6,Cash,No,Yes
7304,42,Female,Master,Employed,80122.74,Married,0,Urban,30604.52,601,20,Mobile Money,Yes,No
7305,43,Female,Diploma,Employed,30240.68,Married,3,Rural,13452.32,458,21,Debit Card,Yes,No
7306,18,Female,PhD,Self-Employed,114200.44,Single,0,Urban,54361.92,576,0,Credit Card,Yes,Yes
7307,50,Female,Diploma,Employed,57548.87,Single,0,Suburban,13674.24,467,32,Debit Card,Yes,No
7308,55,Female,Diploma,Employed,44347.49,Married,2,Urban,16407.94,496,30,Mobile Money,Yes,No
7309,25,Male,High School,Employed,28095.85,Single,0,Urban,7524.34,381,1,Cash,Yes,Yes
7310,26,Male,Bachelor,Unemployed,15219.48,Married,2,Suburban,11816.19,327,7,Debit Card,No,No
7311,32,Male,High School,Student,5000.0,Married,0,Suburban,1000.0,384,10,Credit Card,Yes,No
7312,28,Male,Bachelor,Employed,49791.64,Married,3,Urban,16765.98,422,9,Cash,Yes,No
7313,40,Female,High School,Employed,30942.21,Single,0,Rural,7278.2,455,20,Credit Card,No,No
7314,18,Male,Diploma,Employed,45435.88,Single,0,Urban,16614.91,400,0,Mobile Money,Yes,No
7315,24,Female,Master,Self-Employed,96886.19,Single,0,Urban,31603.03,578,0,Credit Card,No,No
7316,56,Male,Bachelor,Employed,39347.68,Married,3,Rural,15248.28,497,33,Debit Card,Yes,No
7317,26,Male,High School,Employed,10487.63,Married,1,Rural,4013.12,397,5,Credit Card,No,No
7318,52,Female,Bachelor,Self-Employed,79040.64,Single,0,Suburban,26786.1,555,29,Credit Card,No,No
7319,42,Male,Bachelor,Employed,55457.09,Single,0,Urban,7645.01,509,21,Credit Card,No,Yes
7320,18,Female,High School,Employed,30876.07,Single,0,Suburban,14277.19,395,0,Mobile Money,No,No
7321,45,Male,Diploma,Student,12010.37,Married,4,Suburban,3391.78,416,26,Credit Card,Yes,No
7322,36,Female,Diploma,Student,6505.12,Single,0,Suburban,3372.89,400,14,Credit Card,Yes,No
7323,32,Female,Diploma,Employed,55801.25,Single,0,Suburban,13616.89,440,12,Mobile Money,Yes,No
7324,40,Female,Bachelor,Employed,58934.63,Married,3,Suburban,14344.12,519,19,Credit Card,No,No
7325,43,Male,High School,Employed,26419.2,Married,2,Urban,10414.46,410,17,Debit Card,Yes,No
7326,46,Female,High School,Employed,27134.54,Single,0,Urban,7629.72,397,25,Cash,Yes,No
7327,52,Female,Diploma,Student,6851.75,Single,0,Suburban,1000.0,467,26,Cash,Yes,No
7328,42,Female,PhD,Self-Employed,101783.15,Married,0,Urban,28265.22,566,18,Debit Card,Yes,No
7329,21,Male,Bachelor,Self-Employed,79515.9,Single,0,Urban,28217.3,579,3,Debit Card,Yes,No
7330,32,Male,High School,Employed,30991.67,Married,1,Suburban,6354.66,446,8,Debit Card,Yes,No
7331,70,Male,Diploma,Employed,30636.0,Single,0,Suburban,13248.06,543,45,Credit Card,Yes,No
7332,46,Male,Diploma,Employed,43241.62,Married,2,Urban,15383.3,459,19,Credit Card,No,No
7333,66,Female,Bachelor,Employed,66512.34,Married,4,Suburban,11525.32,524,43,Credit Card,No,No
7334,54,Male,Diploma,Employed,48486.53,Married,2,Suburban,22554.45,469,30,Credit Card,No,No
7335,40,Male,PhD,Employed,83921.52,Married,0,Rural,35461.17,581,22,Credit Card,No,No
7336,41,Female,High School,Employed,21127.43,Married,3,Suburban,9012.25,413,14,Debit Card,No,No
7337,37,Male,Bachelor,Employed,66418.58,Married,4,Urban,23395.77,499,13,Cash,Yes,No
7338,18,Female,Bachelor,Employed,42005.52,Single,0,Suburban,19507.28,375,0,Credit Card,Yes,No
7339,38,Female,Master,Employed,72967.34,Married,2,Urban,23165.69,502,12,Mobile Money,Yes,Yes
7340,52,Male,Diploma,Employed,35451.8,Married,5,Suburban,10397.7,468,27,Credit Card,Yes,No
7341,30,Female,Bachelor,Employed,65509.14,Married,0,Rural,22950.34,490,12,Credit Card,No,No
7342,42,Male,Diploma,Employed,31562.13,Married,1,Suburban,4545.25,457,18,Credit Card,No,No
7343,48,Male,Diploma,Student,5000.0,Married,5,Urban,2030.33,390,23,Cash,No,No
7344,27,Male,Master,Employed,74936.23,Single,0,Urban,26826.51,481,4,Cash,No,Yes
7345,32,Male,Master,Self-Employed,90364.13,Married,1,Rural,39424.33,591,13,Credit Card,Yes,No
7346,25,Male,Bachelor,Student,21876.77,Married,1,Rural,5300.84,363,4,Debit Card,Yes,No
7347,28,Male,Diploma,Employed,43783.42,Single,0,Rural,8578.5,415,5,Mobile Money,Yes,No
7348,22,Female,Master,Employed,72795.88,Single,0,Suburban,28566.64,510,2,Credit Card,No,No
7349,27,Female,High School,Employed,38392.93,Married,0,Urban,10274.65,368,2,Credit Card,Yes,No
7350,55,Female,High School,Employed,19035.13,Married,1,Urban,11040.06,426,32,Credit Card,No,No
7351,27,Female,Bachelor,Employed,47962.79,Married,0,Rural,15159.3,474,9,Debit Card,No,No
7352,39,Male,Diploma,Unemployed,5000.0,Married,0,Urban,1000.0,451,20,Credit Card,Yes,No
7353,31,Male,PhD,Employed,68514.49,Single,0,Urban,30441.62,457,9,Credit Card,No,No
7354,52,Male,Diploma,Student,14737.26,Single,0,Suburban,1000.0,426,26,Debit Card,No,No
7355,53,Male,Diploma,Self-Employed,59437.48,Married,2,Urban,17160.44,515,35,Mobile Money,Yes,No
7356,48,Female,Bachelor,Employed,59447.96,Married,3,Suburban,14995.83,497,28,Cash,Yes,No
7357,41,Female,Bachelor,Employed,58040.59,Married,1,Suburban,19381.62,502,22,Mobile Money,Yes,No
7358,35,Male,Diploma,Employed,40679.7,Single,0,Suburban,6105.52,431,10,Credit Card,Yes,No
7359,23,Male,High School,Employed,30441.15,Single,0,Urban,8519.87,393,3,Cash,No,No
7360,61,Male,Bachelor,Employed,68561.79,Married,1,Urban,29542.96,583,40,Credit Card,Yes,No
7361,28,Male,Diploma,Unemployed,24393.48,Married,1,Urban,8197.84,377,9,Credit Card,No,No
7362,45,Male,High School,Employed,25319.76,Married,1,Urban,12157.14,450,22,Credit Card,No,No
7363,50,Female,Bachelor,Employed,63870.42,Married,3,Rural,24931.91,550,26,Credit Card,No,No
7364,31,Male,High School,Unemployed,18835.42,Married,0,Urban,6234.92,366,5,Credit Card,Yes,Yes
7365,50,Female,PhD,Employed,95203.15,Married,1,Suburban,27947.38,631,32,Credit Card,No,No
7366,47,Male,Bachelor,Employed,58100.65,Married,4,Suburban,17223.74,538,28,Debit Card,Yes,No
7367,58,Male,PhD,Employed,92826.18,Married,5,Urban,19451.95,559,39,Credit Card,Yes,No
7368,32,Female,Diploma,Employed,28143.89,Married,0,Urban,11228.47,477,10,Debit Card,Yes,No
7369,22,Female,PhD,Unemployed,14434.53,Single,0,Rural,8013.27,432,2,Credit Card,No,Yes
7370,31,Male,High School,Student,12266.33,Single,0,Rural,5455.13,374,8,Credit Card,Yes,No
7371,40,Female,High School,Employed,21196.97,Married,1,Rural,3763.94,414,13,Credit Card,No,No
7372,38,Male,High School,Employed,18885.72,Married,4,Urban,2966.11,401,14,Cash,Yes,No
7373,33,Male,Diploma,Employed,23396.24,Single,0,Urban,14977.81,414,12,Credit Card,Yes,No
7374,18,Female,High School,Self-Employed,32194.34,Married,0,Rural,17196.28,366,0,Cash,Yes,No
7375,43,Female,Bachelor,Self-Employed,68994.69,Married,1,Urban,24986.49,514,22,Debit Card,No,No
7376,61,Male,Diploma,Employed,43639.37,Married,2,Suburban,9781.5,514,35,Credit Card,Yes,No
7377,43,Male,Diploma,Employed,46804.76,Married,0,Urban,15167.87,425,19,Debit Card,Yes,No
7378,45,Female,Bachelor,Student,7868.01,Single,0,Suburban,1000.0,437,21,Debit Card,Yes,No
7379,44,Male,High School,Employed,30858.23,Single,0,Rural,17373.39,397,26,Credit Card,No,No
7380,42,Male,Bachelor,Self-Employed,72766.54,Married,3,Urban,20007.15,527,21,Credit Card,Yes,No
7381,49,Female,Bachelor,Unemployed,20211.82,Married,4,Urban,3695.4,434,26,Credit Card,No,No
7382,42,Female,Master,Employed,65321.05,Married,1,Suburban,34260.71,547,15,Mobile Money,Yes,No
7383,34,Male,Diploma,Self-Employed,50397.16,Single,0,Urban,16803.57,481,9,Cash,Yes,No
7384,28,Female,PhD,Employed,74126.15,Married,0,Urban,23261.51,489,2,Mobile Money,Yes,No
7385,35,Female,Bachelor,Student,11000.98,Married,2,Rural,8157.77,389,15,Debit Card,No,No
7386,41,Male,PhD,Employed,85052.78,Married,1,Rural,37538.14,601,20,Credit Card,Yes,No
7387,34,Female,High School,Employed,42148.61,Single,0,Suburban,12477.55,473,16,Credit Card,No,No
7388,41,Female,Bachelor,Employed,47182.21,Married,0,Suburban,17045.35,522,16,Credit Card,No,No
7389,43,Male,Master,Self-Employed,84933.43,Married,3,Rural,32300.41,576,25,Mobile Money,No,No
7390,47,Male,High School,Employed,26569.34,Single,0,Urban,1000.0,481,25,Credit Card,No,No
7391,53,Female,Bachelor,Employed,50534.2,Single,0,Urban,15181.25,561,27,Debit Card,No,No
7392,38,Female,Master,Employed,73018.66,Single,0,Suburban,19018.43,569,16,Debit Card,Yes,No
7393,22,Male,Bachelor,Employed,51654.37,Single,0,Urban,22323.03,445,0,Mobile Money,Yes,No
7394,33,Female,High School,Self-Employed,50815.92,Married,1,Urban,10710.72,456,9,Mobile Money,Yes,No
7395,38,Female,Bachelor,Employed,39203.26,Married,1,Urban,11894.26,406,16,Debit Card,Yes,No
7396,18,Female,High School,Self-Employed,41049.37,Single,0,Suburban,15199.52,419,0,Mobile Money,No,No
7397,54,Female,Master,Unemployed,20321.64,Married,5,Urban,11337.7,408,27,Debit Card,No,No
7398,39,Male,High School,Student,5597.47,Married,1,Urban,1023.62,346,13,Credit Card,Yes,No
7399,42,Male,High School,Self-Employed,38416.98,Married,4,Suburban,4729.44,474,22,Cash,No,No
7400,54,Female,Diploma,Employed,47982.02,Married,4,Urban,14503.49,500,30,Cash,No,No
7401,30,Male,Bachelor,Employed,57120.58,Married,0,Urban,24110.68,423,5,Credit Card,Yes,No
7402,44,Female,PhD,Student,26010.64,Married,4,Rural,4322.48,464,21,Cash,No,No
7403,36,Male,High School,Unemployed,9371.22,Single,0,Suburban,4830.0,415,12,Credit Card,Yes,No
7404,35,Male,High School,Employed,21727.12,Married,0,Suburban,9164.04,399,9,Credit Card,Yes,No
7405,28,Male,Diploma,Student,7286.85,Married,0,Urban,1355.53,399,9,Credit Card,Yes,No
7406,57,Female,Master,Unemployed,30223.41,Married,0,Urban,10622.52,486,33,Debit Card,Yes,No
7407,33,Female,Diploma,Student,5000.0,Married,1,Urban,2399.81,396,13,Cash,No,No
7408,46,Female,Diploma,Self-Employed,39337.57,Married,2,Suburban,11905.38,477,26,Credit Card,Yes,Yes
7409,18,Male,Bachelor,Unemployed,21455.64,Single,0,Suburban,8493.73,412,0,Credit Card,No,No
7410,52,Male,Diploma,Unemployed,14692.89,Married,2,Suburban,3038.77,423,25,Credit Card,Yes,No
7411,50,Female,Diploma,Employed,33833.01,Married,2,Urban,14911.89,483,29,Debit Card,No,No
7412,39,Male,Diploma,Student,6135.54,Married,1,Urban,1000.0,360,17,Mobile Money,Yes,No
7413,35,Female,Master,Employed,68546.63,Single,0,Suburban,19362.28,519,8,Debit Card,Yes,Yes
7414,42,Female,Master,Employed,70051.06,Married,2,Rural,24827.42,457,15,Mobile Money,Yes,No
7415,65,Male,Bachelor,Self-Employed,71172.53,Single,0,Urban,30091.63,585,39,Credit Card,No,No
7416,18,Female,Diploma,Self-Employed,44758.37,Single,0,Suburban,14051.73,474,0,Credit Card,No,No
7417,47,Male,Bachelor,Unemployed,22085.95,Married,3,Suburban,2806.43,453,25,Credit Card,No,No
7418,27,Female,High School,Employed,25732.09,Married,0,Rural,7729.11,401,3,Cash,No,Yes
7419,37,Male,Bachelor,Employed,68330.46,Married,2,Urban,21092.72,507,14,Mobile Money,Yes,No
7420,35,Male,Bachelor,Employed,68502.83,Married,4,Rural,25778.61,555,17,Mobile Money,No,No
7421,32,Female,Master,Employed,63148.75,Married,0,Rural,13331.59,507,5,Credit Card,Yes,No
7422,37,Female,High School,Self-Employed,26195.98,Married,1,Rural,7076.81,417,19,Mobile Money,Yes,No
7423,24,Female,Bachelor,Employed,62825.66,Single,0,Rural,16519.16,492,0,Credit Card,No,No
7424,50,Female,Bachelor,Employed,57063.07,Married,4,Suburban,25599.06,513,28,Credit Card,No,No
7425,18,Female,Diploma,Employed,44413.35,Married,2,Urban,11455.43,446,0,Credit Card,Yes,No
7426,44,Male,Bachelor,Self-Employed,60761.96,Married,1,Rural,16480.93,494,24,Debit Card,Yes,No
7427,34,Female,Master,Employed,68940.37,Married,0,Urban,29178.44,493,13,Cash,Yes,No
7428,23,Female,Master,Self-Employed,81241.33,Single,0,Suburban,25565.42,489,0,Debit Card,No,Yes
7429,40,Male,Bachelor,Employed,57433.61,Married,2,Urban,12470.94,484,17,Debit Card,Yes,No
7430,19,Female,High School,Employed,20034.24,Single,0,Urban,5908.89,356,0,Credit Card,Yes,No
7431,38,Female,Master,Unemployed,20205.32,Single,0,Urban,15071.44,464,11,Debit Card,Yes,Yes
7432,20,Male,Bachelor,Employed,44953.77,Single,0,Suburban,12946.16,462,0,Debit Card,Yes,No
7433,43,Female,Diploma,Employed,35875.49,Single,0,Urban,11866.26,408,18,Debit Card,No,No
7434,26,Male,High School,Self-Employed,35221.22,Married,0,Urban,11881.2,362,7,Mobile Money,Yes,No
7435,32,Male,High School,Self-Employed,40059.47,Single,0,Urban,6382.65,445,11,Mobile Money,Yes,No
7436,41,Male,High School,Self-Employed,40722.56,Married,2,Urban,17374.38,437,21,Credit Card,No,No
7437,28,Female,Bachelor,Self-Employed,72087.32,Married,0,Rural,30910.83,466,10,Cash,Yes,No
7438,37,Male,High School,Employed,18137.68,Single,0,Rural,4224.07,479,10,Debit Card,Yes,No
7439,19,Female,High School,Employed,40112.69,Single,0,Suburban,8328.38,404,0,Debit Card,Yes,No
7440,45,Female,Diploma,Employed,34841.6,Single,0,Urban,7136.45,424,26,Cash,No,No
7441,59,Female,Diploma,Student,5000.0,Married,4,Suburban,1000.0,388,36,Credit Card,No,No
7442,70,Male,High School,Student,8149.98,Married,2,Suburban,6274.61,512,50,Credit Card,No,No
7443,39,Female,High School,Employed,27303.99,Married,1,Suburban,5691.43,420,12,Credit Card,Yes,No
7444,47,Female,High School,Employed,32894.61,Single,0,Rural,8099.78,474,21,Mobile Money,No,No
7445,18,Female,Bachelor,Employed,59379.14,Single,0,Rural,16704.61,467,0,Credit Card,Yes,Yes
7446,56,Female,High School,Self-Employed,29894.59,Married,1,Urban,16254.8,463,34,Credit Card,No,No
7447,47,Female,Bachelor,Employed,53530.19,Single,0,Suburban,25324.83,564,21,Credit Card,Yes,Yes
7448,32,Female,High School,Self-Employed,34767.06,Single,0,Urban,11412.98,420,7,Debit Card,Yes,No
7449,52,Male,High School,Student,13666.18,Married,2,Rural,1000.0,387,29,Credit Card,Yes,No
7450,34,Male,Diploma,Student,5000.0,Married,1,Suburban,1000.0,334,11,Mobile Money,Yes,No
7451,32,Male,High School,Employed,25930.44,Single,0,Suburban,8502.11,420,9,Credit Card,No,No
7452,43,Male,High School,Student,5000.0,Married,0,Suburban,1000.0,434,17,Credit Card,Yes,No
7453,25,Female,Diploma,Self-Employed,40723.89,Married,3,Urban,6005.43,436,6,Cash,No,No
7454,50,Female,Diploma,Employed,29195.15,Married,2,Urban,7336.68,417,31,Credit Card,Yes,No
7455,25,Female,Bachelor,Employed,49375.49,Single,0,Urban,20973.58,441,0,Mobile Money,No,No
7456,25,Female,High School,Self-Employed,48748.52,Single,0,Urban,15089.86,412,6,Debit Card,Yes,No
7457,27,Female,Master,Student,19527.26,Married,1,Urban,5171.51,374,7,Debit Card,No,No
7458,47,Male,Master,Employed,80218.77,Married,1,Rural,15749.06,527,20,Debit Card,No,No
7459,30,Female,Bachelor,Employed,47398.79,Single,0,Urban,15586.25,424,8,Mobile Money,Yes,No
7460,21,Male,Diploma,Employed,24418.15,Single,0,Rural,10604.53,368,3,Debit Card,Yes,No
7461,30,Male,Master,Student,16531.06,Married,1,Urban,4645.68,372,6,Debit Card,Yes,Yes
7462,37,Female,High School,Student,20828.78,Single,0,Urban,2423.61,401,13,Mobile Money,Yes,No
7463,23,Male,High School,Employed,26117.31,Single,0,Rural,9001.28,380,0,Debit Card,No,Yes
7464,24,Male,High School,Employed,30814.53,Single,0,Rural,10532.55,446,3,Credit Card,Yes,Yes
7465,63,Female,Master,Student,5000.0,Married,3,Urban,1000.0,400,41,Cash,No,No
7466,27,Male,Diploma,Self-Employed,48225.65,Single,0,Urban,25035.52,400,8,Credit Card,Yes,No
7467,34,Male,Master,Student,13000.1,Married,0,Urban,8822.85,402,13,Cash,No,No
7468,33,Male,Diploma,Unemployed,5000.0,Married,1,Suburban,7687.63,375,11,Debit Card,No,No
7469,32,Male,Master,Employed,61701.31,Single,0,Urban,17541.02,447,10,Cash,Yes,No
7470,45,Male,Master,Self-Employed,75066.16,Married,1,Urban,36496.03,594,21,Cash,Yes,Yes
7471,49,Female,Master,Employed,57362.19,Single,0,Rural,17189.43,517,31,Cash,No,No
7472,34,Male,Diploma,Unemployed,6201.16,Married,1,Rural,1000.0,418,8,Credit Card,No,Yes
7473,23,Female,Master,Self-Employed,88070.16,Married,0,Rural,34841.0,522,4,Debit Card,Yes,Yes
7474,53,Male,PhD,Student,12934.54,Married,5,Suburban,6633.49,470,35,Mobile Money,No,No
7475,36,Female,Diploma,Student,17187.91,Single,0,Urban,6923.3,461,12,Credit Card,Yes,No
7476,58,Female,Diploma,Employed,37097.92,Married,3,Suburban,5838.13,448,33,Debit Card,Yes,No
7477,18,Female,Bachelor,Employed,57609.75,Single,0,Rural,13288.29,416,0,Credit Card,No,No
7478,40,Female,Diploma,Employed,43979.84,Married,1,Urban,18695.0,457,21,Credit Card,No,No
7479,61,Female,Bachelor,Unemployed,28771.04,Married,5,Rural,2092.93,480,40,Mobile Money,Yes,No
7480,33,Male,High School,Unemployed,5000.0,Married,1,Urban,1000.0,402,8,Debit Card,Yes,Yes
7481,35,Female,Bachelor,Student,14538.88,Married,1,Urban,6592.58,404,8,Debit Card,Yes,No
7482,41,Female,High School,Self-Employed,28426.99,Single,0,Urban,2437.02,442,20,Mobile Money,Yes,No
7483,31,Male,Diploma,Employed,53776.77,Married,0,Rural,13376.66,472,10,Debit Card,No,No
7484,34,Male,Diploma,Employed,31682.49,Married,2,Urban,10243.9,463,16,Credit Card,Yes,No
7485,33,Male,Master,Employed,73069.41,Single,0,Urban,20948.67,500,14,Cash,Yes,No
7486,30,Female,High School,Self-Employed,48475.68,Single,0,Suburban,13576.63,493,3,Credit Card,No,No
7487,52,Male,Master,Student,5000.0,Married,2,Rural,3689.17,422,32,Credit Card,Yes,No
7488,43,Male,Bachelor,Employed,59760.78,Single,0,Urban,29389.14,504,16,Credit Card,Yes,No
7489,41,Male,Diploma,Unemployed,5000.0,Married,2,Suburban,1000.0,357,18,Credit Card,No,No
7490,47,Female,High School,Employed,48626.92,Single,0,Rural,10187.1,501,25,Mobile Money,No,No
7491,34,Male,High School,Employed,14869.03,Married,0,Rural,1000.0,386,14,Credit Card,Yes,No
7492,28,Male,Diploma,Employed,27861.53,Single,0,Rural,9139.9,413,8,Mobile Money,No,No
7493,30,Female,High School,Employed,21027.83,Married,0,Rural,6877.97,385,10,Credit Card,No,No
7494,38,Female,Bachelor,Student,5000.0,Married,1,Urban,3575.75,415,11,Cash,No,No
7495,25,Female,PhD,Employed,94166.96,Single,0,Urban,21715.94,574,0,Debit Card,Yes,No
7496,31,Female,High School,Employed,44397.44,Married,0,Rural,18006.59,428,4,Debit Card,Yes,No
7497,31,Male,Bachelor,Unemployed,25741.03,Married,0,Suburban,12532.81,415,5,Debit Card,No,No
7498,63,Male,PhD,Student,19871.22,Married,4,Urban,1000.0,436,36,Mobile Money,No,No
7499,18,Male,Master,Self-Employed,84076.66,Married,1,Suburban,42780.97,480,0,Debit Card,No,No
7500,35,Female,Master,Employed,65149.1,Married,2,Urban,30441.58,492,17,Debit Card,No,No
7501,58,Male,Master,Employed,73128.58,Married,4,Suburban,17742.41,589,36,Credit Card,No,No
7502,39,Female,Diploma,Employed,38329.57,Single,0,Urban,14148.9,411,17,Credit Card,Yes,No
7503,47,Female,Master,Employed,71515.29,Married,1,Suburban,10886.06,512,27,Credit Card,No,No
7504,39,Male,Master,Student,8072.76,Single,0,Rural,1000.0,404,13,Mobile Money,No,No
7505,29,Male,Diploma,Employed,30385.37,Married,0,Suburban,13846.02,381,3,Debit Card,Yes,No
7506,18,Male,Diploma,Employed,40203.75,Single,0,Suburban,23338.89,451,0,Debit Card,No,No
7507,40,Male,Diploma,Self-Employed,48026.96,Married,0,Urban,16623.59,503,15,Credit Card,No,No
7508,28,Male,Diploma,Unemployed,7232.54,Married,1,Urban,1000.0,388,4,Debit Card,No,No
7509,28,Female,High School,Employed,23867.92,Single,0,Suburban,8728.02,405,9,Credit Card,Yes,No
7510,32,Male,Bachelor,Employed,59467.25,Single,0,Suburban,16644.84,451,11,Debit Card,No,No
7511,58,Male,Bachelor,Employed,58639.59,Married,3,Urban,15955.76,495,38,Debit Card,No,No
7512,66,Male,Diploma,Employed,55012.4,Married,3,Rural,15041.59,510,45,Cash,No,No
7513,40,Female,High School,Employed,41047.44,Married,0,Suburban,18517.3,475,15,Debit Card,No,No
7514,32,Female,Bachelor,Employed,45449.26,Single,0,Suburban,13135.55,428,6,Mobile Money,No,No
7515,23,Female,High School,Employed,28473.39,Single,0,Urban,3648.32,404,0,Credit Card,No,No
7516,43,Female,High School,Employed,19081.85,Married,1,Rural,9778.05,366,17,Debit Card,No,No
7517,59,Female,Bachelor,Employed,40286.11,Married,5,Rural,14262.03,499,40,Debit Card,Yes,No
7518,35,Male,Diploma,Student,25563.91,Married,3,Suburban,11234.22,415,17,Cash,Yes,No
7519,18,Male,High School,Employed,41842.37,Single,0,Urban,11478.71,406,0,Cash,Yes,Yes
7520,46,Male,Diploma,Unemployed,6961.57,Married,2,Urban,1000.0,411,25,Debit Card,Yes,No
7521,49,Female,Bachelor,Employed,64947.01,Married,1,Urban,14371.2,582,22,Credit Card,No,No
7522,18,Male,Bachelor,Unemployed,27633.76,Single,0,Urban,5925.42,399,0,Credit Card,Yes,No
7523,40,Male,Diploma,Employed,24636.29,Single,0,Urban,9197.72,413,14,Debit Card,Yes,No
7524,43,Female,High School,Employed,36804.83,Single,0,Urban,15287.18,426,25,Credit Card,Yes,No
7525,37,Female,Bachelor,Self-Employed,62066.77,Single,0,Urban,33587.69,475,16,Credit Card,Yes,No
7526,28,Female,Master,Self-Employed,87064.76,Married,3,Rural,40669.91,526,9,Cash,No,No
7527,50,Male,Bachelor,Student,35078.9,Married,2,Suburban,14633.48,479,29,Debit Card,Yes,No
7528,33,Female,Master,Self-Employed,96682.9,Single,0,Urban,49930.0,548,9,Mobile Money,Yes,No
7529,20,Female,Bachelor,Employed,53974.3,Married,1,Suburban,14367.15,416,1,Mobile Money,No,No
7530,18,Male,Bachelor,Employed,66373.39,Single,0,Urban,23220.97,423,0,Debit Card,No,No
7531,53,Female,Master,Employed,54623.11,Married,2,Rural,10992.58,511,34,Debit Card,Yes,No
7532,45,Female,Bachelor,Employed,59028.58,Married,0,Suburban,24988.22,485,25,Debit Card,No,No
7533,39,Male,Master,Self-Employed,88219.81,Married,1,Suburban,26786.05,561,17,Credit Card,Yes,No
7534,32,Male,Diploma,Employed,45645.54,Single,0,Urban,16107.0,439,11,Debit Card,Yes,No
7535,31,Male,Master,Student,9932.11,Single,0,Urban,4289.66,343,10,Credit Card,Yes,No
7536,25,Male,Bachelor,Employed,58055.79,Married,0,Suburban,29158.7,436,0,Debit Card,Yes,Yes
7537,32,Female,Master,Employed,76847.78,Married,0,Suburban,33334.67,558,9,Mobile Money,Yes,No
7538,18,Male,High School,Employed,11416.3,Married,1,Urban,2160.4,390,0,Credit Card,Yes,Yes
7539,29,Female,Bachelor,Employed,52470.59,Married,2,Urban,15263.86,499,3,Credit Card,Yes,No
7540,34,Female,Master,Unemployed,13773.5,Single,0,Urban,2615.51,412,9,Debit Card,No,No
7541,45,Female,High School,Student,11297.12,Married,4,Urban,1000.0,427,19,Credit Card,No,No
7542,37,Male,Bachelor,Employed,66022.71,Married,0,Urban,25035.2,510,15,Mobile Money,No,No
7543,47,Male,Master,Unemployed,16105.18,Married,2,Urban,7678.69,455,23,Credit Card,No,No
7544,54,Male,Diploma,Self-Employed,39290.45,Married,3,Rural,14120.25,491,31,Debit Card,No,No
7545,50,Male,Diploma,Student,8937.31,Married,2,Suburban,4050.98,452,28,Mobile Money,No,No
7546,43,Male,Bachelor,Employed,45774.31,Single,0,Rural,18433.39,516,19,Credit Card,Yes,No
7547,38,Female,Bachelor,Employed,53188.54,Single,0,Urban,15650.02,471,13,Debit Card,No,No
7548,26,Male,High School,Employed,27344.94,Single,0,Rural,13099.21,432,7,Debit Card,No,No
7549,46,Female,High School,Employed,34640.82,Married,3,Rural,11305.95,445,25,Debit Card,No,No
7550,58,Male,High School,Employed,32521.56,Married,1,Urban,15527.03,477,34,Debit Card,Yes,No
7551,42,Female,Diploma,Employed,41291.18,Married,1,Suburban,10052.96,443,18,Credit Card,Yes,No
7552,61,Female,High School,Self-Employed,49094.8,Married,5,Suburban,17752.72,546,39,Credit Card,Yes,No
7553,19,Male,Bachelor,Employed,57157.84,Married,1,Urban,11261.09,458,1,Credit Card,Yes,No
7554,24,Female,Bachelor,Self-Employed,62657.3,Single,0,Urban,31201.5,489,1,Credit Card,Yes,No
7555,48,Female,Bachelor,Self-Employed,63638.48,Single,0,Urban,22304.92,553,30,Mobile Money,Yes,No
7556,41,Female,High School,Unemployed,5000.0,Married,2,Rural,5052.02,375,18,Credit Card,Yes,No
7557,53,Female,Diploma,Employed,31850.91,Married,5,Suburban,9120.68,457,33,Debit Card,No,No
7558,37,Male,Diploma,Employed,28885.26,Married,1,Urban,10316.95,442,14,Cash,Yes,No
7559,27,Male,Master,Employed,79073.86,Married,1,Suburban,26203.11,504,8,Credit Card,Yes,No
7560,35,Male,Bachelor,Employed,49253.54,Single,0,Urban,24231.41,469,16,Credit Card,Yes,No
7561,19,Female,Master,Self-Employed,86527.32,Single,0,Urban,35416.78,550,0,Credit Card,No,No
7562,24,Female,High School,Employed,27601.07,Married,0,Suburban,4362.89,371,0,Debit Card,No,No
7563,49,Female,Bachelor,Employed,54766.21,Married,4,Rural,12786.88,482,26,Cash,No,No
7564,48,Male,Bachelor,Employed,64230.41,Married,1,Urban,24949.92,512,24,Mobile Money,No,No
7565,42,Female,Master,Employed,71413.25,Single,0,Urban,17005.04,542,21,Mobile Money,No,No
7566,18,Female,Bachelor,Student,5000.0,Single,0,Urban,3672.43,348,0,Credit Card,No,No
7567,33,Male,Bachelor,Student,6487.1,Married,0,Urban,6826.92,402,12,Debit Card,Yes,No
7568,23,Male,High School,Employed,36879.57,Single,0,Urban,13332.24,414,1,Debit Card,Yes,Yes
7569,52,Male,Bachelor,Employed,58865.43,Married,2,Urban,25390.44,530,34,Cash,No,No
7570,30,Female,Diploma,Student,15379.31,Single,0,Suburban,1000.0,410,6,Cash,Yes,No
7571,24,Female,High School,Student,5000.0,Single,0,Urban,1000.0,364,0,Credit Card,No,No
7572,38,Male,High School,Unemployed,5000.0,Single,0,Rural,3184.96,368,13,Mobile Money,No,No
7573,30,Male,PhD,Employed,94053.18,Married,2,Urban,22071.95,595,4,Cash,Yes,No
7574,55,Female,Diploma,Employed,42022.55,Married,2,Urban,18411.75,547,34,Credit Card,Yes,No
7575,29,Female,Master,Employed,72232.07,Married,1,Rural,19865.17,538,2,Mobile Money,No,No
7576,21,Female,PhD,Unemployed,15946.05,Single,0,Urban,6400.33,350,0,Credit Card,Yes,No
7577,18,Female,Master,Unemployed,15878.27,Single,0,Suburban,5158.88,378,0,Credit Card,No,Yes
7578,37,Male,Master,Employed,62493.05,Married,0,Urban,28615.26,521,13,Credit Card,No,No
7579,31,Female,Master,Employed,73194.93,Married,0,Urban,19127.92,520,13,Mobile Money,Yes,No
7580,20,Male,Diploma,Self-Employed,51470.35,Single,0,Rural,26099.87,428,0,Credit Card,Yes,No
7581,52,Female,High School,Unemployed,8652.1,Married,2,Urban,1218.83,433,30,Credit Card,No,No
7582,46,Male,Bachelor,Self-Employed,73740.68,Married,2,Suburban,17714.11,525,19,Credit Card,Yes,No
7583,37,Female,Diploma,Self-Employed,59925.69,Single,0,Rural,28998.96,445,17,Credit Card,No,No
7584,54,Male,High School,Employed,32824.45,Married,5,Suburban,15451.44,506,35,Credit Card,Yes,No
7585,45,Female,Bachelor,Employed,60368.57,Married,2,Suburban,29712.82,548,20,Credit Card,No,No
7586,28,Male,Bachelor,Self-Employed,61667.6,Married,0,Suburban,22995.32,487,8,Debit Card,No,No
7587,25,Male,Master,Unemployed,15196.57,Married,2,Urban,4877.21,300,0,Credit Card,Yes,Yes
7588,47,Female,Bachelor,Employed,63077.95,Married,5,Suburban,25090.55,566,22,Debit Card,Yes,No
7589,42,Male,Bachelor,Employed,48002.06,Single,0,Urban,9764.19,462,19,Debit Card,Yes,No
7590,40,Female,Diploma,Self-Employed,53576.51,Single,0,Urban,15601.24,450,16,Mobile Money,No,No
7591,27,Female,Diploma,Employed,53755.77,Single,0,Rural,22860.91,431,1,Debit Card,No,No
7592,45,Female,PhD,Employed,95227.86,Married,4,Urban,42191.3,582,20,Debit Card,Yes,No
7593,28,Female,High School,Self-Employed,35352.54,Single,0,Urban,18433.89,444,4,Debit Card,No,No
7594,36,Female,Diploma,Self-Employed,37277.41,Single,0,Urban,7408.81,455,15,Credit Card,Yes,No
7595,55,Female,Bachelor,Unemployed,17806.42,Married,3,Rural,5527.86,443,33,Cash,Yes,No
7596,30,Female,Diploma,Employed,48072.77,Married,1,Urban,9603.51,500,5,Mobile Money,Yes,No
7597,19,Male,Diploma,Employed,38568.32,Single,0,Suburban,15051.12,414,0,Cash,No,No
7598,25,Male,Diploma,Employed,48171.95,Single,0,Suburban,8331.96,439,7,Credit Card,No,No
7599,49,Female,High School,Unemployed,11920.19,Married,2,Urban,8696.72,432,22,Debit Card,No,No
7600,41,Male,Diploma,Unemployed,14330.72,Married,0,Suburban,8312.43,393,18,Debit Card,No,No
7601,36,Male,Master,Employed,67465.69,Married,0,Rural,33339.1,458,18,Mobile Money,No,No
7602,31,Male,Bachelor,Employed,43351.65,Single,0,Suburban,18497.37,451,11,Credit Card,Yes,No
7603,43,Male,High School,Employed,26599.11,Married,2,Urban,7250.56,453,16,Credit Card,Yes,No
7604,27,Female,Diploma,Employed,36535.57,Single,0,Suburban,10326.79,420,6,Credit Card,No,No
7605,41,Female,High School,Employed,34603.53,Married,4,Urban,1000.0,461,14,Mobile Money,No,No
7606,29,Female,Master,Self-Employed,83878.2,Married,1,Rural,31592.59,518,5,Cash,Yes,No
7607,27,Female,Diploma,Self-Employed,56665.34,Married,0,Urban,21991.74,451,1,Credit Card,Yes,No
7608,30,Male,PhD,Self-Employed,110250.82,Single,0,Urban,22646.3,566,9,Cash,Yes,No
7609,33,Male,Diploma,Unemployed,7965.2,Married,0,Urban,1000.0,364,11,Debit Card,Yes,Yes
7610,37,Male,Master,Employed,63480.99,Single,0,Urban,20808.25,451,19,Credit Card,Yes,No
7611,40,Female,Diploma,Student,5000.0,Married,3,Urban,1000.0,405,19,Cash,No,No
7612,18,Male,High School,Employed,31286.15,Single,0,Suburban,14417.57,360,0,Credit Card,Yes,No
7613,28,Male,High School,Employed,27017.65,Married,0,Suburban,6783.83,480,2,Debit Card,No,No
7614,33,Female,Bachelor,Employed,46388.49,Married,1,Rural,21363.25,401,6,Debit Card,Yes,Yes
7615,56,Female,Diploma,Employed,48053.73,Single,0,Urban,13159.29,494,38,Cash,Yes,No
7616,25,Male,Diploma,Employed,41218.49,Married,1,Urban,17874.24,493,5,Debit Card,Yes,No
7617,39,Male,Master,Employed,72197.76,Married,3,Rural,30201.12,514,16,Cash,Yes,No
7618,55,Female,High School,Employed,23419.01,Married,4,Urban,11051.93,435,37,Debit Card,Yes,No
7619,22,Female,Diploma,Unemployed,5000.0,Single,0,Suburban,1413.38,314,2,Credit Card,Yes,Yes
7620,42,Male,Master,Employed,68702.11,Married,2,Urban,16070.76,523,19,Credit Card,Yes,No
7621,28,Male,Diploma,Employed,23774.28,Married,1,Rural,7821.32,371,7,Cash,Yes,No
7622,31,Female,Master,Student,20238.51,Single,0,Urban,2333.63,401,12,Credit Card,No,No
7623,28,Female,Diploma,Self-Employed,42367.81,Single,0,Rural,15433.06,470,9,Credit Card,No,No
7624,29,Female,Diploma,Employed,37858.36,Married,1,Rural,9481.73,420,7,Cash,No,No
7625,70,Female,High School,Employed,33415.35,Married,5,Rural,12556.26,530,50,Credit Card,Yes,No
7626,48,Female,Master,Self-Employed,82202.92,Married,1,Suburban,25273.41,554,27,Cash,Yes,No
7627,51,Male,Master,Employed,60653.0,Married,2,Rural,16798.36,569,32,Mobile Money,No,No
7628,43,Male,PhD,Employed,102045.6,Married,2,Suburban,51536.47,618,24,Credit Card,Yes,No
7629,18,Female,Diploma,Employed,27739.34,Single,0,Suburban,9215.61,436,0,Credit Card,Yes,No
7630,42,Female,Master,Self-Employed,66107.64,Married,2,Urban,24883.5,525,23,Debit Card,Yes,No
7631,50,Female,Diploma,Employed,46996.8,Married,2,Urban,10778.17,538,32,Credit Card,No,No
7632,27,Male,Diploma,Employed,28324.55,Single,0,Suburban,7509.46,394,1,Mobile Money,Yes,No
7633,49,Female,Master,Employed,80022.26,Married,2,Urban,20635.65,552,31,Cash,No,No
7634,46,Male,High School,Self-Employed,39015.11,Married,3,Rural,18205.65,486,25,Credit Card,No,No
7635,60,Female,High School,Self-Employed,38264.03,Married,5,Urban,14646.83,460,40,Debit Card,No,No
7636,32,Male,Diploma,Self-Employed,43447.77,Single,0,Suburban,14184.86,440,8,Credit Card,Yes,No
7637,24,Female,Bachelor,Employed,48396.8,Married,0,Urban,13220.08,454,6,Credit Card,No,No
7638,33,Female,Diploma,Student,5000.0,Married,0,Urban,7451.99,360,12,Debit Card,Yes,No
7639,55,Male,Diploma,Employed,32982.26,Single,0,Suburban,11041.38,524,32,Mobile Money,No,No
7640,18,Male,PhD,Employed,99661.34,Single,0,Urban,26050.66,555,0,Debit Card,Yes,Yes
7641,18,Female,Diploma,Student,5000.0,Single,0,Urban,1416.1,361,0,Credit Card,No,Yes
7642,39,Female,High School,Student,10050.78,Married,2,Urban,1000.0,378,20,Debit Card,Yes,No
7643,32,Male,Bachelor,Self-Employed,74041.66,Single,0,Urban,16178.88,541,6,Mobile Money,Yes,Yes
7644,38,Male,Master,Student,6950.52,Married,1,Rural,1255.81,344,12,Credit Card,Yes,No
7645,49,Male,High School,Employed,33012.73,Married,0,Suburban,13758.49,474,29,Credit Card,Yes,No
7646,31,Female,Bachelor,Employed,47848.96,Single,0,Suburban,15185.88,489,11,Debit Card,Yes,No
7647,18,Male,High School,Employed,28611.79,Single,0,Rural,3797.99,393,0,Cash,No,No
7648,62,Male,Bachelor,Employed,51330.92,Married,5,Suburban,18031.44,487,42,Debit Card,No,No
7649,26,Female,Diploma,Self-Employed,42436.48,Single,0,Urban,16822.71,447,3,Credit Card,Yes,No
7650,25,Female,Diploma,Employed,41262.29,Single,0,Rural,8666.81,384,0,Cash,No,No
7651,51,Male,Diploma,Unemployed,5000.0,Married,3,Urban,1000.0,368,29,Debit Card,No,No
7652,33,Female,Master,Employed,77433.81,Married,0,Urban,22261.49,565,15,Credit Card,Yes,No
7653,37,Female,Bachelor,Employed,46347.7,Married,3,Urban,9963.32,495,11,Cash,Yes,Yes
7654,43,Female,Master,Employed,59863.29,Married,1,Urban,18235.18,451,17,Credit Card,Yes,No
7655,51,Male,Bachelor,Student,8981.63,Married,1,Urban,1731.5,385,33,Credit Card,Yes,No
7656,33,Female,High School,Unemployed,6019.98,Married,0,Urban,1000.0,400,13,Credit Card,Yes,No
7657,56,Male,Diploma,Self-Employed,50844.46,Married,0,Suburban,11478.14,547,35,Debit Card,No,No
7658,18,Male,Master,Unemployed,21678.66,Married,0,Urban,14390.28,384,0,Mobile Money,Yes,No
7659,47,Male,Bachelor,Unemployed,5000.0,Single,0,Urban,1000.0,389,27,Cash,Yes,No
7660,27,Female,PhD,Student,25892.53,Married,1,Rural,9414.23,420,4,Credit Card,No,Yes
7661,54,Female,High School,Employed,27781.28,Married,4,Urban,12660.52,501,30,Debit Card,No,No
7662,39,Female,Diploma,Employed,41931.67,Married,2,Rural,19172.17,446,20,Credit Card,Yes,No
7663,29,Male,Diploma,Employed,57617.24,Married,0,Urban,15586.82,504,7,Debit Card,No,No
7664,45,Female,Diploma,Student,18291.54,Married,0,Urban,7627.48,404,24,Cash,Yes,No
7665,48,Female,Diploma,Student,9684.23,Married,4,Rural,1000.0,389,27,Debit Card,No,No
7666,45,Male,Diploma,Self-Employed,37015.44,Married,1,Urban,6681.24,481,27,Debit Card,No,No
7667,25,Female,Bachelor,Employed,44149.32,Single,0,Rural,22492.07,464,3,Credit Card,No,No
7668,32,Male,Diploma,Employed,49296.35,Married,0,Urban,19024.7,477,8,Debit Card,Yes,No
7669,37,Female,High School,Employed,26785.47,Married,2,Rural,10286.72,421,12,Mobile Money,No,No
7670,37,Male,Bachelor,Employed,53652.68,Married,1,Suburban,17438.29,491,12,Cash,Yes,No
7671,46,Female,Diploma,Employed,30836.25,Married,1,Rural,13665.6,453,22,Credit Card,Yes,No
7672,18,Female,Bachelor,Employed,58566.81,Single,0,Urban,19754.64,457,0,Debit Card,No,Yes
7673,42,Female,Diploma,Student,17131.3,Married,1,Suburban,5916.98,443,21,Debit Card,Yes,No
7674,34,Male,Master,Employed,82188.4,Married,2,Rural,35504.33,503,13,Cash,Yes,No
7675,27,Male,Bachelor,Student,7414.8,Married,1,Rural,1418.09,393,3,Credit Card,Yes,No
7676,29,Male,Master,Self-Employed,89159.03,Married,0,Urban,19337.19,581,10,Cash,Yes,No
7677,35,Female,Bachelor,Employed,54239.31,Single,0,Urban,12649.33,453,9,Debit Card,Yes,No
7678,18,Female,Diploma,Employed,47042.23,Single,0,Suburban,26818.54,468,0,Mobile Money,No,No
7679,29,Male,Diploma,Student,7968.26,Single,0,Urban,2401.75,380,7,Mobile Money,No,Yes
7680,27,Male,Bachelor,Self-Employed,59406.99,Married,0,Urban,21615.11,491,4,Credit Card,No,No
7681,44,Female,Bachelor,Employed,65561.26,Married,4,Suburban,18119.83,479,23,Credit Card,No,No
7682,28,Female,Bachelor,Employed,55788.31,Married,2,Suburban,11607.51,487,10,Cash,Yes,No
7683,35,Male,High School,Self-Employed,33188.32,Single,0,Suburban,16950.04,371,13,Credit Card,No,No
7684,56,Male,Bachelor,Employed,56422.24,Married,4,Urban,15765.59,489,32,Cash,No,No
7685,49,Male,Bachelor,Employed,49106.88,Single,0,Suburban,26587.88,451,28,Debit Card,Yes,No
7686,48,Female,Bachelor,Self-Employed,69322.02,Married,5,Urban,14510.66,503,28,Credit Card,Yes,No
7687,32,Female,Diploma,Self-Employed,46429.6,Married,3,Suburban,7005.27,440,7,Mobile Money,No,No
7688,44,Female,PhD,Employed,83641.64,Married,1,Urban,29839.38,555,18,Credit Card,No,Yes
7689,35,Male,Diploma,Student,27015.19,Single,0,Urban,16198.96,364,16,Credit Card,Yes,No
7690,35,Female,High School,Self-Employed,27941.66,Single,0,Suburban,10793.87,438,16,Debit Card,No,No
7691,42,Male,Master,Unemployed,23826.27,Married,0,Suburban,9950.04,421,19,Credit Card,No,No
7692,30,Male,High School,Employed,30454.37,Married,2,Urban,6472.45,446,7,Credit Card,Yes,No
7693,55,Female,Bachelor,Employed,46795.22,Married,3,Suburban,13976.53,520,33,Mobile Money,No,No
7694,36,Male,High School,Employed,27301.35,Married,3,Suburban,7564.19,453,18,Debit Card,No,No
7695,45,Male,High School,Employed,19259.59,Married,3,Urban,2811.29,426,18,Debit Card,Yes,No
7696,55,Female,High School,Student,22531.91,Married,2,Rural,7688.35,469,32,Debit Card,No,No
7697,50,Male,Diploma,Student,5856.34,Married,2,Urban,7601.02,415,31,Credit Card,No,No
7698,21,Female,High School,Self-Employed,34537.49,Single,0,Rural,8566.99,423,0,Credit Card,No,No
7699,43,Female,High School,Employed,45561.62,Married,2,Urban,19605.44,470,17,Cash,Yes,No
7700,48,Female,Bachelor,Self-Employed,59408.19,Married,4,Suburban,28373.6,442,21,Credit Card,Yes,No
7701,48,Male,Bachelor,Employed,65355.27,Married,0,Urban,20990.59,543,29,Credit Card,No,No
7702,24,Male,Master,Employed,74740.21,Single,0,Suburban,21684.53,507,2,Mobile Money,Yes,No
7703,30,Male,Master,Employed,54168.12,Married,1,Suburban,21112.07,486,11,Credit Card,Yes,No
7704,49,Male,Diploma,Employed,37031.27,Married,4,Rural,11501.69,468,26,Credit Card,Yes,No
7705,28,Female,Master,Employed,73492.85,Single,0,Urban,29184.33,549,2,Cash,No,No
7706,34,Male,Bachelor,Employed,55284.57,Single,0,Suburban,8491.47,474,15,Credit Card,Yes,No
7707,56,Male,Diploma,Employed,40306.08,Married,4,Urban,8491.04,489,33,Credit Card,Yes,No
7708,37,Female,Bachelor,Self-Employed,61142.68,Single,0,Urban,27244.55,501,10,Debit Card,No,No
7709,29,Female,High School,Employed,24297.02,Married,0,Rural,11289.9,425,5,Debit Card,No,No
7710,27,Female,Bachelor,Self-Employed,63532.75,Married,1,Urban,20377.6,450,8,Debit Card,Yes,No
7711,41,Male,Diploma,Employed,55690.48,Single,0,Rural,18838.28,526,20,Credit Card,No,No
7712,22,Female,High School,Employed,22738.6,Single,0,Urban,10952.42,402,3,Debit Card,Yes,Yes
7713,35,Female,High School,Unemployed,5142.35,Married,2,Suburban,1388.1,432,14,Debit Card,Yes,No
7714,41,Male,High School,Employed,30230.77,Married,4,Suburban,5715.71,451,15,Debit Card,Yes,No
7715,53,Male,Master,Employed,58294.77,Married,1,Rural,25176.01,527,27,Debit Card,No,No
7716,46,Male,PhD,Unemployed,30455.59,Single,0,Urban,18083.87,415,26,Cash,No,No
7717,29,Female,Diploma,Employed,29695.96,Single,0,Urban,9907.02,414,4,Mobile Money,Yes,No
7718,52,Male,Diploma,Unemployed,5000.0,Married,3,Urban,1000.0,380,34,Credit Card,No,No
7719,34,Female,High School,Employed,20917.97,Single,0,Rural,1734.99,350,11,Debit Card,Yes,No
7720,23,Female,Master,Employed,56875.35,Single,0,Urban,23161.68,403,0,Debit Card,Yes,No
7721,35,Female,High School,Self-Employed,46146.62,Married,3,Urban,10826.23,440,14,Debit Card,Yes,Yes
7722,55,Male,Master,Employed,74172.71,Married,0,Rural,37084.6,545,30,Cash,No,No
7723,39,Male,Bachelor,Employed,62379.1,Married,3,Rural,18832.51,496,21,Credit Card,No,No
7724,38,Male,Master,Employed,76650.1,Married,0,Urban,22724.34,547,19,Mobile Money,Yes,No
7725,57,Male,Bachelor,Employed,53655.12,Married,4,Suburban,12570.51,475,32,Credit Card,No,No
7726,20,Female,Bachelor,Self-Employed,65763.83,Single,0,Urban,27488.26,417,0,Credit Card,Yes,Yes
7727,22,Male,Bachelor,Unemployed,24609.7,Single,0,Suburban,2903.11,385,0,Debit Card,No,No
7728,18,Male,Master,Unemployed,34107.43,Single,0,Urban,17745.96,394,0,Credit Card,Yes,No
7729,42,Male,Master,Employed,59935.27,Married,0,Urban,21012.61,503,22,Credit Card,Yes,No
7730,39,Male,Bachelor,Self-Employed,86159.71,Single,0,Suburban,40728.85,540,14,Credit Card,No,No
7731,56,Female,Bachelor,Employed,44474.79,Single,0,Rural,18615.36,457,35,Cash,No,No
7732,40,Female,Master,Self-Employed,80304.36,Married,2,Urban,29450.58,548,17,Credit Card,Yes,No
7733,33,Female,Master,Unemployed,21592.55,Married,1,Urban,6482.76,461,9,Credit Card,Yes,No
7734,38,Male,Bachelor,Employed,56327.24,Single,0,Urban,25040.69,467,11,Debit Card,Yes,No
7735,39,Female,High School,Student,21710.66,Married,1,Rural,6272.04,399,16,Debit Card,Yes,Yes
7736,18,Female,High School,Unemployed,17095.26,Single,0,Rural,5242.46,329,0,Mobile Money,No,Yes
7737,70,Male,Master,Self-Employed,87302.68,Single,0,Rural,35314.53,637,47,Credit Card,No,No
7738,44,Male,High School,Self-Employed,44283.95,Married,2,Urban,13691.62,524,25,Credit Card,No,No
7739,40,Female,High School,Self-Employed,38766.02,Married,2,Urban,12887.79,490,14,Mobile Money,No,No
7740,45,Female,High School,Student,5000.0,Married,0,Urban,2972.9,400,21,Cash,Yes,No
7741,46,Female,Bachelor,Self-Employed,69885.11,Married,4,Rural,32313.62,533,27,Debit Card,Yes,No
7742,36,Male,Bachelor,Employed,55540.43,Single,0,Urban,21667.28,459,18,Debit Card,Yes,No
7743,30,Male,Diploma,Self-Employed,41257.15,Single,0,Suburban,14134.18,410,7,Debit Card,No,No
7744,45,Female,High School,Employed,40102.32,Married,0,Urban,10233.84,498,26,Mobile Money,Yes,No
7745,42,Female,Bachelor,Student,10564.36,Single,0,Urban,3795.48,404,20,Credit Card,Yes,No
7746,28,Female,Master,Student,5035.99,Married,0,Urban,2541.57,310,1,Debit Card,Yes,Yes
7747,55,Female,High School,Employed,22298.76,Single,0,Urban,14233.29,428,32,Mobile Money,No,No
7748,41,Male,High School,Self-Employed,40279.97,Married,2,Urban,9072.46,407,16,Debit Card,Yes,No
7749,46,Female,Bachelor,Student,19395.46,Married,2,Urban,5049.44,401,25,Debit Card,No,No
7750,54,Female,Master,Employed,73853.22,Single,0,Rural,21675.46,599,34,Debit Card,No,No
7751,38,Female,Bachelor,Employed,58889.85,Married,2,Suburban,24736.71,516,17,Credit Card,No,No
7752,41,Male,Bachelor,Employed,48517.41,Married,3,Urban,16786.76,479,14,Credit Card,No,No
7753,47,Male,Master,Self-Employed,84743.08,Married,3,Urban,25654.3,580,23,Cash,No,No
7754,29,Female,High School,Employed,27359.12,Married,1,Urban,13987.52,432,8,Credit Card,No,No
7755,38,Female,High School,Self-Employed,34440.27,Married,1,Urban,16700.02,441,13,Cash,Yes,No
7756,39,Female,Bachelor,Employed,54105.66,Single,0,Suburban,28312.4,518,19,Credit Card,Yes,No
7757,26,Female,Master,Employed,64720.51,Single,0,Urban,18424.83,464,2,Credit Card,Yes,No
7758,65,Female,Bachelor,Employed,61013.33,Married,4,Urban,24590.75,556,42,Debit Card,Yes,No
7759,21,Female,PhD,Employed,81927.07,Single,0,Urban,41202.85,508,3,Debit Card,Yes,No
7760,22,Male,Bachelor,Employed,44610.98,Single,0,Suburban,5071.56,434,0,Debit Card,Yes,Yes
7761,53,Male,Bachelor,Employed,48718.38,Single,0,Urban,14613.67,538,31,Mobile Money,No,No
7762,46,Male,High School,Self-Employed,43067.16,Married,0,Urban,8427.6,486,24,Credit Card,No,No
7763,25,Female,High School,Employed,32713.27,Married,1,Rural,16598.54,392,5,Cash,No,No
7764,45,Male,Bachelor,Self-Employed,51734.06,Single,0,Urban,12432.71,519,20,Cash,No,No
7765,55,Male,High School,Employed,34778.19,Married,2,Urban,14461.96,529,32,Mobile Money,No,No
7766,37,Female,High School,Employed,29611.94,Married,0,Urban,12679.27,453,10,Credit Card,Yes,Yes
7767,69,Female,Master,Employed,66660.94,Single,0,Suburban,23146.16,600,48,Credit Card,Yes,No
7768,18,Female,Master,Self-Employed,82064.16,Single,0,Urban,36103.48,452,0,Cash,No,No
7769,46,Male,High School,Employed,19330.97,Married,3,Urban,10531.95,438,27,Mobile Money,No,No
7770,51,Female,Bachelor,Employed,56385.93,Married,3,Urban,23505.51,504,30,Mobile Money,No,No
7771,48,Male,High School,Student,5000.0,Married,3,Urban,1000.0,372,30,Credit Card,No,No
7772,35,Male,Diploma,Self-Employed,45199.95,Single,0,Urban,12502.19,427,17,Credit Card,Yes,No
7773,34,Male,Bachelor,Employed,52210.32,Single,0,Urban,22661.06,498,9,Cash,Yes,Yes
7774,43,Male,Bachelor,Self-Employed,72159.28,Single,0,Urban,38526.38,551,22,Debit Card,No,No
7775,47,Male,High School,Unemployed,9317.95,Married,2,Urban,2446.68,386,21,Credit Card,No,No
7776,45,Female,Diploma,Unemployed,17647.93,Single,0,Urban,5425.9,461,22,Mobile Money,Yes,No
7777,50,Male,High School,Employed,20434.06,Married,5,Urban,4675.17,445,23,Credit Card,Yes,No
7778,25,Female,PhD,Employed,89137.6,Single,0,Suburban,40643.79,550,4,Cash,Yes,No
7779,35,Male,Bachelor,Self-Employed,70242.53,Single,0,Suburban,31403.63,469,9,Cash,No,No
7780,26,Male,Diploma,Employed,49938.39,Single,0,Urban,12476.3,413,0,Mobile Money,Yes,Yes
7781,33,Female,High School,Student,5000.0,Married,0,Suburban,4177.91,336,15,Debit Card,No,No
7782,50,Female,Bachelor,Employed,48272.39,Single,0,Urban,8988.99,529,29,Mobile Money,No,No
7783,39,Female,Bachelor,Employed,59042.3,Married,0,Suburban,11025.54,481,15,Cash,Yes,No
7784,69,Female,Master,Student,26892.75,Married,3,Urban,4232.97,513,49,Mobile Money,Yes,No
7785,40,Female,Diploma,Employed,42287.04,Single,0,Urban,7483.18,546,13,Credit Card,No,No
7786,38,Female,PhD,Employed,81120.31,Married,1,Suburban,17561.94,491,15,Credit Card,No,No
7787,39,Female,Diploma,Self-Employed,39276.45,Married,0,Suburban,9088.33,456,12,Cash,Yes,No
7788,30,Female,Diploma,Employed,41078.76,Married,0,Urban,6220.88,420,9,Debit Card,Yes,No
7789,37,Male,Diploma,Self-Employed,50860.61,Single,0,Rural,22790.79,506,11,Credit Card,No,No
7790,51,Female,Bachelor,Employed,53229.81,Married,4,Rural,18473.41,502,24,Credit Card,Yes,No
7791,39,Male,Master,Employed,61367.43,Single,0,Urban,28624.23,533,18,Debit Card,Yes,No
7792,28,Male,Bachelor,Employed,63811.32,Married,0,Suburban,28898.69,485,7,Credit Card,No,No
7793,26,Female,Bachelor,Self-Employed,63210.24,Single,0,Suburban,26882.95,435,0,Mobile Money,Yes,Yes
7794,32,Male,High School,Employed,34215.72,Married,0,Urban,7480.32,420,6,Credit Card,No,No
7795,38,Male,High School,Employed,15814.66,Married,1,Urban,1000.0,423,19,Mobile Money,Yes,No
7796,52,Male,Bachelor,Unemployed,26109.24,Married,5,Rural,11308.57,456,33,Debit Card,Yes,No
7797,21,Female,Bachelor,Student,5521.52,Single,0,Rural,1000.0,323,0,Mobile Money,Yes,No
7798,34,Male,Bachelor,Self-Employed,76757.48,Married,1,Urban,20193.09,525,15,Debit Card,Yes,No
7799,39,Male,High School,Employed,34901.9,Married,1,Urban,9710.65,388,20,Credit Card,Yes,No
7800,18,Female,High School,Employed,18570.08,Single,0,Urban,8060.95,307,0,Debit Card,Yes,Yes
7801,27,Male,Diploma,Self-Employed,49964.21,Married,3,Suburban,15117.46,481,6,Cash,No,No
7802,29,Male,Master,Unemployed,34252.26,Married,0,Suburban,6383.6,461,2,Cash,No,No
7803,28,Male,Bachelor,Unemployed,11716.66,Single,0,Urban,4077.1,425,8,Credit Card,Yes,No
7804,40,Male,Diploma,Student,21266.6,Married,3,Urban,16875.07,461,19,Mobile Money,Yes,No
7805,36,Male,Diploma,Unemployed,15085.87,Single,0,Urban,4360.83,382,12,Debit Card,Yes,No
7806,31,Male,High School,Employed,40722.86,Married,0,Suburban,8397.05,459,7,Cash,Yes,No
7807,43,Male,Diploma,Self-Employed,49275.89,Single,0,Suburban,23256.92,485,23,Mobile Money,Yes,No
7808,58,Female,Bachelor,Unemployed,15508.19,Married,3,Urban,3382.34,459,32,Debit Card,Yes,No
7809,57,Female,PhD,Unemployed,41697.3,Married,0,Urban,12191.52,514,30,Mobile Money,No,No
7810,18,Female,Bachelor,Student,16771.22,Married,0,Urban,1000.0,418,0,Debit Card,No,No
7811,44,Male,High School,Employed,28117.42,Married,5,Urban,10094.49,451,25,Cash,No,No
7812,35,Male,Bachelor,Self-Employed,69391.1,Single,0,Suburban,19734.7,538,15,Credit Card,No,No
7813,39,Female,Bachelor,Employed,50481.24,Single,0,Urban,21587.8,480,16,Credit Card,Yes,No
7814,33,Male,High School,Employed,30863.07,Married,0,Rural,13774.25,399,10,Credit Card,Yes,No
7815,39,Female,Master,Employed,79564.97,Single,0,Rural,31574.52,528,15,Credit Card,Yes,No
7816,39,Male,Master,Student,12705.17,Married,0,Suburban,5570.97,396,15,Mobile Money,Yes,No
7817,31,Female,Diploma,Student,5000.0,Married,3,Suburban,1000.0,333,13,Credit Card,No,No
7818,27,Male,Bachelor,Self-Employed,58264.94,Married,0,Urban,17743.45,430,3,Credit Card,Yes,No
7819,32,Male,Bachelor,Employed,55588.94,Married,1,Suburban,9067.65,502,14,Mobile Money,No,No
7820,40,Female,Bachelor,Employed,48539.58,Married,0,Suburban,21203.81,492,20,Cash,No,No
7821,45,Female,High School,Self-Employed,24538.07,Married,4,Urban,11825.07,453,24,Credit Card,No,No
7822,48,Male,High School,Employed,20411.29,Married,4,Rural,6745.52,469,25,Debit Card,No,No
7823,32,Female,High School,Employed,39400.8,Single,0,Suburban,17772.54,466,11,Credit Card,No,No
7824,41,Male,Bachelor,Unemployed,15361.02,Married,1,Rural,5049.11,457,20,Cash,Yes,No
7825,49,Male,Diploma,Employed,40462.11,Married,2,Urban,13699.91,464,26,Credit Card,Yes,No
7826,51,Female,Bachelor,Employed,47267.13,Married,1,Urban,12683.06,526,30,Credit Card,No,No
7827,37,Female,Bachelor,Employed,50348.05,Single,0,Urban,27092.48,453,14,Debit Card,Yes,No
7828,35,Female,Diploma,Student,5000.0,Single,0,Suburban,7678.94,361,8,Credit Card,Yes,No
7829,40,Male,Bachelor,Unemployed,14285.85,Married,1,Rural,4054.37,366,20,Cash,No,No
7830,24,Male,Diploma,Student,5000.0,Single,0,Suburban,2152.75,374,0,Credit Card,No,Yes
7831,35,Female,Diploma,Self-Employed,56717.4,Married,0,Urban,27235.06,508,12,Mobile Money,No,No
7832,46,Male,Diploma,Employed,39868.6,Single,0,Urban,13078.78,463,20,Credit Card,Yes,No
7833,45,Male,PhD,Student,19616.69,Married,1,Urban,17512.42,399,26,Debit Card,Yes,No
7834,34,Male,Bachelor,Employed,62314.71,Married,0,Urban,17831.28,532,12,Credit Card,Yes,No
7835,40,Male,High School,Employed,36701.94,Single,0,Suburban,7843.68,457,13,Cash,No,No
7836,28,Male,PhD,Employed,85399.35,Married,1,Rural,41512.32,522,2,Debit Card,Yes,No
7837,46,Male,Bachelor,Unemployed,21335.74,Single,0,Urban,1036.95,464,23,Debit Card,No,No
7838,37,Female,High School,Student,10753.43,Married,2,Urban,3856.48,455,14,Mobile Money,Yes,No
7839,34,Female,High School,Employed,32527.85,Married,1,Urban,5815.03,439,10,Credit Card,No,No
7840,33,Male,Diploma,Employed,48488.97,Married,1,Urban,23657.55,480,9,Credit Card,Yes,No
7841,37,Male,Bachelor,Unemployed,22896.26,Single,0,Urban,9483.73,447,15,Debit Card,Yes,No
7842,32,Male,Bachelor,Employed,60818.96,Married,2,Rural,14011.21,455,7,Debit Card,Yes,No
7843,45,Male,Diploma,Self-Employed,58922.25,Married,4,Suburban,13767.25,444,22,Mobile Money,Yes,No
7844,33,Female,Diploma,Employed,40229.28,Married,2,Urban,16848.56,458,12,Debit Card,Yes,No
7845,57,Female,High School,Employed,30462.15,Married,3,Urban,15817.12,488,39,Cash,No,No
7846,55,Female,High School,Employed,36553.63,Married,4,Urban,11291.67,486,37,Credit Card,Yes,No
7847,27,Female,Bachelor,Employed,53572.37,Single,0,Rural,9707.18,478,4,Credit Card,No,No
7848,38,Male,Diploma,Self-Employed,51852.86,Single,0,Suburban,15860.19,502,16,Credit Card,Yes,No
7849,30,Male,Bachelor,Student,6519.14,Single,0,Urban,2812.39,361,10,Mobile Money,Yes,No
7850,34,Female,Master,Employed,51764.03,Married,0,Urban,6865.98,474,11,Credit Card,No,No
7851,62,Female,High School,Unemployed,13782.99,Married,1,Urban,6196.31,410,37,Credit Card,Yes,No
7852,34,Female,High School,Self-Employed,23610.56,Married,1,Urban,6739.9,444,12,Debit Card,Yes,No
7853,42,Male,High School,Employed,24407.07,Married,3,Urban,9050.16,453,21,Credit Card,No,No
7854,44,Female,Diploma,Employed,46560.09,Married,1,Urban,18579.05,451,19,Debit Card,No,No
7855,25,Male,Bachelor,Self-Employed,72654.1,Married,0,Suburban,17686.59,480,4,Mobile Money,No,No
7856,27,Female,Bachelor,Employed,64402.18,Married,0,Urban,17819.79,481,2,Debit Card,No,No
7857,23,Female,Diploma,Employed,23842.22,Single,0,Suburban,5742.64,397,0,Cash,No,No
7858,27,Male,Diploma,Student,10368.11,Single,0,Suburban,5326.4,353,0,Credit Card,Yes,No
7859,18,Female,Diploma,Self-Employed,45938.52,Single,0,Urban,19146.26,437,0,Debit Card,Yes,No
7860,44,Female,Diploma,Employed,47905.73,Married,1,Rural,22223.07,518,26,Credit Card,No,No
7861,62,Female,Bachelor,Employed,66810.88,Married,2,Urban,22956.6,524,43,Debit Card,No,No
7862,39,Female,High School,Employed,19528.68,Married,1,Suburban,10691.55,356,15,Credit Card,No,No
7863,21,Male,Bachelor,Employed,55127.06,Single,0,Urban,19399.18,478,2,Credit Card,Yes,Yes
7864,30,Female,Bachelor,Employed,61661.06,Married,0,Rural,27417.4,476,3,Credit Card,No,Yes
7865,32,Male,Diploma,Employed,37296.01,Married,0,Suburban,16416.53,427,12,Debit Card,Yes,No
7866,25,Male,Bachelor,Employed,68965.56,Single,0,Suburban,32665.51,456,1,Debit Card,No,No
7867,48,Male,PhD,Self-Employed,104788.24,Married,4,Urban,41275.56,629,28,Credit Card,No,No
7868,47,Female,High School,Employed,27598.39,Married,0,Urban,8885.46,398,21,Credit Card,Yes,No
7869,24,Male,High School,Employed,21413.54,Single,0,Urban,8388.73,396,0,Debit Card,Yes,Yes
7870,46,Male,Diploma,Employed,41231.37,Married,2,Suburban,17373.51,532,22,Cash,No,Yes
7871,56,Male,Bachelor,Employed,30854.41,Married,1,Urban,7111.14,488,34,Mobile Money,Yes,No
7872,60,Female,High School,Employed,28017.89,Married,5,Rural,12391.9,511,41,Debit Card,Yes,No
7873,70,Female,Master,Employed,80151.76,Married,3,Urban,38066.01,628,48,Debit Card,Yes,No
7874,27,Male,Bachelor,Employed,43825.87,Single,0,Urban,19743.03,460,5,Cash,No,No
7875,70,Female,Master,Employed,57053.58,Married,4,Urban,23176.81,519,51,Cash,No,Yes
7876,33,Male,Diploma,Unemployed,20929.79,Married,1,Urban,6113.74,441,7,Credit Card,No,No
7877,30,Female,Master,Employed,80013.62,Married,0,Urban,24855.11,460,8,Mobile Money,Yes,No
7878,41,Female,Diploma,Employed,29154.5,Married,2,Rural,6957.85,442,15,Debit Card,No,No
7879,31,Female,Diploma,Employed,53861.97,Single,0,Urban,19326.67,437,6,Debit Card,Yes,No
7880,42,Male,Master,Student,17459.61,Married,2,Urban,10686.74,407,16,Debit Card,No,Yes
7881,22,Female,High School,Student,14389.95,Single,0,Urban,7044.46,323,0,Mobile Money,Yes,No
7882,35,Female,Master,Employed,63665.04,Married,0,Urban,24216.58,497,10,Credit Card,No,No
7883,53,Female,Diploma,Employed,51912.47,Married,4,Urban,19623.94,483,33,Debit Card,No,No
7884,37,Male,PhD,Employed,87855.87,Single,0,Urban,17478.19,549,17,Debit Card,Yes,No
7885,39,Male,Bachelor,Employed,52503.72,Married,0,Urban,22002.88,467,12,Mobile Money,Yes,No
7886,43,Female,Bachelor,Employed,58859.02,Married,5,Suburban,13779.4,506,17,Cash,Yes,No
7887,52,Male,High School,Employed,26863.8,Married,2,Rural,8712.86,405,34,Credit Card,No,No
7888,18,Female,Diploma,Employed,27834.35,Single,0,Rural,6253.66,333,0,Cash,Yes,No
7889,45,Male,Bachelor,Employed,56054.14,Married,1,Suburban,16371.38,515,25,Credit Card,Yes,No
7890,34,Female,Bachelor,Employed,52454.06,Single,0,Urban,20513.99,449,12,Debit Card,Yes,No
7891,39,Male,High School,Student,5000.0,Single,0,Suburban,1941.1,382,17,Credit Card,No,No
7892,50,Male,Diploma,Employed,49924.22,Married,3,Suburban,25910.49,531,27,Debit Card,Yes,No
7893,23,Male,Diploma,Self-Employed,67138.61,Single,0,Urban,25005.99,441,0,Credit Card,Yes,No
7894,25,Male,High School,Employed,22647.0,Married,0,Suburban,10211.89,402,7,Credit Card,No,Yes
7895,18,Female,Diploma,Employed,41579.53,Single,0,Rural,15956.54,460,0,Credit Card,No,No
7896,31,Female,Master,Unemployed,17812.48,Married,0,Urban,11548.22,445,9,Credit Card,No,No
7897,53,Female,Diploma,Employed,58307.2,Married,4,Urban,25732.55,493,28,Mobile Money,Yes,No
7898,36,Female,Diploma,Employed,43933.88,Married,0,Suburban,12188.87,466,17,Mobile Money,Yes,No
7899,21,Female,PhD,Employed,97415.65,Married,1,Suburban,21272.79,548,0,Credit Card,Yes,Yes
7900,32,Male,High School,Employed,39454.66,Married,0,Suburban,12687.04,417,10,Credit Card,No,No
7901,20,Male,Bachelor,Employed,56041.23,Single,0,Suburban,17695.17,457,1,Credit Card,No,Yes
7902,24,Male,Bachelor,Employed,53508.93,Single,0,Urban,18895.24,433,0,Credit Card,No,No
7903,42,Female,Bachelor,Employed,67151.46,Married,0,Suburban,13400.76,463,24,Debit Card,No,No
7904,23,Male,Bachelor,Employed,61223.11,Single,0,Urban,20758.26,465,0,Credit Card,Yes,No
7905,51,Male,Bachelor,Employed,48232.8,Married,5,Urban,20953.49,515,24,Mobile Money,Yes,No
7906,37,Female,High School,Employed,24206.31,Married,2,Urban,12010.62,410,17,Mobile Money,Yes,No
7907,39,Female,Bachelor,Self-Employed,62882.77,Single,0,Rural,26048.25,561,19,Debit Card,Yes,No
7908,34,Female,Bachelor,Employed,64273.75,Married,0,Suburban,13793.65,466,12,Debit Card,No,No
7909,47,Female,High School,Self-Employed,47787.58,Married,1,Urban,17683.63,502,21,Debit Card,Yes,No
7910,47,Female,High School,Student,23213.83,Married,4,Urban,6665.37,383,27,Debit Card,No,No
7911,42,Female,Master,Employed,64330.37,Married,2,Rural,15371.7,494,21,Credit Card,Yes,No
7912,44,Female,Bachelor,Employed,56121.65,Married,2,Suburban,19661.05,533,19,Credit Card,Yes,No
7913,35,Female,Diploma,Employed,36798.39,Married,2,Urban,9810.1,408,12,Credit Card,Yes,No
7914,44,Male,Master,Employed,68541.23,Single,0,Urban,17956.81,461,21,Debit Card,Yes,No
7915,33,Male,Bachelor,Self-Employed,73439.03,Single,0,Urban,32521.32,464,9,Credit Card,Yes,No
7916,38,Male,PhD,Employed,89632.97,Single,0,Rural,19824.37,579,14,Debit Card,Yes,No
7917,34,Male,Master,Employed,80526.86,Single,0,Urban,42775.21,584,11,Debit Card,Yes,No
7918,32,Female,Diploma,Employed,35869.61,Married,3,Urban,14966.37,373,6,Mobile Money,Yes,No
7919,29,Male,Bachelor,Self-Employed,71931.33,Single,0,Urban,18660.55,525,9,Mobile Money,No,No
7920,43,Male,Bachelor,Employed,51457.95,Married,1,Urban,19559.69,471,16,Credit Card,No,No
7921,53,Female,Master,Unemployed,6302.21,Married,2,Rural,1000.0,443,30,Credit Card,No,No
7922,52,Female,Bachelor,Self-Employed,57828.25,Single,0,Suburban,25429.11,502,33,Debit Card,No,No
7923,22,Female,High School,Employed,30993.04,Single,0,Urban,12598.52,436,0,Mobile Money,Yes,Yes
7924,53,Female,High School,Employed,45371.98,Married,2,Urban,19719.51,489,27,Cash,Yes,No
7925,34,Female,Diploma,Employed,36323.3,Married,3,Urban,19025.96,396,13,Credit Card,Yes,No
7926,45,Female,Master,Employed,68646.49,Married,5,Suburban,32944.88,501,19,Mobile Money,Yes,No
7927,27,Male,Master,Unemployed,24917.36,Single,0,Urban,11178.83,380,3,Credit Card,Yes,No
7928,39,Male,Diploma,Employed,35204.63,Married,4,Urban,11782.41,417,14,Cash,Yes,No
7929,41,Male,Bachelor,Employed,51129.93,Single,0,Suburban,17494.93,503,21,Debit Card,Yes,No
7930,20,Female,Master,Employed,70576.92,Single,0,Rural,19714.57,458,0,Debit Card,Yes,No
7931,45,Female,Diploma,Employed,36507.47,Married,2,Suburban,20163.13,461,24,Credit Card,Yes,No
7932,54,Female,High School,Employed,15736.06,Married,4,Suburban,3077.29,446,31,Debit Card,No,No
7933,35,Female,Diploma,Employed,34798.64,Single,0,Rural,10175.33,474,15,Credit Card,No,No
7934,54,Male,Master,Employed,74919.36,Married,3,Urban,32375.26,515,34,Credit Card,No,No
7935,35,Female,Bachelor,Employed,60168.02,Married,0,Suburban,27212.22,472,17,Cash,Yes,No
7936,48,Female,Diploma,Employed,50689.87,Married,3,Rural,14182.81,494,21,Credit Card,Yes,No
7937,18,Male,High School,Employed,40044.29,Single,0,Suburban,19364.39,449,0,Debit Card,No,Yes
7938,67,Female,Bachelor,Employed,47798.5,Married,3,Suburban,29675.33,512,45,Debit Card,No,No
7939,55,Male,Master,Employed,64036.67,Married,1,Suburban,33001.61,534,34,Debit Card,Yes,No
7940,34,Male,Bachelor,Employed,49389.75,Single,0,Suburban,9222.45,461,13,Mobile Money,No,No
7941,18,Female,Diploma,Employed,38783.51,Single,0,Suburban,16683.56,405,0,Credit Card,No,No
7942,41,Female,High School,Employed,25013.84,Married,1,Urban,7876.32,491,14,Credit Card,No,No
7943,20,Male,Master,Employed,68603.78,Single,0,Suburban,15685.94,517,0,Debit Card,Yes,No
7944,43,Female,Diploma,Employed,33022.42,Married,0,Urban,8237.17,474,19,Debit Card,No,No
7945,42,Female,High School,Employed,36275.24,Married,2,Urban,9073.09,489,15,Mobile Money,No,No
7946,26,Female,Master,Employed,62415.49,Married,0,Suburban,28486.93,482,4,Credit Card,Yes,No
7947,51,Male,PhD,Employed,82019.42,Married,0,Urban,22068.41,540,28,Debit Card,No,No
7948,47,Male,Bachelor,Employed,59161.83,Married,0,Suburban,22121.57,532,29,Cash,No,No
7949,49,Male,Bachelor,Employed,60778.4,Married,1,Urban,19156.44,466,26,Credit Card,Yes,No
7950,38,Female,Diploma,Self-Employed,46199.02,Married,0,Rural,9573.47,509,20,Cash,No,No
7951,21,Male,High School,Employed,36951.91,Married,2,Urban,17124.24,390,0,Credit Card,Yes,No
7952,49,Male,High School,Employed,36374.3,Married,1,Urban,13952.63,431,23,Credit Card,No,No
7953,34,Female,Bachelor,Employed,70193.11,Married,0,Urban,28777.56,483,11,Credit Card,Yes,No
7954,21,Female,High School,Employed,35863.41,Single,0,Suburban,8880.83,434,0,Cash,No,No
7955,54,Female,Master,Employed,83657.62,Single,0,Urban,22687.56,614,35,Cash,Yes,No
7956,63,Female,High School,Employed,30495.43,Married,5,Suburban,12684.98,530,40,Cash,No,No
7957,37,Male,Bachelor,Employed,66197.01,Married,0,Suburban,34848.93,507,12,Mobile Money,No,No
7958,63,Male,Bachelor,Unemployed,27866.13,Married,5,Urban,5415.49,429,42,Credit Card,No,No
7959,39,Female,Bachelor,Employed,53859.09,Married,1,Urban,21275.22,494,17,Debit Card,Yes,No
7960,33,Female,Diploma,Student,5000.0,Single,0,Urban,1000.0,387,11,Debit Card,Yes,No
7961,30,Female,Master,Unemployed,16898.59,Married,0,Suburban,6708.02,446,3,Mobile Money,No,No
7962,57,Female,Diploma,Unemployed,15320.99,Married,5,Rural,6195.45,471,38,Credit Card,Yes,No
7963,28,Female,Bachelor,Unemployed,7302.34,Married,1,Rural,3384.68,328,4,Credit Card,Yes,Yes
7964,46,Female,Bachelor,Employed,51370.15,Married,1,Urban,7953.25,449,19,Cash,No,No
7965,31,Female,High School,Employed,39577.84,Married,1,Urban,18437.45,470,9,Debit Card,Yes,No
7966,32,Female,Bachelor,Employed,60334.67,Married,0,Suburban,7952.9,444,14,Debit Card,Yes,No
7967,50,Male,Bachelor,Employed,36178.89,Married,4,Suburban,5462.12,520,30,Cash,No,No
7968,33,Male,Master,Employed,59338.82,Single,0,Urban,18066.94,512,7,Credit Card,Yes,No
7969,33,Female,Master,Unemployed,38271.09,Single,0,Rural,6483.73,424,6,Debit Card,Yes,Yes
7970,51,Male,High School,Employed,39436.54,Married,0,Urban,17604.44,479,28,Debit Card,No,No
7971,57,Female,High School,Employed,25336.58,Married,3,Urban,1049.57,419,39,Credit Card,No,No
7972,45,Male,Diploma,Self-Employed,36092.54,Single,0,Suburban,23317.65,458,20,Mobile Money,No,No
7973,30,Male,PhD,Employed,80003.94,Single,0,Urban,36087.36,498,4,Credit Card,Yes,No
7974,31,Male,High School,Employed,34073.29,Married,1,Urban,19029.88,432,8,Credit Card,Yes,No
7975,38,Male,Bachelor,Employed,70815.43,Single,0,Urban,34705.37,500,16,Debit Card,Yes,Yes
7976,41,Male,Bachelor,Unemployed,31806.06,Married,0,Urban,13759.38,454,18,Debit Card,No,No
7977,26,Male,Bachelor,Employed,42394.52,Single,0,Urban,14809.95,467,4,Credit Card,Yes,No
7978,46,Female,High School,Self-Employed,33633.83,Married,1,Suburban,16852.89,418,27,Credit Card,Yes,No
7979,39,Male,High School,Employed,23143.62,Single,0,Suburban,6670.64,391,14,Debit Card,No,No
7980,18,Male,Diploma,Student,9095.6,Single,0,Suburban,3541.96,400,0,Credit Card,No,No
7981,26,Male,High School,Employed,19351.51,Married,1,Urban,4531.07,424,5,Cash,Yes,Yes
7982,31,Female,High School,Self-Employed,31633.45,Married,1,Urban,18859.95,373,7,Credit Card,Yes,No
7983,37,Female,High School,Student,5000.0,Single,0,Urban,2418.22,359,15,Mobile Money,No,No
7984,60,Female,Bachelor,Employed,59188.84,Married,3,Rural,13727.27,627,36,Cash,No,No
7985,40,Male,Diploma,Employed,35881.13,Married,0,Suburban,11384.32,485,18,Mobile Money,No,No
7986,27,Male,Diploma,Employed,37030.58,Married,0,Urban,15194.47,416,6,Debit Card,Yes,No
7987,40,Female,Diploma,Employed,44087.35,Single,0,Urban,15572.31,468,13,Debit Card,No,No
7988,33,Female,High School,Unemployed,22140.17,Married,0,Rural,7990.83,376,7,Credit Card,Yes,No
7989,41,Male,Diploma,Employed,56926.2,Single,0,Urban,14733.47,525,15,Debit Card,Yes,No
7990,44,Male,High School,Student,9648.1,Married,1,Rural,5532.08,412,17,Credit Card,Yes,No
7991,52,Male,Bachelor,Self-Employed,65291.41,Married,5,Rural,27153.65,505,28,Debit Card,No,No
7992,37,Male,High School,Employed,40529.98,Married,0,Urban,5609.97,426,10,Credit Card,No,No
7993,57,Female,Master,Employed,79337.32,Married,2,Suburban,29984.23,554,38,Debit Card,Yes,No
7994,48,Female,High School,Employed,37054.49,Married,2,Suburban,12236.97,495,30,Credit Card,Yes,No
7995,29,Male,Master,Employed,57365.28,Married,1,Suburban,21512.63,473,7,Credit Card,Yes,Yes
7996,64,Male,Master,Employed,79665.4,Single,0,Urban,30819.03,567,44,Mobile Money,Yes,No
7997,41,Female,Bachelor,Employed,57865.61,Married,1,Suburban,22095.31,479,17,Credit Card,Yes,No
7998,27,Female,Master,Student,6850.38,Married,0,Urban,1000.0,381,8,Cash,No,Yes
7999,57,Female,High School,Employed,24624.99,Married,4,Urban,3416.46,442,31,Cash,No,No
8000,62,Male,High School,Employed,34656.26,Married,5,Suburban,7566.08,530,38,Credit Card,Yes,No
8001,37,Female,Diploma,Employed,19906.89,Married,0,Urban,4455.46,382,10,Cash,Yes,No
8002,31,Male,High School,Self-Employed,34996.21,Married,0,Urban,14747.21,412,11,Debit Card,Yes,No
8003,35,Male,Diploma,Employed,34759.5,Single,0,Rural,11221.77,430,9,Cash,Yes,No
8004,46,Male,Bachelor,Employed,48944.47,Married,3,Urban,19008.8,506,26,Debit Card,Yes,No
8005,53,Female,High School,Student,5000.0,Single,0,Rural,3764.83,443,29,Credit Card,Yes,No
8006,44,Male,Diploma,Unemployed,5000.0,Married,1,Urban,2031.68,366,18,Credit Card,No,Yes
8007,39,Female,High School,Self-Employed,44419.84,Married,1,Urban,8040.85,470,17,Credit Card,Yes,No
8008,55,Male,Bachelor,Student,5000.0,Married,2,Urban,4902.39,437,36,Credit Card,Yes,No
8009,34,Male,PhD,Employed,91354.3,Married,1,Urban,27714.58,555,13,Credit Card,Yes,No
8010,50,Male,Bachelor,Unemployed,9719.54,Married,4,Suburban,1465.01,433,30,Credit Card,No,No
8011,34,Male,Diploma,Employed,55868.63,Married,2,Rural,24645.97,498,16,Cash,No,No
8012,43,Male,Diploma,Employed,40181.49,Single,0,Suburban,11818.22,443,22,Debit Card,No,Yes
8013,36,Male,Bachelor,Student,5000.0,Married,2,Urban,1000.0,350,18,Mobile Money,Yes,No
8014,37,Male,High School,Employed,34374.57,Married,2,Urban,15708.21,409,19,Mobile Money,Yes,No
8015,33,Male,PhD,Employed,81259.39,Single,0,Urban,22815.17,510,12,Debit Card,No,No
8016,54,Female,Diploma,Employed,47879.11,Married,3,Suburban,18156.05,527,30,Debit Card,No,No
8017,29,Male,Diploma,Employed,44941.78,Married,1,Urban,8935.21,460,7,Credit Card,Yes,No
8018,29,Female,PhD,Employed,101780.76,Single,0,Urban,24116.36,529,4,Mobile Money,Yes,No
8019,63,Female,Master,Self-Employed,85496.25,Married,5,Suburban,33391.54,548,39,Mobile Money,Yes,No
8020,49,Male,Bachelor,Student,17553.19,Single,0,Urban,7732.89,404,25,Credit Card,No,No
8021,18,Female,High School,Employed,30342.03,Single,0,Urban,3186.21,399,0,Credit Card,Yes,Yes
8022,31,Female,Bachelor,Self-Employed,61282.77,Married,0,Urban,26183.07,451,10,Credit Card,Yes,No
8023,18,Male,Diploma,Employed,48526.04,Single,0,Urban,9939.96,486,0,Credit Card,Yes,No
8024,26,Female,Diploma,Employed,30156.13,Single,0,Urban,11475.33,432,6,Debit Card,Yes,No
8025,18,Female,High School,Self-Employed,35709.54,Married,0,Suburban,13289.88,395,0,Mobile Money,No,No
8026,36,Female,Bachelor,Unemployed,11951.48,Married,0,Suburban,5251.96,436,17,Credit Card,Yes,No
8027,24,Female,Bachelor,Employed,61736.75,Single,0,Urban,21525.21,449,0,Credit Card,No,No
8028,38,Male,Diploma,Employed,32426.55,Married,0,Suburban,9297.48,442,18,Cash,No,No
8029,18,Male,Master,Employed,66729.34,Single,0,Urban,17279.08,438,0,Credit Card,Yes,No
8030,38,Female,High School,Student,6351.31,Married,0,Rural,1364.94,381,15,Debit Card,No,No
8031,33,Female,High School,Employed,41901.78,Married,0,Urban,11394.26,447,10,Credit Card,Yes,No
8032,56,Female,Bachelor,Employed,50739.87,Single,0,Suburban,23405.01,504,36,Credit Card,Yes,No
8033,54,Female,Master,Unemployed,17792.86,Married,5,Urban,9607.65,406,30,Mobile Money,No,No
8034,47,Male,PhD,Employed,79214.39,Married,2,Urban,32037.65,538,21,Credit Card,Yes,No
8035,34,Male,Bachelor,Student,5000.0,Married,1,Suburban,3266.89,353,10,Debit Card,Yes,No
8036,61,Female,High School,Student,9303.85,Married,5,Urban,1000.0,438,42,Mobile Money,No,No
8037,19,Female,PhD,Employed,90256.55,Single,0,Suburban,35448.15,517,0,Debit Card,Yes,No
8038,21,Female,Master,Employed,70384.83,Single,0,Urban,26650.61,482,2,Debit Card,No,No
8039,36,Female,High School,Employed,43929.72,Married,0,Urban,17658.14,430,11,Debit Card,No,Yes
8040,65,Male,Bachelor,Student,5000.0,Married,5,Urban,3444.73,466,42,Debit Card,No,No
8041,35,Female,Bachelor,Employed,73542.57,Married,2,Rural,37407.88,546,13,Credit Card,No,No
8042,35,Female,Diploma,Self-Employed,57426.2,Married,3,Rural,23329.46,528,8,Credit Card,No,No
8043,20,Female,PhD,Employed,87393.66,Single,0,Urban,34482.73,494,1,Cash,No,No
8044,49,Male,High School,Employed,33129.86,Single,0,Urban,13855.98,483,30,Debit Card,No,No
8045,49,Male,Bachelor,Employed,49537.24,Married,2,Rural,20652.42,452,26,Cash,Yes,No
8046,47,Female,High School,Employed,32553.87,Married,3,Suburban,5503.32,456,25,Debit Card,Yes,No
8047,30,Male,Bachelor,Employed,72198.75,Single,0,Suburban,31263.92,514,11,Debit Card,No,No
8048,29,Female,Bachelor,Employed,49829.69,Married,0,Suburban,26246.89,484,11,Credit Card,Yes,No
8049,22,Male,High School,Employed,28143.96,Single,0,Rural,15455.83,393,2,Debit Card,Yes,No
8050,39,Male,Diploma,Employed,33945.87,Married,1,Urban,14661.87,424,13,Mobile Money,Yes,No
8051,25,Female,PhD,Employed,85231.09,Married,3,Rural,39059.92,505,0,Cash,No,No
8052,23,Male,Bachelor,Employed,51778.45,Single,0,Suburban,15298.38,481,0,Credit Card,Yes,No
8053,32,Female,Bachelor,Employed,46240.92,Married,0,Suburban,14999.86,410,9,Debit Card,Yes,No
8054,32,Male,High School,Employed,27891.1,Single,0,Rural,3692.74,378,11,Credit Card,No,No
8055,31,Female,Diploma,Self-Employed,48433.86,Married,1,Urban,27148.91,421,6,Credit Card,Yes,No
8056,43,Male,Bachelor,Employed,51774.8,Single,0,Suburban,21420.95,528,24,Mobile Money,Yes,No
8057,38,Male,Master,Student,5000.0,Single,0,Suburban,1000.0,365,14,Credit Card,Yes,No
8058,34,Female,High School,Employed,28765.46,Single,0,Rural,12107.87,399,12,Debit Card,Yes,No
8059,40,Female,Bachelor,Unemployed,16121.83,Married,2,Urban,6159.1,407,14,Debit Card,Yes,No
8060,26,Male,High School,Employed,45180.33,Married,1,Urban,20788.15,445,5,Debit Card,Yes,No
8061,39,Female,High School,Employed,30214.55,Married,1,Urban,10455.4,379,19,Credit Card,No,No
8062,39,Female,Bachelor,Employed,62484.69,Single,0,Rural,22507.62,463,12,Credit Card,No,No
8063,19,Female,High School,Employed,26594.4,Single,0,Suburban,14564.7,370,0,Debit Card,No,Yes
8064,49,Female,High School,Employed,40385.39,Single,0,Urban,11260.78,481,23,Cash,No,No
8065,27,Male,Bachelor,Self-Employed,58443.65,Married,2,Suburban,13518.83,439,3,Cash,No,No
8066,39,Male,Diploma,Employed,44039.91,Single,0,Urban,6596.92,468,20,Debit Card,Yes,No
8067,51,Male,Bachelor,Employed,61722.92,Single,0,Suburban,32273.75,540,25,Mobile Money,No,No
8068,49,Female,Bachelor,Self-Employed,71548.85,Married,2,Urban,21809.65,470,27,Credit Card,Yes,No
8069,38,Male,Bachelor,Employed,72313.2,Married,1,Urban,13697.92,496,15,Credit Card,Yes,No
8070,33,Male,Diploma,Employed,35325.08,Single,0,Suburban,14908.89,427,7,Credit Card,Yes,No
8071,49,Male,Diploma,Employed,51310.27,Married,2,Urban,22127.58,487,25,Credit Card,No,No
8072,46,Male,Bachelor,Employed,64245.16,Married,0,Urban,19726.46,502,20,Debit Card,No,No
8073,30,Female,High School,Employed,30395.73,Married,1,Rural,7187.54,442,10,Debit Card,Yes,No
8074,28,Female,Master,Employed,84714.09,Single,0,Rural,26465.8,536,2,Credit Card,No,No
8075,18,Female,Bachelor,Employed,53827.53,Married,0,Rural,19999.41,451,0,Cash,No,No
8076,39,Female,High School,Employed,30178.53,Single,0,Rural,13782.83,411,16,Debit Card,No,No
8077,37,Female,Bachelor,Employed,54956.13,Married,1,Rural,20529.98,505,13,Debit Card,Yes,No
8078,51,Female,Master,Student,5000.0,Single,0,Rural,1000.0,457,30,Credit Card,No,No
8079,42,Male,High School,Student,12092.11,Married,1,Suburban,4515.48,367,15,Debit Card,Yes,Yes
8080,54,Male,High School,Employed,34843.19,Married,1,Urban,9558.37,443,29,Mobile Money,Yes,No
8081,29,Male,Master,Employed,69162.57,Married,0,Urban,30701.68,506,4,Cash,Yes,No
8082,51,Male,High School,Employed,44100.28,Single,0,Urban,3366.8,469,30,Credit Card,Yes,No
8083,31,Female,High School,Employed,26502.24,Single,0,Suburban,5241.33,421,6,Credit Card,Yes,No
8084,47,Female,Diploma,Employed,26161.62,Married,2,Urban,11116.62,463,28,Mobile Money,No,No
8085,20,Male,Diploma,Employed,55217.65,Married,1,Urban,19525.86,452,2,Credit Card,Yes,Yes
8086,40,Female,Bachelor,Employed,63088.87,Married,3,Rural,28209.2,473,14,Debit Card,Yes,No
8087,18,Female,Bachelor,Unemployed,21508.33,Single,0,Suburban,9521.97,435,0,Credit Card,No,No
8088,34,Male,Master,Unemployed,18284.44,Married,0,Urban,10140.0,384,9,Credit Card,Yes,No
8089,43,Female,Bachelor,Student,13736.73,Married,1,Urban,3856.68,452,19,Cash,No,No
8090,31,Female,PhD,Employed,79916.97,Single,0,Rural,39210.53,516,10,Cash,No,No
8091,25,Female,Diploma,Unemployed,10198.86,Single,0,Suburban,5427.58,415,1,Debit Card,Yes,Yes
8092,48,Female,High School,Employed,22770.42,Single,0,Suburban,9113.43,426,25,Credit Card,Yes,No
8093,36,Male,PhD,Employed,92095.05,Married,2,Suburban,32810.3,579,15,Mobile Money,Yes,No
8094,32,Male,High School,Unemployed,16387.75,Married,0,Urban,7621.09,426,11,Mobile Money,Yes,No
8095,38,Male,Bachelor,Student,5000.0,Married,0,Suburban,4021.64,371,16,Credit Card,No,No
8096,69,Female,High School,Self-Employed,41799.3,Married,1,Urban,19658.89,545,47,Mobile Money,No,No
8097,51,Male,Bachelor,Employed,56597.99,Married,1,Urban,17536.46,506,24,Credit Card,No,No
8098,51,Male,Master,Employed,75470.82,Married,3,Suburban,20350.82,558,25,Credit Card,No,No
8099,43,Female,Diploma,Self-Employed,46062.2,Married,1,Urban,12206.85,442,16,Debit Card,Yes,No
8100,39,Female,High School,Unemployed,14632.12,Married,4,Urban,6345.98,383,17,Credit Card,Yes,No
8101,18,Female,High School,Self-Employed,30433.55,Single,0,Suburban,8659.86,422,0,Credit Card,Yes,No
8102,29,Male,Diploma,Employed,26541.98,Married,1,Suburban,10638.26,418,4,Debit Card,Yes,No
8103,32,Male,High School,Employed,18368.54,Single,0,Urban,4765.12,427,5,Debit Card,Yes,No
8104,18,Male,Bachelor,Employed,50977.87,Single,0,Suburban,17081.72,440,0,Credit Card,Yes,No
8105,24,Female,Diploma,Student,5000.0,Single,0,Rural,4325.28,364,2,Credit Card,No,Yes
8106,18,Male,Diploma,Employed,52402.98,Married,1,Urban,16338.21,458,0,Credit Card,Yes,No
8107,37,Female,Diploma,Employed,39337.35,Married,0,Urban,14212.11,406,11,Mobile Money,Yes,No
8108,47,Female,Bachelor,Unemployed,23854.18,Married,1,Suburban,6430.39,441,29,Debit Card,No,No
8109,51,Male,High School,Employed,36296.55,Married,3,Suburban,8708.09,475,28,Mobile Money,Yes,No
8110,42,Male,Bachelor,Unemployed,16551.34,Married,0,Urban,7854.53,418,17,Cash,Yes,No
8111,26,Female,Master,Unemployed,49292.25,Married,0,Suburban,16678.11,487,7,Credit Card,No,Yes
8112,18,Female,Diploma,Employed,63421.16,Single,0,Suburban,27354.56,426,0,Mobile Money,Yes,Yes
8113,18,Female,High School,Employed,41135.14,Single,0,Suburban,16432.07,392,0,Credit Card,No,No
8114,22,Male,Bachelor,Self-Employed,58758.49,Married,0,Suburban,24672.29,468,2,Debit Card,No,No
8115,27,Male,High School,Employed,41463.73,Married,2,Urban,9266.07,438,8,Cash,Yes,No
8116,36,Female,High School,Employed,16011.74,Married,1,Urban,2464.39,442,11,Debit Card,Yes,No
8117,25,Female,Bachelor,Employed,66173.97,Married,0,Urban,32596.39,488,2,Credit Card,No,No
8118,42,Male,High School,Employed,9551.03,Married,3,Suburban,3983.04,441,17,Debit Card,No,No
8119,35,Female,High School,Employed,27448.35,Married,1,Suburban,14585.04,422,8,Mobile Money,Yes,No
8120,38,Female,PhD,Employed,99672.99,Married,3,Suburban,25159.46,539,12,Debit Card,No,No
8121,51,Male,Diploma,Employed,43081.6,Married,5,Rural,17963.01,478,30,Mobile Money,No,No
8122,23,Female,Master,Employed,58171.4,Married,0,Suburban,10870.36,475,0,Credit Card,No,No
8123,43,Male,High School,Employed,31362.39,Married,2,Urban,17908.93,442,20,Credit Card,No,No
8124,37,Female,Master,Employed,73084.99,Married,0,Urban,20486.73,490,12,Credit Card,Yes,No
8125,33,Female,Bachelor,Self-Employed,67638.28,Single,0,Urban,20379.85,519,7,Credit Card,Yes,No
8126,48,Male,High School,Employed,26741.76,Married,5,Urban,7590.73,476,24,Debit Card,No,No
8127,48,Female,Bachelor,Student,17840.65,Married,0,Urban,2238.93,446,24,Mobile Money,No,No
8128,26,Female,Master,Employed,79159.29,Married,0,Urban,27489.47,493,8,Debit Card,Yes,No
8129,35,Female,High School,Employed,28766.48,Married,1,Suburban,7349.64,401,16,Credit Card,No,No
8130,41,Male,Bachelor,Self-Employed,78157.24,Married,4,Urban,31636.22,557,14,Credit Card,No,No
8131,34,Female,Diploma,Employed,38749.91,Married,1,Urban,11402.04,424,12,Credit Card,Yes,No
8132,45,Female,Bachelor,Employed,51081.49,Married,0,Urban,16185.67,515,21,Mobile Money,No,No
8133,41,Female,Bachelor,Employed,65855.28,Single,0,Urban,23064.01,461,15,Cash,Yes,No
8134,59,Female,High School,Employed,40563.38,Single,0,Urban,15880.41,488,32,Credit Card,No,No
8135,19,Male,High School,Employed,25039.13,Single,0,Suburban,5416.07,332,0,Credit Card,No,No
8136,36,Male,Diploma,Employed,33877.99,Married,0,Urban,14081.35,426,10,Credit Card,Yes,Yes
8137,27,Female,Master,Employed,84115.08,Single,0,Urban,37407.17,555,9,Debit Card,Yes,Yes
8138,45,Male,Diploma,Unemployed,11178.7,Married,4,Suburban,5262.29,429,18,Mobile Money,Yes,No
8139,18,Female,Bachelor,Self-Employed,66026.29,Married,0,Rural,25294.33,466,0,Credit Card,No,Yes
8140,42,Female,High School,Employed,27982.02,Married,2,Suburban,6516.78,432,19,Credit Card,No,No
8141,30,Male,Bachelor,Unemployed,27072.89,Single,0,Suburban,6095.62,348,5,Credit Card,No,No
8142,29,Female,Bachelor,Employed,72153.37,Single,0,Suburban,31972.55,456,10,Credit Card,No,No
8143,20,Male,Bachelor,Employed,55559.89,Single,0,Urban,22318.03,458,0,Mobile Money,Yes,No
8144,32,Female,Master,Self-Employed,103341.78,Married,1,Suburban,47417.93,606,13,Credit Card,No,No
8145,51,Male,High School,Employed,25563.94,Single,0,Suburban,5067.84,460,33,Credit Card,Yes,No
8146,37,Male,Diploma,Employed,37737.58,Single,0,Urban,16035.5,454,14,Credit Card,Yes,No
8147,45,Male,PhD,Employed,95384.7,Married,3,Urban,23692.49,649,23,Credit Card,No,No
8148,57,Female,High School,Employed,23464.07,Married,1,Rural,9296.39,453,36,Debit Card,Yes,No
8149,41,Male,Bachelor,Employed,60281.7,Married,0,Rural,20778.15,447,22,Cash,Yes,No
8150,31,Male,Bachelor,Self-Employed,61852.04,Married,0,Suburban,20181.98,476,8,Credit Card,No,No
8151,43,Male,Bachelor,Employed,42647.0,Married,2,Urban,18617.27,451,24,Debit Card,Yes,No
8152,31,Male,High School,Employed,16059.98,Married,1,Suburban,11778.34,437,9,Mobile Money,No,No
8153,31,Female,High School,Employed,27409.68,Married,0,Suburban,8700.62,456,5,Credit Card,No,Yes
8154,19,Male,Bachelor,Unemployed,19840.89,Single,0,Suburban,5912.98,377,1,Cash,Yes,No
8155,49,Female,High School,Employed,19110.48,Married,0,Urban,3105.9,444,25,Credit Card,Yes,No
8156,33,Female,Bachelor,Employed,56428.73,Married,0,Rural,9202.22,497,14,Debit Card,No,No
8157,40,Female,Diploma,Self-Employed,49451.37,Married,0,Urban,10614.27,506,20,Mobile Money,No,Yes
8158,25,Male,Diploma,Employed,38658.86,Single,0,Urban,15187.53,433,7,Credit Card,No,No
8159,43,Female,Diploma,Employed,32590.02,Married,0,Urban,7080.3,460,18,Credit Card,Yes,No
8160,28,Male,Master,Employed,71921.9,Married,0,Urban,14797.3,505,1,Debit Card,No,No
8161,36,Female,Bachelor,Employed,53861.31,Married,0,Urban,22480.84,469,16,Cash,Yes,No
8162,48,Female,Bachelor,Employed,62853.95,Married,2,Rural,21644.04,544,28,Cash,Yes,No
8163,47,Female,Master,Employed,59657.55,Married,5,Suburban,20832.84,525,21,Credit Card,Yes,No
8164,37,Female,Bachelor,Employed,55911.72,Single,0,Urban,24591.61,463,15,Debit Card,Yes,No
8165,18,Female,PhD,Student,7825.26,Single,0,Suburban,1000.0,372,0,Cash,No,No
8166,70,Female,High School,Employed,28103.41,Married,5,Urban,15888.88,493,45,Mobile Money,No,No
8167,58,Male,Master,Employed,61239.36,Married,1,Suburban,23787.47,570,33,Mobile Money,No,No
8168,46,Male,Diploma,Unemployed,5000.0,Married,1,Suburban,3194.42,415,23,Debit Card,Yes,No
8169,28,Male,Master,Employed,69969.23,Single,0,Rural,37653.06,495,4,Credit Card,No,No
8170,36,Male,Master,Employed,65474.99,Single,0,Urban,31415.29,445,18,Mobile Money,No,No
8171,31,Female,Diploma,Employed,51733.56,Single,0,Suburban,19440.55,419,4,Mobile Money,No,Yes
8172,53,Female,Diploma,Employed,49433.32,Married,1,Urban,21096.45,593,32,Mobile Money,Yes,No
8173,41,Male,Bachelor,Employed,61438.02,Married,0,Rural,30007.23,506,18,Mobile Money,No,No
8174,28,Female,High School,Employed,36279.64,Single,0,Suburban,15238.72,447,3,Mobile Money,No,No
8175,32,Male,Bachelor,Unemployed,17542.11,Single,0,Urban,4426.36,412,8,Cash,Yes,No
8176,51,Female,High School,Employed,40438.37,Married,3,Urban,13531.92,547,24,Credit Card,Yes,No
8177,57,Female,Master,Employed,67647.66,Married,2,Suburban,25703.92,563,34,Credit Card,No,No
8178,56,Female,Diploma,Employed,56954.98,Married,3,Suburban,13722.19,534,34,Debit Card,No,No
8179,47,Female,Bachelor,Self-Employed,58462.47,Married,2,Urban,19110.67,541,25,Cash,Yes,No
8180,34,Male,High School,Employed,20969.4,Single,0,Urban,10323.9,411,12,Debit Card,No,No
8181,18,Female,Diploma,Self-Employed,36840.21,Single,0,Urban,14521.26,350,0,Credit Card,Yes,No
8182,41,Male,Diploma,Self-Employed,38233.07,Married,1,Rural,14210.11,431,18,Credit Card,Yes,No
8183,37,Male,Diploma,Employed,26965.15,Single,0,Rural,3510.83,471,15,Debit Card,Yes,No
8184,39,Female,High School,Employed,31712.77,Married,1,Suburban,13969.87,442,17,Cash,Yes,No
8185,38,Male,Master,Employed,76830.58,Single,0,Urban,39045.94,554,20,Cash,Yes,No
8186,22,Female,High School,Employed,30273.1,Single,0,Rural,7987.54,353,2,Cash,No,No
8187,44,Female,Bachelor,Employed,43917.67,Married,2,Urban,17376.3,506,26,Credit Card,Yes,No
8188,45,Male,Diploma,Unemployed,8242.56,Single,0,Rural,2008.2,436,25,Mobile Money,No,No
8189,46,Female,Bachelor,Self-Employed,72731.89,Married,4,Urban,25167.74,562,28,Credit Card,No,No
8190,49,Male,High School,Employed,27264.57,Married,2,Suburban,7726.5,478,26,Debit Card,Yes,No
8191,45,Female,Bachelor,Self-Employed,59612.95,Married,5,Urban,15628.16,455,22,Debit Card,Yes,No
8192,33,Female,Bachelor,Self-Employed,53889.73,Married,1,Urban,5780.98,502,10,Debit Card,Yes,No
8193,37,Male,High School,Employed,26618.05,Married,0,Urban,7971.51,345,13,Credit Card,Yes,No
8194,39,Male,High School,Employed,24379.5,Married,2,Urban,7443.58,414,12,Cash,Yes,No
8195,39,Male,High School,Employed,29309.01,Married,1,Urban,10057.84,418,21,Cash,No,No
8196,49,Female,High School,Employed,33811.04,Married,3,Suburban,10888.92,465,22,Credit Card,Yes,No
8197,45,Male,High School,Employed,27740.23,Single,0,Suburban,10443.75,394,18,Debit Card,No,No
8198,62,Male,High School,Student,7478.46,Married,1,Urban,1298.97,386,37,Credit Card,Yes,No
8199,64,Female,Bachelor,Employed,58776.04,Single,0,Urban,27589.24,558,43,Credit Card,Yes,Yes
8200,38,Female,Diploma,Unemployed,5000.0,Single,0,Urban,2665.51,395,12,Credit Card,No,No
8201,18,Female,Diploma,Employed,55088.33,Single,0,Suburban,15971.56,458,0,Credit Card,No,No
8202,52,Female,High School,Employed,24068.58,Married,5,Urban,6511.28,426,33,Debit Card,No,No
8203,31,Female,Bachelor,Unemployed,20632.45,Single,0,Urban,12374.65,398,6,Debit Card,No,No
8204,28,Female,Diploma,Employed,30912.13,Single,0,Urban,16041.27,400,10,Credit Card,Yes,No
8205,33,Male,Bachelor,Unemployed,17381.14,Single,0,Suburban,9823.04,366,12,Cash,Yes,No
8206,32,Female,Bachelor,Employed,56173.86,Single,0,Suburban,10698.1,461,8,Credit Card,Yes,No
8207,45,Male,Bachelor,Student,24272.79,Married,2,Urban,12248.09,426,24,Cash,Yes,No
8208,19,Male,Diploma,Employed,38139.05,Single,0,Suburban,11797.74,383,0,Credit Card,No,No
8209,25,Female,Bachelor,Employed,65395.76,Single,0,Rural,21892.0,511,5,Debit Card,No,Yes
8210,42,Male,Diploma,Self-Employed,50323.67,Married,2,Suburban,21086.23,512,20,Credit Card,Yes,No
8211,45,Female,Master,Self-Employed,98816.86,Married,0,Suburban,25004.3,629,25,Credit Card,No,No
8212,45,Male,Bachelor,Employed,40759.21,Single,0,Rural,6506.43,482,25,Debit Card,Yes,Yes
8213,28,Male,Diploma,Student,11857.35,Single,0,Urban,1000.0,408,5,Mobile Money,No,No
8214,26,Female,PhD,Self-Employed,86616.84,Married,2,Suburban,28818.69,544,3,Credit Card,Yes,No
8215,31,Female,Bachelor,Employed,54535.44,Single,0,Suburban,26267.44,472,12,Credit Card,No,No
8216,40,Female,Diploma,Employed,48167.94,Married,1,Rural,18543.03,487,18,Debit Card,No,No
8217,55,Female,High School,Employed,41564.94,Married,5,Urban,7586.19,511,31,Debit Card,Yes,No
8218,18,Male,Bachelor,Employed,60909.0,Single,0,Suburban,33205.16,472,0,Cash,No,Yes
8219,35,Female,Master,Employed,67675.5,Single,0,Urban,20355.38,508,15,Mobile Money,Yes,No
8220,22,Male,Master,Self-Employed,88361.03,Single,0,Urban,38544.26,546,2,Credit Card,Yes,No
8221,18,Female,Bachelor,Self-Employed,86131.01,Single,0,Rural,38609.61,510,0,Cash,Yes,No
8222,49,Male,Diploma,Employed,40603.03,Single,0,Rural,22713.63,504,27,Debit Card,Yes,No
8223,44,Female,Bachelor,Employed,62688.29,Married,1,Suburban,25017.2,482,26,Debit Card,No,No
8224,43,Female,Bachelor,Student,7565.18,Married,3,Urban,5236.64,440,20,Debit Card,No,No
8225,49,Male,Diploma,Employed,48563.42,Married,2,Urban,19527.43,469,22,Credit Card,Yes,No
8226,32,Female,Diploma,Employed,47248.45,Married,0,Urban,18631.72,433,8,Debit Card,No,No
8227,32,Male,Bachelor,Self-Employed,61115.89,Married,1,Urban,15769.66,530,9,Credit Card,Yes,No
8228,64,Male,Master,Self-Employed,90218.45,Married,5,Suburban,41991.22,595,46,Debit Card,No,No
8229,35,Female,Bachelor,Student,17598.27,Single,0,Urban,4627.05,406,12,Mobile Money,No,No
8230,46,Male,High School,Student,11919.54,Married,2,Urban,6950.45,419,22,Debit Card,No,No
8231,38,Male,High School,Student,5670.83,Single,0,Urban,5463.36,403,14,Credit Card,Yes,No
8232,18,Female,Master,Employed,79832.74,Married,0,Urban,36529.66,565,0,Debit Card,Yes,No
8233,18,Female,Master,Employed,62520.6,Single,0,Urban,11981.71,452,0,Debit Card,Yes,No
8234,31,Male,Diploma,Employed,40077.98,Single,0,Urban,26864.5,462,10,Credit Card,Yes,No
8235,50,Female,Bachelor,Employed,55891.22,Married,3,Rural,22507.22,494,31,Credit Card,Yes,No
8236,47,Female,Master,Employed,79370.98,Single,0,Rural,33411.28,532,27,Credit Card,No,No
8237,48,Female,Master,Employed,62268.2,Married,4,Urban,20271.66,514,23,Credit Card,Yes,No
8238,26,Female,Bachelor,Employed,56928.76,Married,1,Rural,12976.91,472,4,Debit Card,No,No
8239,57,Female,High School,Employed,26061.34,Married,5,Urban,8554.54,405,37,Cash,No,No
8240,26,Female,Bachelor,Employed,55875.62,Married,0,Urban,17234.38,463,0,Credit Card,No,No
8241,40,Male,High School,Employed,33138.35,Married,2,Rural,7965.72,455,22,Debit Card,Yes,No
8242,37,Male,Master,Unemployed,10772.59,Single,0,Suburban,2042.82,357,17,Debit Card,Yes,No
8243,35,Female,High School,Self-Employed,46112.48,Married,1,Urban,17427.14,449,12,Mobile Money,Yes,No
8244,54,Female,Bachelor,Student,14422.65,Married,1,Suburban,5101.56,462,35,Debit Card,Yes,No
8245,29,Female,Bachelor,Employed,48131.23,Single,0,Suburban,15247.61,463,2,Debit Card,No,Yes
8246,21,Male,Bachelor,Employed,52270.57,Single,0,Rural,23223.61,419,0,Debit Card,Yes,Yes
8247,38,Female,Bachelor,Employed,66953.57,Married,1,Rural,16146.89,521,20,Debit Card,Yes,No
8248,33,Female,High School,Self-Employed,39326.81,Married,1,Rural,12953.78,493,10,Credit Card,Yes,No
8249,70,Female,Bachelor,Unemployed,8780.96,Married,5,Urban,5431.47,401,51,Mobile Money,No,No
8250,46,Female,Diploma,Employed,33731.96,Married,0,Suburban,12398.31,493,27,Debit Card,Yes,No
8251,33,Female,Diploma,Unemployed,16998.34,Married,0,Rural,12999.12,417,13,Cash,Yes,No
8252,25,Male,PhD,Employed,95958.36,Married,0,Urban,47271.07,514,1,Debit Card,No,No
8253,18,Female,Bachelor,Employed,57902.92,Single,0,Suburban,27169.81,472,0,Debit Card,Yes,No
8254,25,Female,Bachelor,Self-Employed,63668.29,Single,0,Urban,20279.97,495,1,Credit Card,No,No
8255,39,Male,Bachelor,Employed,61477.47,Married,2,Rural,23206.84,513,21,Mobile Money,Yes,No
8256,55,Male,Bachelor,Employed,52504.87,Married,5,Urban,18078.61,500,30,Credit Card,Yes,No
8257,51,Female,Bachelor,Employed,48162.47,Married,3,Suburban,20500.89,484,28,Debit Card,No,No
8258,40,Female,Bachelor,Self-Employed,78692.92,Married,0,Suburban,30916.4,518,16,Mobile Money,No,Yes
8259,34,Male,PhD,Employed,93910.37,Married,2,Urban,34223.71,573,11,Debit Card,Yes,No
8260,41,Male,Diploma,Employed,33721.67,Single,0,Suburban,11301.81,487,14,Debit Card,Yes,No
8261,31,Male,Bachelor,Student,12074.04,Single,0,Urban,4765.1,403,12,Debit Card,Yes,No
8262,58,Male,Bachelor,Employed,55218.36,Married,3,Urban,13988.5,512,31,Credit Card,No,No
8263,35,Female,Diploma,Employed,37200.66,Married,0,Urban,11875.19,408,9,Credit Card,No,No
8264,36,Female,Diploma,Employed,41868.4,Married,1,Suburban,6807.52,468,16,Credit Card,Yes,No
8265,18,Female,PhD,Unemployed,19571.78,Single,0,Urban,6655.44,366,0,Credit Card,Yes,Yes
8266,35,Female,High School,Employed,36989.12,Single,0,Rural,11273.37,394,12,Cash,Yes,No
8267,48,Male,Diploma,Self-Employed,47950.71,Married,0,Urban,20513.88,486,23,Debit Card,Yes,No
8268,25,Male,Diploma,Student,5000.0,Single,0,Suburban,1000.0,336,5,Credit Card,No,Yes
8269,28,Male,High School,Self-Employed,34174.78,Married,0,Urban,13526.52,410,3,Mobile Money,Yes,No
8270,47,Male,Master,Employed,65073.07,Married,2,Suburban,21304.77,563,28,Cash,Yes,No
8271,20,Male,Diploma,Self-Employed,24076.75,Single,0,Urban,4563.45,404,0,Credit Card,Yes,No
8272,50,Female,Diploma,Self-Employed,46753.49,Married,1,Rural,8141.56,531,29,Cash,No,No
8273,31,Female,Master,Employed,78294.22,Married,1,Suburban,18655.17,545,4,Credit Card,Yes,No
8274,33,Female,Diploma,Employed,39137.48,Married,0,Urban,16471.24,437,14,Credit Card,Yes,No
8275,24,Female,Bachelor,Self-Employed,71665.15,Single,0,Urban,31796.07,540,5,Cash,No,Yes
8276,42,Female,Master,Employed,70067.96,Married,1,Suburban,24836.38,511,15,Credit Card,Yes,No
8277,67,Female,Bachelor,Employed,51349.03,Married,3,Rural,11756.09,510,49,Cash,Yes,No
8278,47,Male,Bachelor,Self-Employed,60147.19,Married,2,Urban,10796.06,494,29,Credit Card,Yes,No
8279,27,Female,High School,Unemployed,5000.0,Married,0,Rural,1000.0,395,1,Credit Card,Yes,No
8280,51,Male,High School,Employed,37406.12,Married,0,Suburban,20722.51,472,31,Credit Card,Yes,No
8281,34,Male,Diploma,Employed,45845.99,Married,2,Urban,22277.16,423,16,Debit Card,No,No
8282,54,Male,High School,Self-Employed,33773.67,Married,3,Urban,10603.56,448,27,Credit Card,Yes,No
8283,47,Female,Bachelor,Self-Employed,49805.88,Single,0,Suburban,27482.38,519,22,Credit Card,No,No
8284,18,Female,Diploma,Student,11776.67,Single,0,Suburban,3887.43,374,0,Mobile Money,Yes,No
8285,25,Female,Bachelor,Self-Employed,58761.78,Single,0,Rural,21638.32,497,6,Credit Card,No,No
8286,49,Female,Diploma,Self-Employed,49151.06,Married,2,Rural,11381.46,495,28,Mobile Money,No,No
8287,39,Female,Diploma,Student,5000.0,Married,3,Urban,1836.47,391,13,Credit Card,No,No
8288,25,Female,Diploma,Employed,40735.99,Single,0,Urban,10303.69,406,5,Credit Card,Yes,No
8289,30,Female,High School,Employed,28949.46,Married,0,Urban,13345.25,446,6,Debit Card,Yes,No
8290,18,Female,Bachelor,Employed,35722.26,Single,0,Rural,18516.63,405,0,Cash,No,Yes
8291,36,Male,Bachelor,Employed,67943.67,Married,2,Rural,34676.21,470,14,Credit Card,Yes,No
8292,64,Male,Master,Employed,67394.44,Married,3,Rural,19036.01,517,42,Cash,No,No
8293,47,Female,Master,Employed,67925.82,Married,2,Rural,27096.88,548,24,Credit Card,Yes,No
8294,64,Male,Bachelor,Self-Employed,70277.42,Married,0,Urban,40567.99,545,46,Debit Card,No,No
8295,48,Female,Bachelor,Unemployed,16094.66,Single,0,Rural,8189.08,435,22,Credit Card,No,No
8296,50,Female,High School,Employed,32911.84,Married,3,Suburban,14222.85,473,31,Credit Card,Yes,Yes
8297,61,Female,High School,Employed,20844.94,Married,2,Suburban,8550.3,464,34,Credit Card,No,No
8298,42,Male,Master,Employed,68862.55,Married,3,Suburban,33069.25,528,21,Credit Card,No,No
8299,35,Female,High School,Self-Employed,20725.46,Single,0,Rural,3494.41,425,14,Cash,Yes,No
8300,50,Male,Diploma,Employed,38098.82,Married,3,Urban,17465.56,436,31,Debit Card,Yes,No
8301,55,Female,High School,Student,17560.54,Married,3,Rural,1629.67,402,37,Debit Card,Yes,No
8302,32,Female,High School,Employed,17952.11,Married,2,Urban,3840.02,364,13,Credit Card,No,No
8303,29,Female,Bachelor,Employed,52194.01,Married,1,Suburban,20050.89,433,8,Credit Card,No,No
8304,39,Female,Diploma,Employed,23008.55,Single,0,Rural,12674.62,443,18,Mobile Money,No,No
8305,47,Male,Diploma,Employed,40063.57,Married,1,Suburban,9536.7,440,22,Credit Card,Yes,No
8306,47,Female,High School,Unemployed,12729.4,Married,3,Urban,11524.92,423,29,Credit Card,No,No
8307,20,Male,Bachelor,Student,14067.81,Single,0,Suburban,5646.33,359,2,Credit Card,No,Yes
8308,60,Male,Bachelor,Employed,50185.06,Married,3,Suburban,22769.92,514,39,Debit Card,No,No
8309,30,Male,Diploma,Unemployed,5000.0,Single,0,Urban,1000.0,376,10,Debit Card,No,No
8310,34,Female,Bachelor,Employed,45067.53,Single,0,Suburban,16421.39,470,10,Debit Card,No,No
8311,27,Male,High School,Employed,40051.8,Married,1,Urban,10621.14,451,7,Credit Card,Yes,No
8312,70,Male,Bachelor,Unemployed,23531.83,Married,5,Rural,6126.77,493,45,Credit Card,Yes,No
8313,40,Female,Bachelor,Employed,54269.28,Married,2,Urban,22270.13,463,22,Mobile Money,No,No
8314,27,Female,PhD,Employed,91298.35,Single,0,Suburban,31551.11,580,7,Credit Card,Yes,No
8315,48,Male,High School,Employed,21779.05,Married,3,Suburban,9926.0,441,28,Cash,Yes,No
8316,47,Female,High School,Employed,40325.06,Married,3,Rural,18611.78,548,21,Credit Card,Yes,No
8317,35,Female,Diploma,Employed,34246.8,Married,3,Urban,8059.57,453,10,Mobile Money,Yes,No
8318,48,Male,High School,Unemployed,12498.21,Married,3,Suburban,3071.89,423,24,Cash,No,No
8319,28,Female,High School,Employed,19376.79,Single,0,Urban,1000.0,386,3,Cash,Yes,No
8320,32,Female,Diploma,Employed,38574.35,Single,0,Rural,15070.08,463,8,Credit Card,No,No
8321,18,Female,Diploma,Employed,49987.5,Single,0,Rural,23031.15,401,0,Debit Card,No,No
8322,22,Female,Master,Employed,62424.54,Single,0,Rural,19515.9,439,4,Mobile Money,No,No
8323,59,Female,High School,Self-Employed,41994.86,Married,2,Rural,10564.3,437,35,Debit Card,Yes,Yes
8324,57,Male,PhD,Student,9353.87,Married,3,Urban,1295.55,419,34,Cash,No,No
8325,38,Female,Master,Student,6784.71,Married,0,Suburban,1360.11,370,17,Credit Card,No,No
8326,57,Male,Master,Employed,69928.2,Married,5,Urban,28132.69,545,34,Mobile Money,No,No
8327,36,Male,Master,Student,21773.12,Single,0,Rural,4778.4,400,9,Debit Card,No,No
8328,35,Male,Bachelor,Employed,52614.51,Married,0,Urban,17509.68,500,10,Mobile Money,Yes,No
8329,38,Female,Bachelor,Employed,59948.6,Married,2,Suburban,14254.73,530,17,Debit Card,No,No
8330,36,Male,Diploma,Self-Employed,57153.08,Single,0,Urban,26387.15,437,11,Cash,Yes,No
8331,35,Male,Bachelor,Employed,48830.81,Married,0,Rural,17868.93,473,10,Mobile Money,No,No
8332,51,Male,Master,Employed,57798.68,Married,3,Urban,25085.25,527,25,Mobile Money,No,No
8333,39,Female,Diploma,Student,5155.88,Single,0,Suburban,1907.09,366,18,Debit Card,Yes,No
8334,46,Male,High School,Self-Employed,46184.71,Married,2,Suburban,9279.13,492,26,Credit Card,No,No
8335,50,Female,Bachelor,Employed,48498.74,Married,3,Urban,10673.03,454,31,Credit Card,No,Yes
8336,42,Male,Bachelor,Self-Employed,74119.6,Married,0,Suburban,12537.27,554,20,Credit Card,Yes,No
8337,26,Male,Master,Unemployed,18900.0,Single,0,Rural,6547.42,347,8,Credit Card,No,No
8338,21,Female,High School,Student,20049.7,Single,0,Suburban,6088.75,416,0,Mobile Money,No,Yes
8339,39,Female,Bachelor,Employed,72963.38,Married,2,Rural,35404.39,471,14,Mobile Money,Yes,No
8340,35,Male,High School,Self-Employed,44251.7,Single,0,Urban,18790.44,471,11,Cash,Yes,No
8341,39,Male,Master,Self-Employed,70827.18,Married,0,Urban,20453.68,557,16,Credit Card,Yes,No
8342,37,Male,High School,Self-Employed,16774.17,Married,1,Urban,1000.0,361,16,Mobile Money,Yes,No
8343,69,Female,Master,Self-Employed,84489.42,Married,5,Urban,20705.64,602,48,Debit Card,No,No
8344,22,Male,High School,Employed,37253.2,Single,0,Rural,9474.62,478,1,Debit Card,No,Yes
8345,18,Female,High School,Employed,34008.08,Single,0,Urban,6697.42,374,0,Debit Card,Yes,No
8346,41,Male,High School,Student,5000.0,Married,1,Urban,2343.11,393,22,Debit Card,No,No
8347,33,Male,Diploma,Employed,28112.11,Married,1,Suburban,9348.79,410,13,Debit Card,No,No
8348,41,Male,Bachelor,Employed,62438.33,Married,3,Urban,16313.14,492,18,Mobile Money,Yes,No
8349,45,Female,High School,Self-Employed,50868.79,Married,1,Urban,15414.67,417,25,Debit Card,No,No
8350,53,Female,Diploma,Employed,34639.55,Married,4,Suburban,10676.5,503,32,Cash,Yes,No
8351,19,Male,High School,Employed,36601.7,Married,0,Urban,12669.97,374,0,Credit Card,Yes,No
8352,31,Female,Master,Employed,90823.47,Married,0,Suburban,23712.35,551,6,Debit Card,No,No
8353,43,Male,High School,Self-Employed,34482.24,Single,0,Urban,11904.95,457,16,Debit Card,No,No
8354,47,Female,Diploma,Student,6644.11,Married,1,Urban,1000.0,418,26,Mobile Money,No,No
8355,64,Female,Bachelor,Self-Employed,70477.86,Married,4,Suburban,18209.78,559,45,Mobile Money,No,No
8356,49,Male,Master,Employed,67725.19,Married,1,Urban,17515.5,505,31,Cash,No,No
8357,37,Female,Master,Student,24713.86,Married,1,Suburban,2527.46,390,12,Cash,No,No
8358,27,Female,Master,Employed,66767.94,Married,0,Rural,22032.32,502,2,Cash,Yes,No
8359,31,Male,High School,Employed,29751.61,Single,0,Rural,4074.23,434,13,Mobile Money,No,No
8360,30,Female,Master,Employed,58460.44,Single,0,Suburban,28949.26,508,7,Mobile Money,Yes,Yes
8361,45,Male,Bachelor,Student,9115.33,Married,3,Urban,1000.0,382,27,Debit Card,Yes,No
8362,41,Female,Master,Employed,61939.36,Married,2,Suburban,17592.04,478,17,Credit Card,No,No
8363,22,Male,Diploma,Self-Employed,50768.51,Single,0,Urban,20690.82,399,0,Mobile Money,No,No
8364,32,Female,Master,Employed,56686.14,Single,0,Rural,14166.63,470,12,Debit Card,No,No
8365,48,Male,Diploma,Employed,47839.1,Married,3,Suburban,28601.79,507,21,Mobile Money,No,No
8366,42,Male,Bachelor,Student,5000.0,Married,0,Urban,7058.93,420,15,Credit Card,Yes,No
8367,44,Male,Diploma,Employed,54273.03,Married,1,Urban,12984.38,496,19,Debit Card,No,Yes
8368,42,Male,Diploma,Self-Employed,58966.06,Single,0,Urban,21554.59,521,17,Credit Card,No,No
8369,57,Female,Bachelor,Employed,59285.16,Married,1,Urban,27368.56,536,38,Debit Card,Yes,No
8370,40,Male,Diploma,Self-Employed,35696.08,Married,2,Suburban,15327.67,447,13,Mobile Money,Yes,No
8371,33,Female,Bachelor,Unemployed,11476.89,Single,0,Urban,6917.51,363,9,Debit Card,No,No
8372,27,Male,Bachelor,Employed,47829.69,Single,0,Urban,24328.0,505,0,Credit Card,Yes,Yes
8373,40,Female,Bachelor,Employed,48830.99,Married,2,Suburban,10793.74,429,22,Mobile Money,No,No
8374,18,Female,High School,Student,18614.28,Single,0,Urban,10650.8,353,0,Cash,Yes,Yes
8375,35,Female,PhD,Unemployed,25778.85,Married,3,Urban,8764.18,412,17,Credit Card,Yes,No
8376,35,Female,Bachelor,Employed,49737.09,Married,2,Urban,14208.27,433,14,Credit Card,Yes,No
8377,21,Female,High School,Self-Employed,30016.72,Single,0,Urban,10970.46,372,0,Debit Card,Yes,No
8378,26,Female,Bachelor,Self-Employed,61745.3,Married,1,Suburban,32691.99,436,3,Debit Card,Yes,No
8379,47,Male,High School,Employed,34260.96,Married,2,Rural,11266.0,477,29,Cash,No,No
8380,40,Female,High School,Employed,16983.28,Single,0,Suburban,1740.1,407,22,Credit Card,No,No
8381,39,Female,Bachelor,Student,11785.43,Married,2,Suburban,1804.25,463,12,Debit Card,No,No
8382,41,Male,Bachelor,Student,14388.37,Single,0,Rural,4274.33,424,20,Debit Card,Yes,No
8383,39,Female,High School,Unemployed,5000.0,Married,1,Urban,1000.0,392,12,Credit Card,Yes,No
8384,52,Male,Diploma,Employed,28659.78,Married,2,Urban,2207.28,452,33,Credit Card,No,No
8385,39,Female,Master,Student,13618.34,Married,0,Suburban,1000.0,433,16,Mobile Money,No,No
8386,20,Male,Diploma,Self-Employed,59527.86,Single,0,Suburban,17006.28,399,0,Cash,No,No
8387,57,Female,High School,Employed,39621.82,Married,4,Suburban,19548.97,522,38,Debit Card,No,No
8388,42,Female,PhD,Self-Employed,103132.24,Married,3,Rural,21468.0,573,17,Mobile Money,No,No
8389,30,Female,Diploma,Unemployed,23274.31,Single,0,Urban,4670.51,344,6,Credit Card,Yes,Yes
8390,22,Female,Bachelor,Employed,52442.99,Single,0,Suburban,21778.79,410,2,Credit Card,Yes,No
8391,42,Female,High School,Student,5000.0,Single,0,Rural,4229.28,430,24,Debit Card,No,No
8392,36,Male,Bachelor,Student,11752.12,Married,1,Rural,10166.3,399,12,Credit Card,No,No
8393,56,Male,Diploma,Employed,46715.72,Single,0,Urban,10219.47,571,34,Cash,No,No
8394,33,Male,PhD,Student,13128.01,Single,0,Urban,3663.87,368,9,Credit Card,Yes,No
8395,27,Male,Diploma,Student,5000.0,Single,0,Suburban,2553.98,360,7,Cash,No,No
8396,48,Male,Bachelor,Employed,45014.66,Married,2,Urban,12380.72,479,30,Credit Card,No,No
8397,49,Female,Master,Employed,72808.21,Married,1,Rural,33903.44,494,28,Mobile Money,No,No
8398,40,Female,PhD,Employed,97466.71,Married,3,Suburban,17755.25,568,19,Credit Card,No,No
8399,46,Female,High School,Employed,37957.0,Married,3,Urban,7122.84,472,20,Credit Card,Yes,No
8400,37,Male,Master,Self-Employed,73067.36,Married,1,Urban,20976.84,511,19,Credit Card,Yes,No
8401,40,Male,Diploma,Employed,36936.83,Married,1,Urban,10029.83,498,20,Credit Card,No,No
8402,51,Female,Bachelor,Student,20963.74,Married,0,Urban,3421.78,424,25,Credit Card,No,No
8403,45,Male,Diploma,Student,9857.35,Married,4,Urban,5463.62,404,20,Cash,No,No
8404,35,Male,Diploma,Employed,40272.84,Married,1,Rural,13490.55,402,16,Mobile Money,No,No
8405,54,Male,High School,Employed,30084.27,Married,2,Urban,10816.04,442,28,Debit Card,Yes,No
8406,18,Male,Bachelor,Employed,59331.67,Single,0,Rural,18387.35,396,0,Cash,No,No
8407,62,Male,Bachelor,Employed,57287.33,Married,2,Suburban,24674.31,536,41,Debit Card,No,No
8408,18,Male,High School,Employed,25396.91,Single,0,Rural,3339.04,397,0,Credit Card,No,No
8409,30,Male,Bachelor,Employed,62048.48,Married,0,Urban,16589.2,501,9,Credit Card,Yes,No
8410,37,Female,PhD,Employed,80376.92,Married,2,Urban,26539.48,535,10,Credit Card,Yes,No
8411,36,Male,Bachelor,Employed,65577.0,Single,0,Suburban,26797.58,499,9,Debit Card,No,No
8412,50,Male,Diploma,Student,5000.0,Married,4,Urban,5025.97,400,26,Mobile Money,No,No
8413,25,Female,Master,Employed,74383.12,Married,2,Urban,28899.97,491,6,Debit Card,Yes,No
8414,41,Female,Bachelor,Employed,53681.9,Married,1,Rural,22364.83,447,15,Debit Card,Yes,No
8415,31,Male,High School,Self-Employed,32188.98,Single,0,Urban,7237.2,423,10,Credit Card,Yes,No
8416,41,Female,Bachelor,Employed,65860.57,Married,0,Suburban,37344.85,482,23,Debit Card,Yes,No
8417,37,Male,High School,Employed,35943.25,Married,1,Rural,15319.31,442,16,Cash,Yes,No
8418,39,Male,Bachelor,Self-Employed,65528.39,Married,0,Suburban,11920.85,472,15,Credit Card,Yes,No
8419,31,Female,PhD,Employed,103961.37,Single,0,Urban,27191.69,596,11,Debit Card,No,No
8420,31,Female,Diploma,Employed,47837.99,Married,1,Suburban,17199.11,506,10,Debit Card,Yes,No
8421,41,Male,Diploma,Employed,33556.18,Single,0,Suburban,12493.89,413,14,Credit Card,No,No
8422,49,Female,Diploma,Employed,21917.21,Married,1,Urban,10225.9,415,22,Debit Card,No,No
8423,30,Female,Diploma,Employed,40854.88,Single,0,Urban,17269.45,420,10,Debit Card,Yes,No
8424,27,Male,Bachelor,Self-Employed,77067.98,Single,0,Suburban,34436.09,503,1,Cash,Yes,No
8425,45,Male,Bachelor,Employed,59885.21,Married,2,Suburban,11441.13,541,22,Credit Card,No,No
8426,37,Male,High School,Employed,42591.71,Single,0,Urban,18690.46,408,14,Credit Card,Yes,Yes
8427,47,Female,Master,Self-Employed,79213.5,Married,1,Rural,19539.8,546,22,Mobile Money,Yes,No
8428,27,Male,High School,Student,5062.21,Married,0,Suburban,3927.57,410,6,Credit Card,No,No
8429,18,Female,PhD,Unemployed,26256.47,Single,0,Urban,13546.98,342,0,Credit Card,Yes,Yes
8430,31,Male,Diploma,Employed,41929.77,Married,0,Urban,5395.97,484,11,Credit Card,Yes,No
8431,28,Male,Bachelor,Employed,61139.54,Married,0,Suburban,22752.56,449,4,Debit Card,No,No
8432,37,Female,High School,Employed,43058.96,Single,0,Suburban,13057.34,420,12,Cash,No,No
8433,30,Female,Diploma,Unemployed,26741.55,Married,0,Urban,11747.47,463,12,Credit Card,Yes,No
8434,46,Male,Master,Unemployed,34332.57,Married,3,Suburban,18816.27,502,22,Cash,Yes,No
8435,34,Male,Diploma,Employed,45352.65,Married,2,Urban,4612.72,393,15,Credit Card,Yes,No
8436,39,Female,Master,Employed,67262.22,Married,1,Urban,25233.53,548,19,Debit Card,No,No
8437,39,Male,Bachelor,Employed,56807.19,Single,0,Suburban,16745.71,510,20,Mobile Money,No,No
8438,40,Male,Master,Employed,75241.86,Married,1,Suburban,39860.6,548,15,Credit Card,No,No
8439,37,Female,PhD,Student,19080.54,Married,0,Suburban,8877.15,388,15,Credit Card,No,No
8440,44,Female,Diploma,Employed,32689.65,Married,3,Urban,6169.0,469,22,Debit Card,No,No
8441,28,Male,Bachelor,Employed,51301.03,Single,0,Suburban,14573.46,480,1,Credit Card,No,No
8442,54,Female,Master,Unemployed,27944.34,Married,3,Urban,5429.49,456,34,Mobile Money,No,No
8443,35,Female,High School,Employed,28028.0,Married,0,Urban,14039.17,478,8,Credit Card,No,No
8444,22,Male,Master,Employed,70193.39,Single,0,Rural,29045.17,405,1,Credit Card,Yes,Yes
8445,40,Female,Bachelor,Employed,54372.63,Married,1,Urban,16780.89,489,14,Credit Card,No,No
8446,27,Male,Bachelor,Employed,47862.41,Single,0,Suburban,14914.89,426,4,Credit Card,No,No
8447,45,Male,High School,Employed,28629.83,Married,4,Rural,5560.7,478,19,Mobile Money,No,No
8448,64,Male,Bachelor,Employed,51337.46,Married,3,Rural,4485.33,553,43,Debit Card,No,No
8449,28,Male,Diploma,Employed,34465.54,Married,0,Rural,12382.55,405,1,Credit Card,No,Yes
8450,41,Female,Master,Employed,61533.53,Married,2,Rural,11998.01,512,19,Debit Card,Yes,No
8451,18,Male,Bachelor,Employed,54195.17,Single,0,Urban,24228.16,394,0,Cash,Yes,No
8452,43,Female,Diploma,Unemployed,16945.36,Married,0,Urban,5192.6,452,17,Credit Card,No,No
8453,27,Male,PhD,Employed,98964.64,Married,0,Urban,42652.29,497,8,Credit Card,Yes,No
8454,30,Male,Bachelor,Employed,43846.82,Married,0,Urban,22640.26,437,6,Credit Card,Yes,No
8455,24,Female,PhD,Employed,102851.23,Single,0,Suburban,31524.71,528,1,Credit Card,No,No
8456,46,Female,Diploma,Employed,42343.56,Married,4,Urban,18054.8,512,26,Credit Card,Yes,No
8457,50,Female,Bachelor,Employed,45983.77,Married,4,Urban,13472.89,467,28,Credit Card,No,No
8458,38,Female,Bachelor,Self-Employed,62770.42,Married,2,Suburban,21748.71,546,12,Debit Card,No,No
8459,27,Male,Bachelor,Employed,39980.91,Married,0,Urban,20837.8,467,4,Credit Card,Yes,No
8460,57,Female,High School,Self-Employed,23025.93,Married,3,Urban,4405.79,392,33,Mobile Money,Yes,No
8461,28,Male,Diploma,Employed,53771.4,Single,0,Rural,17092.37,523,10,Debit Card,No,No
8462,18,Female,Master,Unemployed,15405.59,Single,0,Suburban,8794.49,324,0,Cash,Yes,No
8463,43,Female,Diploma,Student,12295.14,Married,5,Urban,6988.46,403,20,Credit Card,Yes,No
8464,24,Male,PhD,Employed,89110.47,Single,0,Suburban,22867.01,546,6,Credit Card,No,No
8465,49,Male,High School,Employed,30142.48,Married,0,Urban,11588.72,478,30,Credit Card,No,No
8466,33,Female,PhD,Employed,92944.22,Single,0,Urban,34757.89,563,15,Credit Card,No,No
8467,45,Female,Bachelor,Unemployed,5000.0,Married,0,Urban,1000.0,403,18,Debit Card,Yes,No
8468,54,Male,Bachelor,Employed,65548.34,Married,4,Urban,23145.11,514,33,Debit Card,Yes,No
8469,23,Female,Diploma,Self-Employed,47210.32,Single,0,Urban,17005.59,448,0,Credit Card,No,No
8470,31,Female,Master,Self-Employed,79965.76,Married,0,Urban,20169.34,511,10,Debit Card,Yes,No
8471,37,Male,Bachelor,Employed,58744.05,Single,0,Suburban,20511.86,497,17,Cash,No,No
8472,56,Male,Bachelor,Employed,49231.05,Married,4,Urban,10914.8,441,33,Credit Card,No,No
8473,30,Female,High School,Employed,31665.7,Single,0,Urban,10644.81,496,12,Cash,No,No
8474,30,Male,Bachelor,Unemployed,15176.81,Single,0,Urban,4066.8,418,12,Debit Card,Yes,No
8475,43,Male,Master,Employed,75688.08,Married,2,Urban,33118.16,537,24,Credit Card,Yes,No
8476,31,Female,High School,Employed,28288.43,Single,0,Rural,15304.97,430,12,Debit Card,Yes,No
8477,39,Female,Bachelor,Employed,46759.84,Married,2,Rural,22357.38,490,16,Debit Card,Yes,No
8478,19,Female,High School,Employed,32898.73,Single,0,Urban,14421.36,418,0,Debit Card,No,No
8479,64,Male,Master,Employed,67835.08,Single,0,Rural,11568.22,583,45,Credit Card,No,No
8480,21,Female,PhD,Unemployed,12432.02,Single,0,Urban,1000.0,375,0,Debit Card,No,No
8481,34,Female,Diploma,Self-Employed,49581.25,Single,0,Suburban,18042.25,460,10,Debit Card,Yes,No
8482,37,Male,High School,Self-Employed,31700.45,Single,0,Rural,6203.85,397,14,Credit Card,Yes,Yes
8483,60,Female,Bachelor,Self-Employed,68766.05,Married,5,Urban,16792.85,548,35,Credit Card,Yes,No
8484,22,Female,High School,Self-Employed,29159.58,Single,0,Urban,10459.45,412,2,Debit Card,No,Yes
8485,61,Female,Diploma,Employed,30348.93,Married,2,Urban,15390.66,513,39,Credit Card,No,No
8486,47,Female,Diploma,Student,17440.99,Single,0,Rural,1000.0,443,21,Credit Card,Yes,Yes
8487,43,Male,Diploma,Employed,46745.18,Married,4,Rural,20177.45,470,25,Debit Card,Yes,No
8488,26,Female,High School,Employed,29947.36,Single,0,Urban,14309.15,414,2,Debit Card,Yes,No
8489,44,Female,High School,Employed,33502.14,Married,2,Suburban,14674.15,423,18,Credit Card,Yes,No
8490,29,Female,High School,Employed,36483.32,Married,0,Urban,13549.28,446,6,Credit Card,Yes,No
8491,53,Female,Bachelor,Employed,54918.48,Married,4,Rural,24826.58,503,31,Mobile Money,No,No
8492,26,Male,Bachelor,Employed,45331.95,Single,0,Rural,15542.18,407,2,Debit Card,Yes,Yes
8493,36,Male,High School,Self-Employed,38395.75,Single,0,Suburban,11613.7,440,18,Credit Card,Yes,No
8494,31,Male,Bachelor,Employed,63017.77,Married,0,Rural,20259.94,493,10,Credit Card,Yes,No
8495,26,Female,Master,Employed,74745.45,Married,0,Suburban,30965.6,531,8,Credit Card,Yes,No
8496,46,Male,Diploma,Student,8474.43,Married,2,Urban,3356.11,407,28,Credit Card,No,No
8497,44,Female,Master,Employed,74522.33,Married,2,Rural,24848.66,478,18,Mobile Money,Yes,No
8498,52,Male,Bachelor,Employed,53214.04,Single,0,Urban,23465.82,504,30,Mobile Money,No,No
8499,18,Male,High School,Self-Employed,44353.4,Single,0,Urban,10616.75,418,0,Credit Card,Yes,No
8500,50,Male,Diploma,Employed,50777.44,Married,2,Urban,15233.87,474,28,Credit Card,No,No
8501,68,Female,Bachelor,Employed,44630.54,Married,5,Urban,21147.12,500,44,Debit Card,No,No
8502,32,Female,Bachelor,Employed,63927.48,Single,0,Urban,15510.94,524,14,Credit Card,Yes,No
8503,60,Female,Diploma,Employed,57898.28,Single,0,Suburban,24395.67,546,42,Cash,Yes,No
8504,34,Female,PhD,Employed,94204.71,Single,0,Urban,23706.93,588,7,Cash,No,No
8505,21,Male,Bachelor,Employed,62870.06,Single,0,Suburban,14724.17,491,0,Credit Card,No,Yes
8506,34,Male,Diploma,Employed,34823.23,Single,0,Urban,5016.86,435,12,Debit Card,Yes,No
8507,50,Female,High School,Employed,25970.35,Married,4,Rural,13590.36,462,31,Cash,Yes,No
8508,27,Female,High School,Student,5000.0,Single,0,Urban,1000.0,361,2,Mobile Money,Yes,No
8509,30,Male,Diploma,Employed,36780.41,Single,0,Rural,12135.85,418,8,Debit Card,Yes,No
8510,45,Female,Diploma,Unemployed,5000.0,Married,0,Urban,2928.05,357,23,Credit Card,No,No
8511,38,Male,Bachelor,Employed,53618.71,Married,1,Suburban,19419.11,470,16,Debit Card,Yes,No
8512,45,Male,Bachelor,Self-Employed,72691.06,Single,0,Urban,32444.24,571,26,Debit Card,Yes,No
8513,40,Male,High School,Employed,19611.81,Married,5,Urban,10089.84,373,22,Credit Card,No,No
8514,43,Female,Bachelor,Employed,56433.06,Married,1,Urban,12337.11,508,18,Credit Card,No,Yes
8515,32,Male,High School,Employed,31187.6,Married,0,Urban,9201.33,387,8,Mobile Money,Yes,No
8516,40,Male,Diploma,Unemployed,9589.47,Married,1,Urban,4998.14,378,20,Credit Card,No,No
8517,26,Male,Bachelor,Employed,58972.2,Married,0,Urban,18426.72,481,3,Debit Card,Yes,No
8518,53,Male,Diploma,Employed,43221.27,Married,1,Suburban,12014.38,490,26,Debit Card,Yes,No
8519,30,Female,Master,Employed,67020.54,Married,0,Suburban,16470.34,511,12,Credit Card,Yes,No
8520,51,Male,PhD,Employed,98487.12,Married,1,Suburban,38806.89,586,27,Cash,No,No
8521,35,Male,Bachelor,Self-Employed,70484.88,Married,1,Suburban,20650.85,511,13,Debit Card,Yes,No
8522,40,Female,High School,Self-Employed,48587.8,Married,1,Urban,23276.01,468,20,Cash,Yes,Yes
8523,32,Male,Diploma,Employed,39468.57,Married,0,Urban,10493.7,436,5,Credit Card,Yes,Yes
8524,25,Male,High School,Employed,27425.88,Married,0,Suburban,8792.73,434,1,Cash,No,Yes
8525,18,Male,Bachelor,Employed,53332.27,Single,0,Urban,24511.83,462,0,Mobile Money,No,No
8526,25,Female,Master,Student,23426.54,Single,0,Urban,10920.37,356,3,Cash,Yes,Yes
8527,34,Female,Bachelor,Employed,53810.42,Married,4,Rural,12581.29,491,13,Debit Card,No,No
8528,40,Male,Bachelor,Employed,54298.85,Married,1,Urban,15245.54,518,17,Mobile Money,No,No
8529,50,Female,Bachelor,Employed,70687.78,Single,0,Rural,34900.91,524,28,Credit Card,No,No
8530,32,Female,Master,Employed,59244.17,Single,0,Rural,17535.7,471,7,Debit Card,No,No
8531,27,Female,Diploma,Self-Employed,50854.56,Married,1,Rural,16821.81,434,6,Credit Card,No,No
8532,20,Male,Master,Employed,69508.35,Single,0,Suburban,28457.95,465,1,Credit Card,Yes,No
8533,43,Male,Bachelor,Self-Employed,63995.13,Married,3,Rural,24574.34,510,21,Debit Card,Yes,No
8534,54,Female,Diploma,Employed,32373.1,Married,2,Rural,6087.35,485,30,Cash,No,Yes
8535,53,Female,PhD,Self-Employed,102688.64,Married,1,Urban,36448.18,613,34,Credit Card,No,No
8536,46,Female,PhD,Employed,86735.27,Single,0,Rural,22671.85,579,25,Cash,No,No
8537,45,Male,Bachelor,Unemployed,20465.92,Married,3,Rural,9462.08,448,19,Debit Card,Yes,No
8538,58,Male,Master,Employed,76819.53,Married,5,Urban,31945.25,577,34,Credit Card,No,No
8539,41,Female,Diploma,Self-Employed,33769.52,Married,1,Urban,11207.65,504,19,Cash,No,No
8540,45,Female,Diploma,Self-Employed,38387.48,Single,0,Suburban,14925.45,451,21,Mobile Money,No,No
8541,34,Male,High School,Employed,34383.11,Single,0,Urban,19266.24,483,9,Credit Card,Yes,No
8542,21,Male,Bachelor,Employed,60058.07,Single,0,Urban,34103.5,421,2,Cash,No,No
8543,29,Male,Diploma,Student,5000.0,Married,0,Urban,4829.25,356,2,Credit Card,Yes,No
8544,37,Female,High School,Employed,36994.31,Married,1,Urban,12198.24,448,16,Credit Card,Yes,No
8545,38,Female,Bachelor,Student,10888.23,Married,1,Urban,1000.0,387,20,Cash,Yes,No
8546,61,Female,High School,Employed,35976.58,Married,4,Urban,10136.05,521,42,Debit Card,Yes,No
8547,38,Female,High School,Employed,23186.1,Married,1,Suburban,12211.75,362,19,Debit Card,Yes,No
8548,52,Male,Diploma,Employed,28879.81,Married,1,Suburban,1810.2,442,25,Debit Card,No,No
8549,32,Female,Diploma,Employed,37530.77,Married,1,Urban,17570.76,415,12,Credit Card,Yes,No
8550,34,Female,Diploma,Employed,37885.8,Single,0,Urban,11347.15,336,7,Cash,Yes,No
8551,22,Female,Diploma,Employed,37438.58,Single,0,Rural,11454.77,377,3,Mobile Money,Yes,No
8552,29,Female,Diploma,Student,5000.0,Single,0,Suburban,4346.92,412,8,Credit Card,Yes,No
8553,44,Male,High School,Self-Employed,49543.11,Married,0,Rural,10088.36,471,21,Debit Card,Yes,No
8554,38,Female,Diploma,Employed,26401.55,Married,0,Urban,10979.95,387,15,Credit Card,Yes,No
8555,49,Female,Master,Employed,63241.01,Single,0,Urban,30614.46,545,24,Credit Card,Yes,No
8556,40,Female,High School,Self-Employed,32651.33,Single,0,Urban,10951.48,390,14,Credit Card,Yes,No
8557,33,Male,Bachelor,Employed,55191.88,Single,0,Urban,18943.54,504,15,Credit Card,No,No
8558,63,Female,High School,Unemployed,14688.11,Married,5,Urban,1617.83,484,37,Cash,Yes,No
8559,36,Male,Diploma,Employed,46922.9,Single,0,Urban,23188.95,460,12,Credit Card,Yes,No
8560,51,Male,Diploma,Self-Employed,56612.19,Single,0,Urban,14838.89,522,33,Cash,No,No
8561,33,Male,Master,Employed,73851.63,Married,3,Urban,34937.02,584,10,Debit Card,Yes,No
8562,46,Female,Diploma,Self-Employed,34159.83,Married,0,Suburban,16844.43,462,27,Cash,Yes,No
8563,49,Male,Bachelor,Employed,41685.06,Married,2,Suburban,5419.32,548,30,Credit Card,Yes,No
8564,40,Male,Bachelor,Employed,64178.32,Married,4,Urban,30605.22,515,19,Debit Card,No,No
8565,18,Female,High School,Employed,38661.01,Single,0,Rural,11560.82,416,0,Credit Card,No,No
8566,38,Female,Master,Employed,75088.17,Single,0,Urban,32160.76,456,12,Credit Card,Yes,No
8567,52,Female,Diploma,Employed,33437.84,Single,0,Urban,11853.89,461,33,Debit Card,Yes,No
8568,44,Male,High School,Self-Employed,33419.83,Married,2,Urban,15390.58,455,17,Cash,Yes,No
8569,43,Female,Diploma,Employed,36809.08,Married,3,Urban,15621.65,511,21,Credit Card,No,No
8570,18,Male,Diploma,Employed,31802.15,Single,0,Suburban,6756.43,420,0,Mobile Money,No,Yes
8571,29,Male,High School,Employed,32072.39,Married,1,Urban,13191.97,445,11,Debit Card,No,No
8572,42,Male,Bachelor,Self-Employed,83243.76,Single,0,Suburban,21088.48,544,20,Credit Card,Yes,No
8573,42,Female,Diploma,Unemployed,8034.98,Married,1,Urban,1000.0,431,19,Debit Card,Yes,No
8574,52,Male,Bachelor,Self-Employed,76374.19,Married,5,Urban,9646.09,600,30,Cash,No,No
8575,36,Male,High School,Student,5000.0,Married,0,Rural,8058.6,366,15,Credit Card,No,No
8576,42,Male,PhD,Student,5706.7,Married,1,Urban,1000.0,394,15,Cash,No,No
8577,38,Female,High School,Self-Employed,43899.97,Single,0,Rural,18434.41,457,16,Credit Card,No,No
8578,26,Female,Bachelor,Employed,53249.49,Married,2,Urban,18368.76,441,7,Cash,Yes,Yes
8579,18,Female,Bachelor,Employed,65169.99,Single,0,Rural,28777.63,432,0,Mobile Money,Yes,No
8580,43,Male,High School,Employed,41767.15,Married,1,Rural,12448.9,508,18,Debit Card,Yes,No
8581,40,Male,High School,Student,5000.0,Single,0,Rural,1394.13,406,22,Credit Card,No,No
8582,30,Male,High School,Employed,40744.13,Married,1,Rural,21248.57,438,9,Credit Card,Yes,No
8583,18,Female,High School,Employed,22991.56,Single,0,Rural,11058.2,341,0,Mobile Money,Yes,Yes
8584,45,Male,High School,Student,5000.0,Single,0,Suburban,1000.0,428,25,Mobile Money,Yes,No
8585,34,Male,Bachelor,Employed,63578.2,Single,0,Rural,16133.59,508,16,Debit Card,Yes,No
8586,44,Female,Diploma,Self-Employed,35617.54,Single,0,Suburban,7310.98,454,25,Credit Card,No,No
8587,60,Male,Bachelor,Self-Employed,65987.53,Married,4,Rural,21838.76,491,41,Debit Card,No,No
8588,18,Male,High School,Unemployed,18997.23,Single,0,Rural,7477.65,321,0,Credit Card,Yes,No
8589,29,Male,Master,Unemployed,31534.32,Single,0,Suburban,13395.03,393,5,Cash,Yes,No
8590,35,Male,High School,Unemployed,5538.66,Single,0,Rural,6062.88,346,10,Credit Card,No,No
8591,55,Female,Diploma,Self-Employed,56073.84,Married,4,Urban,21262.75,543,34,Mobile Money,No,No
8592,18,Female,High School,Employed,21016.55,Single,0,Rural,13777.05,395,0,Credit Card,Yes,No
8593,61,Male,High School,Self-Employed,30661.04,Married,5,Urban,15191.01,518,39,Credit Card,Yes,No
8594,39,Male,Bachelor,Unemployed,18343.28,Married,2,Urban,6006.62,384,13,Credit Card,No,No
8595,36,Female,Bachelor,Employed,58022.01,Married,1,Urban,19517.38,477,18,Credit Card,Yes,No
8596,35,Female,Bachelor,Employed,46618.18,Single,0,Urban,19035.74,465,17,Cash,No,No
8597,32,Male,Bachelor,Employed,69898.21,Single,0,Rural,29637.55,514,8,Mobile Money,Yes,No
8598,50,Female,PhD,Employed,74980.3,Married,4,Urban,23633.12,578,29,Mobile Money,No,No
8599,25,Male,Bachelor,Employed,55433.63,Married,0,Urban,8477.91,503,0,Debit Card,Yes,Yes
8600,42,Female,Diploma,Self-Employed,49567.26,Married,2,Rural,14954.34,547,23,Credit Card,Yes,No
8601,33,Female,High School,Employed,16024.32,Married,2,Urban,5975.36,379,13,Mobile Money,Yes,No
8602,28,Female,High School,Employed,40593.04,Married,0,Urban,5940.26,444,8,Debit Card,Yes,No
8603,69,Female,Bachelor,Employed,49076.19,Married,5,Urban,11677.45,512,48,Credit Card,No,No
8604,43,Male,Diploma,Employed,40787.64,Married,1,Urban,13474.35,499,18,Debit Card,No,No
8605,45,Female,Bachelor,Employed,57624.31,Married,4,Urban,24323.87,489,20,Debit Card,No,No
8606,51,Female,High School,Employed,18365.94,Married,3,Suburban,1763.21,436,33,Cash,No,No
8607,20,Female,Master,Student,5422.89,Single,0,Urban,3135.77,359,0,Mobile Money,No,Yes
8608,59,Male,PhD,Unemployed,39504.22,Married,5,Urban,14437.67,486,36,Credit Card,No,No
8609,18,Female,Diploma,Unemployed,11473.35,Married,1,Urban,4361.73,400,0,Credit Card,Yes,No
8610,28,Female,Master,Employed,48423.54,Married,0,Suburban,13438.6,428,3,Mobile Money,Yes,No
8611,32,Male,Master,Unemployed,18584.63,Married,0,Urban,4265.98,429,9,Mobile Money,Yes,Yes
8612,44,Male,PhD,Self-Employed,107736.78,Married,1,Urban,50406.59,593,19,Credit Card,Yes,No
8613,40,Male,Diploma,Student,9754.97,Married,3,Suburban,1000.0,338,15,Debit Card,Yes,No
8614,35,Female,Bachelor,Employed,39008.98,Married,1,Urban,12507.87,444,11,Credit Card,No,No
8615,37,Female,High School,Employed,29765.53,Single,0,Rural,16640.81,443,16,Credit Card,Yes,No
8616,26,Female,Bachelor,Employed,48338.78,Married,1,Urban,21432.88,490,4,Debit Card,Yes,No
8617,20,Male,Bachelor,Student,12768.28,Single,0,Suburban,1231.7,416,1,Debit Card,Yes,No
8618,46,Female,Bachelor,Self-Employed,70050.69,Single,0,Urban,24164.58,546,24,Debit Card,No,No
8619,46,Female,High School,Employed,33199.95,Married,1,Suburban,10555.27,402,26,Debit Card,Yes,Yes
8620,57,Male,Master,Employed,81231.79,Married,1,Urban,40966.47,585,39,Cash,Yes,No
8621,28,Male,Diploma,Unemployed,29524.56,Single,0,Urban,6422.53,396,1,Credit Card,Yes,No
8622,46,Male,High School,Student,5000.0,Married,2,Rural,5220.43,397,23,Debit Card,No,No
8623,34,Female,Bachelor,Self-Employed,62944.16,Single,0,Urban,12140.97,456,7,Mobile Money,Yes,No
8624,52,Male,Master,Self-Employed,89944.49,Married,3,Urban,26675.48,571,25,Debit Card,No,No
8625,50,Male,PhD,Employed,88985.63,Married,3,Rural,40594.68,563,25,Credit Card,No,No
8626,40,Male,Bachelor,Employed,33217.71,Single,0,Urban,12906.28,449,13,Debit Card,Yes,No
8627,33,Female,High School,Unemployed,7459.63,Married,2,Urban,7965.06,384,15,Cash,No,No
8628,49,Male,High School,Self-Employed,45873.18,Married,4,Urban,21013.2,457,22,Mobile Money,Yes,No
8629,45,Male,High School,Self-Employed,24842.07,Married,2,Rural,5292.42,390,18,Credit Card,Yes,No
8630,29,Male,High School,Employed,31764.04,Single,0,Suburban,14600.76,372,11,Credit Card,No,No
8631,22,Male,Diploma,Employed,24741.11,Single,0,Rural,11500.58,347,4,Debit Card,No,No
8632,34,Male,Diploma,Employed,46960.24,Married,0,Urban,15361.89,469,8,Debit Card,Yes,No
8633,56,Female,High School,Employed,31932.51,Single,0,Urban,14408.97,484,31,Credit Card,No,No
8634,51,Female,Master,Employed,65455.33,Married,2,Suburban,28139.57,545,27,Credit Card,No,No
8635,24,Female,Bachelor,Student,7656.4,Single,0,Urban,1000.0,321,5,Credit Card,Yes,Yes
8636,23,Female,Bachelor,Self-Employed,54007.46,Married,0,Suburban,22342.72,429,3,Credit Card,No,Yes
8637,53,Male,Diploma,Employed,48061.06,Married,3,Rural,16203.49,476,31,Mobile Money,Yes,No
8638,24,Female,Diploma,Employed,33605.19,Married,0,Rural,13118.11,416,0,Debit Card,No,No
8639,44,Male,Diploma,Unemployed,16002.39,Married,2,Urban,3314.49,424,26,Cash,Yes,No
8640,30,Male,Diploma,Employed,32304.72,Married,0,Suburban,11009.77,448,3,Credit Card,No,No
8641,57,Female,Bachelor,Self-Employed,83587.22,Married,5,Urban,30196.85,576,34,Mobile Money,No,No
8642,28,Female,Diploma,Employed,52477.32,Married,1,Rural,23318.98,553,4,Credit Card,Yes,No
8643,51,Female,Master,Employed,86589.96,Married,1,Suburban,35811.5,602,31,Debit Card,Yes,No
8644,40,Female,Master,Employed,87524.23,Married,1,Urban,30795.1,538,20,Cash,No,No
8645,41,Female,Diploma,Employed,34923.83,Single,0,Rural,11955.96,433,22,Debit Card,No,Yes
8646,18,Female,High School,Employed,22926.95,Single,0,Urban,6385.9,397,0,Cash,Yes,Yes
8647,18,Female,Master,Self-Employed,100209.08,Single,0,Suburban,32592.82,519,0,Debit Card,Yes,No
8648,35,Female,Bachelor,Self-Employed,64871.43,Single,0,Rural,35031.16,476,9,Credit Card,No,No
8649,40,Male,Bachelor,Student,17665.74,Married,2,Urban,4206.22,401,14,Debit Card,No,No
8650,24,Male,Bachelor,Unemployed,11534.55,Single,0,Suburban,1000.0,377,4,Credit Card,Yes,Yes
8651,24,Female,High School,Employed,25166.14,Single,0,Urban,5214.15,406,1,Cash,No,No
8652,44,Male,High School,Employed,36639.67,Single,0,Urban,15979.04,401,23,Cash,Yes,No
8653,44,Male,High School,Self-Employed,20241.01,Single,0,Urban,9487.12,410,17,Credit Card,No,No
8654,36,Male,High School,Employed,36265.4,Single,0,Suburban,12677.07,477,18,Cash,Yes,No
8655,47,Male,Diploma,Student,12195.79,Married,3,Urban,12948.64,488,24,Debit Card,Yes,No
8656,23,Female,High School,Employed,25758.76,Single,0,Suburban,13135.05,396,4,Mobile Money,No,No
8657,33,Female,Master,Student,14193.47,Married,1,Suburban,9909.55,400,13,Mobile Money,No,No
8658,57,Female,Bachelor,Student,12446.84,Single,0,Suburban,5921.53,435,39,Debit Card,Yes,Yes
8659,38,Female,Diploma,Employed,41896.22,Married,1,Urban,3221.39,499,17,Debit Card,Yes,No
8660,39,Female,High School,Employed,35521.14,Married,0,Suburban,3755.48,426,19,Debit Card,No,No
8661,65,Female,Bachelor,Employed,48480.14,Married,3,Suburban,11480.2,562,42,Mobile Money,Yes,No
8662,21,Female,High School,Employed,51581.81,Single,0,Urban,16145.83,486,0,Cash,Yes,No
8663,47,Male,Bachelor,Self-Employed,64355.25,Married,5,Urban,22641.74,553,23,Debit Card,No,No
8664,57,Male,Master,Employed,68954.45,Single,0,Suburban,27471.22,544,35,Credit Card,Yes,No
8665,34,Male,Bachelor,Employed,70557.51,Single,0,Urban,29880.82,518,10,Mobile Money,Yes,No
8666,48,Female,High School,Student,5000.0,Married,2,Urban,6967.57,449,30,Credit Card,Yes,No
8667,26,Female,Bachelor,Student,26474.05,Married,2,Suburban,7024.6,422,6,Credit Card,No,No
8668,29,Female,Diploma,Employed,40747.68,Single,0,Suburban,17774.01,384,8,Debit Card,No,No
8669,42,Female,High School,Unemployed,5000.0,Married,4,Suburban,4325.17,396,16,Credit Card,No,No
8670,47,Male,Diploma,Employed,31042.78,Married,1,Urban,7733.25,430,26,Credit Card,No,No
8671,51,Male,Master,Unemployed,10847.19,Married,1,Urban,6020.19,438,33,Credit Card,No,No
8672,56,Female,Diploma,Employed,37265.41,Single,0,Suburban,10150.62,493,35,Credit Card,No,No
8673,37,Male,Master,Student,16223.87,Married,1,Suburban,1000.0,378,10,Credit Card,Yes,No
8674,52,Female,High School,Self-Employed,40979.97,Married,5,Rural,15291.99,509,26,Credit Card,No,No
8675,33,Female,High School,Employed,32128.13,Married,0,Urban,9859.85,428,15,Debit Card,Yes,No
8676,48,Female,Bachelor,Employed,50918.34,Married,0,Urban,17964.1,493,24,Debit Card,Yes,No
8677,40,Male,High School,Employed,40716.1,Single,0,Urban,8322.45,456,15,Mobile Money,No,No
8678,43,Female,Diploma,Self-Employed,69390.42,Married,2,Suburban,14696.65,523,18,Debit Card,No,No
8679,43,Female,High School,Unemployed,20957.0,Married,2,Suburban,10703.88,431,21,Debit Card,Yes,No
8680,18,Female,Diploma,Self-Employed,45125.67,Single,0,Urban,14034.02,444,0,Credit Card,No,No
8681,24,Female,Diploma,Unemployed,16016.63,Single,0,Urban,9698.58,375,3,Debit Card,No,No
8682,39,Female,Bachelor,Self-Employed,70529.4,Single,0,Urban,29529.94,533,15,Debit Card,Yes,Yes
8683,18,Male,Bachelor,Student,23829.41,Single,0,Urban,8438.17,410,0,Cash,Yes,No
8684,47,Female,PhD,Self-Employed,105294.55,Married,3,Urban,39749.59,645,26,Credit Card,No,No
8685,48,Female,Bachelor,Employed,47280.66,Married,1,Suburban,22313.73,465,24,Mobile Money,Yes,No
8686,41,Male,Bachelor,Self-Employed,75070.81,Married,0,Suburban,29935.76,504,17,Credit Card,No,No
8687,24,Male,Bachelor,Employed,58251.02,Single,0,Urban,13745.94,426,5,Credit Card,No,Yes
8688,54,Male,Master,Student,5129.91,Married,4,Urban,1000.0,406,29,Mobile Money,Yes,No
8689,62,Female,Diploma,Employed,45644.59,Single,0,Urban,13816.95,538,37,Debit Card,Yes,No
8690,39,Male,Diploma,Employed,54706.04,Single,0,Rural,16532.41,432,19,Mobile Money,Yes,No
8691,44,Male,Bachelor,Employed,49449.92,Married,1,Suburban,25868.15,462,21,Credit Card,No,No
8692,40,Female,High School,Self-Employed,28871.99,Single,0,Urban,8454.24,408,22,Debit Card,Yes,No
8693,44,Female,Master,Employed,70240.51,Married,1,Urban,17707.39,526,22,Credit Card,Yes,No
8694,36,Male,Bachelor,Student,16442.4,Married,3,Rural,8706.22,433,9,Credit Card,Yes,No
8695,37,Male,Diploma,Employed,39400.69,Single,0,Urban,14214.5,422,19,Credit Card,Yes,No
8696,48,Male,Bachelor,Employed,64075.4,Married,5,Suburban,24025.95,551,30,Mobile Money,No,No
8697,66,Male,Diploma,Employed,42085.66,Single,0,Urban,12352.11,566,41,Debit Card,Yes,No
8698,21,Male,PhD,Employed,98093.23,Single,0,Rural,34139.82,564,0,Mobile Money,No,Yes
8699,36,Female,PhD,Employed,84233.4,Single,0,Suburban,26785.71,523,15,Credit Card,Yes,No
8700,23,Female,Bachelor,Employed,45178.23,Single,0,Urban,12619.74,382,0,Credit Card,No,No
8701,57,Female,High School,Employed,27279.73,Married,2,Urban,9885.71,483,37,Credit Card,Yes,No
8702,30,Male,Diploma,Employed,29228.43,Single,0,Urban,11694.92,442,7,Credit Card,Yes,No
8703,20,Female,Bachelor,Employed,58274.6,Single,0,Urban,23485.3,457,0,Credit Card,Yes,No
8704,45,Female,Master,Self-Employed,67866.37,Single,0,Suburban,31158.52,574,26,Mobile Money,No,Yes
8705,58,Male,High School,Employed,26378.18,Married,4,Urban,17244.31,391,34,Credit Card,No,No
8706,45,Male,High School,Employed,27712.34,Married,2,Urban,7183.88,448,27,Mobile Money,Yes,No
8707,40,Female,High School,Employed,21626.91,Married,2,Urban,9652.72,452,16,Credit Card,Yes,No
8708,42,Female,Bachelor,Employed,52549.17,Married,0,Urban,19795.74,518,24,Credit Card,Yes,No
8709,54,Male,Master,Employed,70034.17,Married,2,Suburban,10199.56,527,28,Debit Card,No,No
8710,27,Female,High School,Self-Employed,46153.86,Single,0,Urban,15129.98,432,0,Cash,Yes,No
8711,36,Female,High School,Student,5000.0,Married,1,Suburban,5387.52,419,14,Debit Card,No,No
8712,32,Female,Bachelor,Employed,57858.7,Married,1,Urban,27280.76,474,7,Mobile Money,No,No
8713,23,Male,Master,Employed,74446.07,Single,0,Urban,20789.4,508,0,Credit Card,No,No
8714,34,Female,Master,Employed,69830.65,Single,0,Urban,31905.33,490,12,Mobile Money,Yes,No
8715,51,Male,Bachelor,Employed,51015.67,Married,4,Urban,19462.14,472,31,Credit Card,No,No
8716,44,Female,High School,Employed,20888.07,Married,1,Urban,9269.43,450,24,Credit Card,Yes,No
8717,45,Female,Diploma,Employed,55188.52,Married,3,Rural,19982.26,487,26,Credit Card,No,No
8718,39,Male,PhD,Student,18581.12,Married,0,Urban,4317.38,411,16,Credit Card,Yes,No
8719,44,Female,PhD,Employed,87475.55,Married,3,Urban,17930.61,562,18,Credit Card,No,No
8720,28,Male,Bachelor,Employed,71972.4,Single,0,Urban,19023.18,481,1,Cash,Yes,No
8721,34,Female,Bachelor,Self-Employed,67778.29,Single,0,Suburban,23896.75,458,9,Debit Card,Yes,No
8722,40,Male,PhD,Employed,110347.98,Married,1,Urban,29035.21,597,22,Credit Card,No,No
8723,41,Female,Diploma,Employed,28669.45,Single,0,Urban,11517.68,434,16,Debit Card,Yes,No
8724,41,Male,High School,Self-Employed,34102.89,Married,1,Urban,11152.35,431,22,Credit Card,Yes,No
8725,36,Female,Bachelor,Employed,44039.85,Married,0,Urban,14117.23,458,13,Cash,Yes,No
8726,33,Female,PhD,Unemployed,26023.01,Married,1,Urban,8653.62,458,6,Debit Card,Yes,No
8727,70,Female,Bachelor,Employed,53984.74,Married,2,Rural,23225.81,481,45,Debit Card,No,No
8728,48,Male,Master,Employed,66335.74,Married,5,Urban,23971.0,457,26,Credit Card,Yes,No
8729,42,Female,Diploma,Self-Employed,48431.11,Married,3,Suburban,29606.85,498,24,Debit Card,No,No
8730,35,Male,High School,Employed,26725.62,Single,0,Suburban,6023.65,406,16,Mobile Money,Yes,No
8731,32,Female,High School,Employed,29117.01,Married,1,Suburban,2294.83,397,14,Debit Card,No,No
8732,36,Female,PhD,Employed,83953.66,Married,1,Urban,35290.12,570,11,Cash,Yes,Yes
8733,41,Female,Diploma,Unemployed,23542.57,Married,1,Urban,5668.87,445,23,Credit Card,No,No
8734,18,Female,High School,Self-Employed,27130.0,Single,0,Rural,10718.75,372,0,Mobile Money,Yes,No
8735,19,Male,PhD,Employed,91698.91,Single,0,Rural,36886.33,530,0,Credit Card,Yes,No
8736,30,Female,Diploma,Self-Employed,38458.84,Single,0,Suburban,8848.75,402,7,Credit Card,No,No
8737,40,Male,Master,Self-Employed,77320.44,Married,2,Suburban,26092.67,498,17,Debit Card,Yes,Yes
8738,35,Female,Bachelor,Student,5173.88,Single,0,Urban,2738.89,378,15,Credit Card,Yes,No
8739,55,Female,High School,Employed,28945.76,Married,3,Suburban,11875.2,458,30,Debit Card,Yes,No
8740,20,Female,Bachelor,Unemployed,17903.37,Single,0,Suburban,5361.52,377,2,Debit Card,No,Yes
8741,28,Female,PhD,Employed,81146.18,Single,0,Suburban,27381.85,487,7,Credit Card,Yes,No
8742,56,Male,High School,Unemployed,5691.95,Married,5,Suburban,1353.23,422,30,Credit Card,No,No
8743,39,Female,Master,Employed,62070.84,Married,1,Urban,29844.78,506,12,Mobile Money,Yes,No
8744,48,Male,High School,Employed,21717.52,Married,1,Urban,9927.61,438,24,Debit Card,No,No
8745,62,Female,Diploma,Unemployed,21068.48,Married,4,Suburban,4620.19,422,42,Credit Card,Yes,No
8746,29,Female,Diploma,Unemployed,5000.0,Married,0,Urban,3494.74,330,3,Debit Card,Yes,No
8747,36,Male,Master,Employed,70597.48,Married,0,Urban,29763.93,563,13,Mobile Money,Yes,No
8748,34,Male,Bachelor,Employed,68584.59,Married,2,Suburban,18081.33,442,13,Mobile Money,No,Yes
8749,18,Male,Diploma,Employed,49649.27,Married,0,Urban,14880.6,459,0,Credit Card,Yes,No
8750,34,Female,Master,Employed,73402.87,Married,1,Rural,28854.64,500,15,Cash,No,No
8751,48,Male,High School,Employed,29869.97,Married,2,Urban,8593.13,449,29,Credit Card,Yes,No
8752,44,Female,High School,Employed,35893.14,Married,3,Suburban,19640.73,426,21,Credit Card,Yes,No
8753,45,Female,High School,Employed,32955.15,Married,3,Suburban,13734.18,395,23,Credit Card,Yes,No
8754,33,Male,Bachelor,Employed,66381.01,Married,1,Urban,29439.01,502,14,Mobile Money,Yes,No
8755,30,Male,Bachelor,Employed,53930.25,Married,0,Rural,13323.1,449,8,Credit Card,No,No
8756,53,Female,Master,Student,22008.81,Married,5,Urban,10645.1,456,28,Credit Card,Yes,No
8757,32,Male,Diploma,Employed,37394.19,Married,0,Urban,5409.14,454,13,Credit Card,No,No
8758,41,Female,High School,Self-Employed,51147.97,Married,2,Urban,11170.92,518,23,Debit Card,No,No
8759,39,Male,Master,Unemployed,19705.23,Single,0,Urban,4164.36,428,15,Debit Card,Yes,No
8760,55,Male,Diploma,Employed,27048.52,Single,0,Rural,8319.7,479,29,Mobile Money,No,No
8761,49,Female,Master,Employed,70621.64,Married,0,Urban,27084.42,532,28,Cash,Yes,No
8762,22,Male,Diploma,Employed,46116.81,Single,0,Urban,16370.44,362,2,Debit Card,Yes,No
8763,23,Female,High School,Employed,43029.45,Single,0,Suburban,10249.81,459,0,Debit Card,No,Yes
8764,44,Female,Diploma,Employed,32030.79,Single,0,Urban,15652.7,433,26,Debit Card,Yes,No
8765,37,Male,High School,Employed,16044.62,Single,0,Rural,8228.1,339,18,Credit Card,No,No
8766,32,Male,High School,Student,9973.71,Married,1,Urban,1809.38,371,6,Debit Card,Yes,No
8767,50,Male,Diploma,Employed,43726.16,Single,0,Urban,12532.44,436,26,Mobile Money,No,No
8768,40,Male,High School,Self-Employed,24711.42,Single,0,Suburban,10326.89,425,22,Cash,Yes,No
8769,38,Female,High School,Employed,27363.22,Married,0,Suburban,8181.65,443,14,Credit Card,Yes,No
8770,47,Female,Diploma,Employed,37721.97,Single,0,Urban,18138.16,460,26,Debit Card,No,No
8771,33,Male,Diploma,Employed,46584.96,Single,0,Suburban,12589.46,464,14,Credit Card,No,Yes
8772,56,Male,Diploma,Employed,36690.35,Single,0,Urban,13294.07,486,33,Mobile Money,No,No
8773,28,Male,High School,Unemployed,5515.91,Married,0,Urban,1000.0,412,1,Credit Card,No,Yes
8774,45,Male,Bachelor,Employed,55917.01,Single,0,Suburban,21603.26,504,22,Credit Card,Yes,No
8775,55,Female,Bachelor,Employed,43975.11,Married,3,Rural,14496.01,475,30,Cash,Yes,No
8776,21,Female,Bachelor,Employed,70206.26,Single,0,Urban,33302.26,467,0,Debit Card,Yes,No
8777,33,Female,Diploma,Employed,47472.55,Married,2,Rural,9665.06,451,11,Debit Card,No,No
8778,51,Male,High School,Self-Employed,30385.62,Married,1,Suburban,10586.02,441,28,Mobile Money,No,No
8779,51,Female,Diploma,Self-Employed,39058.89,Married,3,Urban,12347.35,433,25,Debit Card,Yes,No
8780,35,Male,Master,Unemployed,12678.72,Single,0,Urban,1062.62,365,8,Credit Card,Yes,No
8781,29,Female,Diploma,Employed,44693.93,Married,0,Rural,23783.55,429,2,Debit Card,Yes,Yes
8782,49,Male,High School,Employed,21916.96,Married,1,Urban,1000.0,424,25,Credit Card,No,No
8783,52,Female,High School,Employed,28005.38,Married,2,Urban,8086.36,486,32,Mobile Money,Yes,No
8784,24,Female,Master,Self-Employed,70473.42,Single,0,Suburban,24789.42,525,0,Debit Card,No,Yes
8785,23,Male,Bachelor,Employed,59330.13,Single,0,Urban,24604.18,476,5,Credit Card,Yes,No
8786,40,Female,Diploma,Student,12630.0,Married,1,Urban,4921.67,413,14,Debit Card,No,No
8787,45,Female,Diploma,Student,6523.45,Single,0,Urban,3352.41,398,22,Credit Card,Yes,No
8788,34,Male,Master,Student,15548.46,Married,1,Suburban,1000.0,425,15,Debit Card,No,No
8789,46,Male,High School,Employed,36365.93,Married,0,Urban,12016.11,481,28,Cash,No,No
8790,29,Female,Bachelor,Employed,56333.41,Single,0,Urban,7256.26,495,4,Credit Card,Yes,No
8791,18,Female,Bachelor,Unemployed,22746.82,Single,0,Rural,4160.21,323,0,Cash,No,No
8792,32,Female,Diploma,Self-Employed,38656.19,Married,1,Suburban,18893.01,507,7,Credit Card,No,No
8793,38,Female,High School,Self-Employed,39029.55,Single,0,Urban,21377.74,417,14,Debit Card,No,No
8794,34,Female,High School,Employed,31547.61,Married,0,Suburban,13437.57,440,12,Debit Card,Yes,No
8795,24,Female,Master,Unemployed,30615.88,Single,0,Urban,13779.9,402,3,Credit Card,Yes,No
8796,18,Female,Bachelor,Employed,55242.98,Single,0,Urban,12974.5,410,0,Debit Card,No,No
8797,31,Male,Master,Employed,69221.11,Married,0,Rural,21185.78,481,7,Debit Card,No,No
8798,48,Female,Bachelor,Unemployed,12042.94,Married,2,Urban,1920.29,423,23,Debit Card,No,No
8799,53,Male,Master,Employed,81929.83,Married,3,Rural,19111.73,545,28,Credit Card,Yes,No
8800,52,Male,Master,Self-Employed,65150.53,Married,3,Urban,26968.12,525,28,Mobile Money,Yes,No
8801,28,Female,Diploma,Employed,44089.36,Single,0,Suburban,18967.41,434,10,Credit Card,Yes,No
8802,24,Male,Diploma,Employed,39836.94,Single,0,Rural,19569.19,395,6,Cash,Yes,Yes
8803,43,Male,Bachelor,Employed,53531.1,Married,2,Urban,15059.48,480,25,Debit Card,Yes,No
8804,45,Male,Bachelor,Employed,52365.42,Single,0,Urban,10598.53,523,25,Credit Card,Yes,No
8805,42,Female,Diploma,Employed,39553.16,Single,0,Suburban,10011.01,435,22,Debit Card,Yes,No
8806,18,Female,Master,Employed,73828.37,Single,0,Urban,31459.2,514,0,Mobile Money,No,Yes
8807,27,Female,High School,Unemployed,5000.0,Married,0,Urban,1000.0,316,5,Credit Card,Yes,No
8808,37,Female,Diploma,Employed,41080.22,Married,1,Urban,8435.15,445,12,Cash,No,No
8809,43,Male,Bachelor,Unemployed,19306.09,Married,2,Suburban,6047.02,450,24,Cash,Yes,No
8810,47,Male,High School,Employed,22369.99,Married,1,Suburban,12000.16,459,23,Credit Card,No,No
8811,39,Male,Diploma,Self-Employed,52030.97,Single,0,Urban,24918.94,535,19,Credit Card,Yes,No
8812,41,Male,PhD,Employed,92871.38,Married,2,Urban,36756.66,557,14,Debit Card,No,No
8813,39,Male,Bachelor,Employed,48608.28,Married,2,Urban,11122.14,462,20,Debit Card,Yes,No
8814,46,Male,Master,Self-Employed,74495.35,Married,3,Urban,31580.89,482,23,Credit Card,Yes,No
8815,41,Male,Bachelor,Employed,48503.1,Married,0,Suburban,10508.24,458,14,Mobile Money,Yes,No
8816,38,Female,Bachelor,Student,12083.02,Single,0,Urban,6361.11,398,16,Debit Card,Yes,No
8817,34,Female,Bachelor,Employed,54392.55,Single,0,Urban,14891.8,501,7,Cash,Yes,No
8818,38,Female,High School,Student,17151.39,Married,4,Rural,3403.9,330,13,Debit Card,Yes,No
8819,43,Female,Bachelor,Employed,52062.97,Married,2,Rural,10516.55,465,19,Credit Card,Yes,No
8820,41,Male,Diploma,Employed,32887.21,Married,1,Suburban,15178.55,479,17,Credit Card,No,No
8821,42,Female,PhD,Employed,95256.17,Married,2,Suburban,36004.24,590,24,Debit Card,Yes,No
8822,54,Male,Diploma,Employed,32159.8,Married,2,Rural,8866.26,431,31,Debit Card,No,No
8823,41,Female,High School,Employed,23673.32,Married,1,Suburban,6127.65,452,18,Mobile Money,No,No
8824,30,Female,Bachelor,Employed,48778.04,Single,0,Urban,15573.42,472,8,Credit Card,No,No
8825,48,Female,Bachelor,Employed,31021.17,Married,2,Urban,10452.86,508,26,Debit Card,No,No
8826,21,Female,High School,Self-Employed,40534.93,Single,0,Urban,12099.23,429,2,Mobile Money,Yes,No
8827,25,Female,High School,Unemployed,16519.85,Married,0,Urban,7180.64,397,2,Credit Card,Yes,Yes
8828,42,Female,Master,Employed,77333.49,Married,2,Urban,14842.73,572,16,Credit Card,Yes,No
8829,44,Male,Diploma,Employed,55083.43,Single,0,Suburban,16671.08,496,25,Cash,Yes,No
8830,23,Female,High School,Employed,42056.24,Single,0,Suburban,16739.47,453,5,Mobile Money,No,No
8831,33,Male,Diploma,Unemployed,9328.27,Married,0,Suburban,4397.19,362,13,Debit Card,No,No
8832,30,Female,Diploma,Employed,48873.92,Single,0,Urban,25422.01,431,3,Cash,No,No
8833,32,Male,High School,Self-Employed,35218.88,Married,1,Urban,11094.7,474,8,Debit Card,No,No
8834,49,Male,PhD,Employed,86592.24,Married,4,Urban,28563.43,547,23,Mobile Money,No,No
8835,46,Female,Diploma,Employed,33955.38,Married,1,Suburban,9955.73,481,22,Debit Card,No,No
8836,37,Male,High School,Employed,27859.01,Married,2,Rural,5573.47,432,10,Debit Card,No,No
8837,31,Female,PhD,Employed,92631.78,Married,0,Rural,37847.06,544,4,Mobile Money,Yes,No
8838,21,Male,Bachelor,Employed,67649.1,Single,0,Urban,19918.89,505,0,Debit Card,No,Yes
8839,55,Female,Diploma,Self-Employed,53829.16,Married,2,Suburban,19723.0,528,35,Cash,No,No
8840,45,Female,Diploma,Employed,33829.53,Married,4,Urban,16480.1,455,23,Credit Card,Yes,No
8841,29,Female,Master,Employed,61646.97,Married,0,Urban,25893.06,489,9,Credit Card,Yes,No
8842,46,Male,Diploma,Self-Employed,52548.35,Married,1,Suburban,11755.89,496,23,Credit Card,Yes,No
8843,37,Male,Bachelor,Employed,62218.99,Married,2,Rural,13912.08,510,14,Credit Card,No,No
8844,34,Female,Bachelor,Employed,64819.81,Married,0,Suburban,16501.48,489,9,Credit Card,No,No
8845,43,Male,Diploma,Self-Employed,45849.99,Single,0,Urban,13966.72,502,19,Credit Card,No,No
8846,29,Male,Bachelor,Self-Employed,69756.02,Married,0,Urban,16865.02,457,10,Cash,Yes,No
8847,33,Female,Diploma,Employed,46846.61,Single,0,Suburban,20240.36,443,15,Credit Card,No,No
8848,39,Male,High School,Self-Employed,25191.53,Single,0,Rural,6133.63,449,16,Credit Card,No,No
8849,32,Male,Master,Employed,72222.17,Married,1,Rural,20192.41,470,5,Cash,Yes,No
8850,46,Male,High School,Employed,37234.78,Married,2,Suburban,14377.95,540,25,Credit Card,Yes,No
8851,60,Male,Diploma,Employed,44083.13,Married,4,Suburban,8682.03,490,34,Debit Card,No,No
8852,28,Female,Bachelor,Employed,54354.83,Single,0,Rural,16933.63,459,9,Credit Card,Yes,Yes
8853,18,Male,Bachelor,Student,31879.56,Single,0,Rural,3964.47,379,0,Debit Card,No,Yes
8854,18,Female,Diploma,Self-Employed,63444.15,Single,0,Rural,14333.79,468,0,Cash,Yes,Yes
8855,36,Male,Bachelor,Employed,55075.17,Single,0,Suburban,11333.5,468,9,Credit Card,Yes,No
8856,30,Male,High School,Employed,28482.19,Married,0,Urban,11664.36,463,5,Credit Card,No,Yes
8857,40,Female,Bachelor,Unemployed,22102.23,Married,4,Urban,4487.9,406,22,Cash,Yes,No
8858,39,Male,Master,Unemployed,20539.77,Married,1,Urban,9814.26,432,13,Credit Card,Yes,No
8859,18,Female,Master,Employed,80172.34,Single,0,Urban,36436.7,488,0,Debit Card,No,No
8860,18,Female,Bachelor,Employed,44861.97,Married,0,Urban,17973.36,414,0,Debit Card,Yes,No
8861,41,Male,Diploma,Self-Employed,46074.4,Married,1,Rural,16125.93,479,17,Credit Card,Yes,No
8862,39,Female,High School,Self-Employed,41481.97,Single,0,Suburban,7965.06,428,15,Credit Card,No,No
8863,32,Male,Diploma,Employed,48029.99,Married,3,Urban,10919.0,435,6,Credit Card,Yes,No
8864,18,Male,Bachelor,Self-Employed,54152.66,Single,0,Urban,19257.76,454,0,Debit Card,Yes,No
8865,43,Male,High School,Employed,22367.5,Married,1,Rural,10218.93,429,16,Debit Card,Yes,No
8866,53,Female,PhD,Employed,76589.92,Married,3,Urban,21547.26,558,27,Credit Card,No,No
8867,41,Male,Master,Employed,63014.57,Married,0,Suburban,29393.25,551,16,Credit Card,No,No
8868,27,Female,High School,Employed,19782.28,Single,0,Urban,7664.73,417,2,Credit Card,Yes,No
8869,38,Female,Bachelor,Unemployed,20813.05,Married,0,Urban,13569.72,391,20,Credit Card,Yes,No
8870,21,Male,Bachelor,Employed,56832.04,Single,0,Urban,21285.52,436,0,Debit Card,No,No
8871,50,Male,High School,Employed,28769.37,Single,0,Urban,11398.15,425,24,Credit Card,No,Yes
8872,38,Female,Bachelor,Unemployed,16708.76,Single,0,Suburban,8028.04,385,20,Credit Card,No,No
8873,18,Female,Diploma,Employed,49553.92,Single,0,Urban,22426.16,464,0,Debit Card,No,No
8874,34,Male,High School,Self-Employed,27661.85,Single,0,Urban,9977.82,455,16,Debit Card,No,No
8875,43,Female,Bachelor,Self-Employed,50558.39,Married,0,Suburban,14814.34,464,16,Debit Card,Yes,No
8876,34,Male,PhD,Employed,95684.1,Married,2,Urban,36738.63,562,13,Debit Card,No,No
8877,34,Female,Diploma,Employed,36872.29,Married,0,Rural,11978.97,437,9,Mobile Money,Yes,No
8878,23,Female,Bachelor,Unemployed,8352.52,Single,0,Urban,2361.33,374,1,Credit Card,Yes,Yes
8879,44,Female,Diploma,Employed,44432.09,Married,2,Urban,21201.43,492,20,Mobile Money,No,No
8880,30,Female,Master,Employed,54258.83,Married,0,Urban,7335.29,485,6,Debit Card,Yes,No
8881,18,Female,Master,Unemployed,14139.29,Married,0,Suburban,3798.53,333,0,Mobile Money,No,Yes
8882,33,Female,High School,Employed,10890.75,Married,1,Urban,1000.0,362,15,Debit Card,Yes,No
8883,49,Female,Master,Employed,72072.76,Married,5,Urban,30592.36,477,25,Debit Card,No,No
8884,33,Male,High School,Self-Employed,48589.52,Single,0,Suburban,14458.52,479,8,Cash,Yes,No
8885,58,Female,High School,Self-Employed,31414.57,Married,2,Rural,12956.04,491,33,Debit Card,Yes,No
8886,43,Male,Bachelor,Employed,48667.65,Single,0,Rural,21915.44,512,21,Credit Card,No,No
8887,42,Male,Diploma,Employed,54276.43,Married,5,Suburban,14116.85,420,24,Mobile Money,No,No
8888,36,Male,Bachelor,Employed,60019.48,Married,0,Urban,20597.17,507,15,Credit Card,Yes,No
8889,37,Male,Bachelor,Self-Employed,85043.51,Married,0,Rural,22752.54,501,13,Debit Card,Yes,No
8890,34,Male,High School,Unemployed,10286.42,Married,2,Rural,1000.0,408,7,Mobile Money,Yes,No
8891,34,Female,Diploma,Employed,41813.1,Married,1,Urban,6345.61,507,13,Debit Card,Yes,No
8892,44,Male,Diploma,Self-Employed,59558.64,Married,4,Urban,13686.43,535,26,Credit Card,Yes,No
8893,26,Female,Diploma,Employed,38810.97,Married,1,Urban,4761.07,405,2,Debit Card,Yes,No
8894,25,Male,High School,Unemployed,10977.57,Single,0,Urban,1317.42,425,5,Credit Card,Yes,Yes
8895,24,Male,High School,Employed,10629.61,Single,0,Urban,6039.36,365,4,Debit Card,Yes,No
8896,62,Male,Master,Self-Employed,97901.63,Married,3,Urban,25501.34,598,39,Credit Card,No,No
8897,44,Male,Master,Student,17126.99,Single,0,Suburban,1337.97,424,19,Credit Card,No,No
8898,41,Female,High School,Unemployed,8140.99,Married,2,Suburban,4363.47,426,16,Credit Card,No,No
8899,25,Female,High School,Self-Employed,43258.76,Married,1,Rural,17530.35,433,3,Credit Card,No,No
8900,45,Male,Bachelor,Self-Employed,56548.31,Married,1,Urban,13106.56,490,26,Cash,No,No
8901,36,Male,PhD,Student,13588.97,Married,1,Suburban,5781.53,354,15,Credit Card,Yes,No
8902,40,Female,Diploma,Unemployed,16426.68,Married,2,Suburban,7089.27,436,14,Credit Card,Yes,No
8903,26,Male,Master,Self-Employed,84352.21,Single,0,Urban,35266.0,530,8,Mobile Money,No,No
8904,39,Male,Bachelor,Self-Employed,69573.05,Married,1,Rural,23348.21,478,17,Debit Card,No,No
8905,32,Female,PhD,Employed,91994.43,Single,0,Urban,49191.03,522,13,Debit Card,Yes,No
8906,28,Male,High School,Employed,35044.35,Married,1,Rural,16518.01,494,7,Debit Card,Yes,No
8907,46,Female,PhD,Employed,79433.58,Married,2,Rural,34724.89,558,25,Cash,No,No
8908,19,Female,Diploma,Employed,50225.16,Single,0,Urban,23629.8,426,0,Credit Card,Yes,Yes
8909,44,Male,PhD,Self-Employed,104128.91,Married,3,Urban,43326.74,578,21,Debit Card,No,No
8910,46,Male,Diploma,Employed,40461.86,Married,1,Suburban,16074.15,515,23,Credit Card,No,No
8911,27,Female,Bachelor,Employed,50193.79,Single,0,Urban,18468.48,454,2,Debit Card,No,Yes
8912,28,Male,Master,Employed,67700.76,Married,0,Rural,15554.99,504,9,Credit Card,No,No
8913,35,Female,Bachelor,Employed,56832.75,Single,0,Suburban,15865.83,492,15,Credit Card,Yes,No
8914,41,Female,Bachelor,Employed,60881.35,Married,1,Urban,24679.57,562,21,Credit Card,No,No
8915,36,Male,Diploma,Student,15209.85,Single,0,Rural,9330.74,380,10,Credit Card,No,No
8916,43,Female,Bachelor,Self-Employed,69460.09,Married,4,Urban,32729.54,489,17,Credit Card,No,Yes
8917,59,Male,Master,Employed,65233.64,Married,4,Suburban,24669.5,551,32,Debit Card,Yes,No
8918,31,Male,High School,Employed,32955.57,Married,1,Suburban,11167.24,442,4,Debit Card,Yes,No
8919,18,Female,Bachelor,Self-Employed,67922.31,Single,0,Urban,28398.76,471,0,Credit Card,Yes,No
8920,47,Female,Master,Self-Employed,84472.52,Married,1,Suburban,30704.04,542,23,Mobile Money,No,No
8921,58,Female,Bachelor,Employed,59273.79,Married,5,Rural,25127.28,500,38,Cash,Yes,No
8922,42,Male,Master,Employed,59793.94,Married,3,Urban,16463.98,456,21,Credit Card,Yes,Yes
8923,24,Female,Master,Employed,53784.64,Single,0,Suburban,11487.57,469,5,Debit Card,No,No
8924,36,Male,Bachelor,Employed,64519.99,Married,0,Urban,19001.01,438,18,Cash,Yes,No
8925,24,Female,Bachelor,Employed,53949.01,Single,0,Rural,21163.55,466,5,Cash,Yes,No
8926,45,Female,PhD,Self-Employed,111327.43,Married,2,Rural,42665.34,605,26,Debit Card,Yes,No
8927,21,Female,Master,Unemployed,14059.47,Single,0,Urban,2965.74,417,0,Credit Card,Yes,Yes
8928,34,Female,Master,Employed,80097.79,Single,0,Rural,37818.59,545,8,Debit Card,No,No
8929,25,Female,High School,Self-Employed,38800.63,Married,0,Urban,13597.67,490,5,Debit Card,No,No
8930,39,Female,High School,Student,5000.0,Married,2,Urban,6349.02,396,19,Credit Card,Yes,No
8931,33,Female,Bachelor,Self-Employed,68286.33,Single,0,Urban,28774.16,456,8,Mobile Money,Yes,No
8932,40,Female,Bachelor,Self-Employed,52066.4,Married,0,Urban,23262.25,461,14,Credit Card,No,No
8933,38,Female,Diploma,Student,10985.03,Married,1,Rural,2936.17,300,13,Credit Card,No,No
8934,26,Female,High School,Employed,41894.62,Married,0,Suburban,10406.79,449,1,Credit Card,Yes,No
8935,45,Female,Diploma,Employed,42522.23,Married,3,Urban,17414.77,514,18,Credit Card,No,No
8936,37,Male,Bachelor,Student,12489.14,Married,1,Suburban,6519.77,384,15,Mobile Money,No,No
8937,26,Male,Master,Employed,67463.75,Single,0,Suburban,21423.92,457,7,Cash,No,No
8938,64,Female,Master,Self-Employed,92662.09,Married,1,Suburban,23044.46,643,39,Debit Card,Yes,No
8939,43,Male,Diploma,Unemployed,21848.07,Married,3,Suburban,10698.59,472,19,Debit Card,Yes,No
8940,36,Female,Diploma,Employed,36544.45,Married,1,Urban,15705.48,464,11,Debit Card,No,No
8941,54,Male,Diploma,Employed,42869.17,Married,2,Urban,23110.7,512,34,Cash,No,Yes
8942,60,Male,Diploma,Employed,41857.72,Married,5,Urban,19564.98,471,38,Cash,No,No
8943,36,Female,Bachelor,Employed,58214.17,Married,1,Urban,24289.61,456,13,Debit Card,Yes,No
8944,42,Female,Diploma,Employed,33818.2,Single,0,Urban,21011.82,416,21,Debit Card,Yes,No
8945,26,Male,High School,Employed,39142.21,Married,0,Urban,17072.26,426,0,Mobile Money,Yes,Yes
8946,36,Female,Diploma,Employed,44521.75,Single,0,Urban,14296.64,421,10,Debit Card,No,No
8947,35,Female,High School,Employed,39619.24,Married,0,Suburban,10599.52,469,13,Credit Card,No,No
8948,40,Male,High School,Employed,21077.25,Married,3,Rural,6083.42,427,13,Credit Card,Yes,No
8949,41,Male,Diploma,Self-Employed,39547.31,Married,3,Suburban,13903.45,467,14,Debit Card,No,No
8950,44,Male,High School,Unemployed,25475.16,Single,0,Urban,10924.17,495,22,Debit Card,Yes,No
8951,40,Male,Diploma,Employed,49177.03,Married,1,Suburban,21189.05,549,17,Credit Card,No,No
8952,23,Male,Diploma,Employed,33479.3,Married,1,Suburban,18928.3,450,5,Credit Card,No,No
8953,26,Male,Bachelor,Student,17945.22,Married,0,Rural,3949.86,417,7,Mobile Money,Yes,Yes
8954,31,Male,PhD,Employed,86273.49,Single,0,Urban,36026.35,508,8,Cash,Yes,No
8955,34,Female,Bachelor,Employed,41410.32,Single,0,Urban,14198.93,445,10,Cash,Yes,No
8956,50,Female,Bachelor,Employed,38198.0,Married,2,Urban,18907.42,541,25,Credit Card,Yes,No
8957,24,Female,Master,Employed,69824.09,Single,0,Suburban,36577.29,502,3,Debit Card,No,Yes
8958,33,Male,Diploma,Employed,52486.41,Single,0,Urban,11959.8,458,8,Credit Card,Yes,Yes
8959,49,Female,High School,Employed,42171.1,Married,3,Urban,12684.82,465,30,Mobile Money,Yes,No
8960,34,Female,Diploma,Employed,50081.16,Single,0,Suburban,13621.23,451,10,Credit Card,Yes,No
8961,43,Female,Diploma,Employed,46640.09,Married,0,Suburban,26466.95,497,24,Credit Card,No,No
8962,36,Female,Bachelor,Employed,57538.92,Married,1,Urban,24486.87,473,12,Credit Card,Yes,No
8963,41,Female,High School,Self-Employed,45215.71,Married,4,Urban,10644.84,475,19,Mobile Money,No,No
8964,35,Female,Master,Employed,53912.91,Single,0,Urban,18666.87,467,14,Debit Card,Yes,No
8965,46,Female,High School,Employed,37918.3,Married,0,Rural,8698.43,460,23,Credit Card,Yes,No
8966,19,Male,Master,Unemployed,12031.96,Single,0,Urban,5032.78,358,0,Credit Card,No,No
8967,33,Male,Master,Employed,62698.22,Single,0,Rural,27132.45,472,15,Credit Card,No,No
8968,41,Male,PhD,Employed,95566.82,Married,3,Urban,37824.68,561,15,Cash,Yes,No
8969,44,Male,Master,Employed,77429.85,Married,1,Rural,19225.87,563,24,Debit Card,Yes,No
8970,55,Male,High School,Self-Employed,31122.33,Married,1,Urban,16645.89,440,29,Debit Card,Yes,Yes
8971,33,Female,Bachelor,Self-Employed,71169.54,Married,2,Urban,25929.08,501,6,Credit Card,Yes,No
8972,55,Male,High School,Employed,34503.46,Married,4,Urban,14718.81,515,37,Credit Card,Yes,No
8973,30,Female,Master,Employed,67514.82,Married,1,Urban,12297.26,462,12,Debit Card,No,No
8974,53,Female,Diploma,Employed,41230.81,Married,3,Urban,23439.13,417,32,Debit Card,No,No
8975,47,Male,Diploma,Self-Employed,64647.07,Single,0,Urban,28047.39,476,21,Credit Card,Yes,No
8976,27,Female,Master,Unemployed,18747.46,Married,0,Rural,5576.73,386,8,Credit Card,Yes,No
8977,41,Male,High School,Employed,28023.26,Single,0,Urban,10869.49,428,16,Cash,Yes,No
8978,37,Female,High School,Employed,31200.06,Married,4,Suburban,13776.55,481,13,Cash,No,No
8979,45,Female,Diploma,Employed,38536.37,Married,1,Suburban,16775.22,490,21,Debit Card,Yes,No
8980,35,Male,Bachelor,Employed,61324.02,Married,1,Urban,16330.9,525,16,Credit Card,Yes,No
8981,34,Female,Bachelor,Self-Employed,77753.95,Married,0,Urban,20809.89,526,16,Credit Card,Yes,No
8982,54,Female,Bachelor,Employed,53026.65,Single,0,Rural,20838.62,496,33,Credit Card,Yes,No
8983,36,Male,Master,Employed,63145.72,Single,0,Urban,24079.48,534,15,Debit Card,No,No
8984,47,Female,High School,Self-Employed,51799.26,Married,1,Urban,28274.37,483,28,Cash,No,Yes
8985,35,Female,Bachelor,Employed,55958.48,Single,0,Rural,17809.95,466,14,Mobile Money,No,No
8986,57,Male,Bachelor,Self-Employed,52363.78,Married,4,Urban,22339.34,498,37,Credit Card,No,No
8987,29,Female,Bachelor,Employed,69898.19,Married,0,Rural,17313.25,525,8,Mobile Money,Yes,No
8988,30,Male,Diploma,Employed,49009.5,Married,0,Urban,18592.36,452,4,Debit Card,Yes,No
8989,56,Male,High School,Unemployed,21810.74,Married,3,Rural,9048.0,466,35,Credit Card,Yes,No
8990,32,Male,High School,Self-Employed,47473.98,Married,0,Suburban,23158.03,444,14,Cash,No,No
8991,57,Female,High School,Employed,51159.9,Married,5,Urban,8364.65,578,39,Credit Card,No,No
8992,48,Female,Diploma,Unemployed,5000.0,Married,1,Suburban,3948.97,459,26,Debit Card,No,No
8993,36,Male,High School,Self-Employed,29634.82,Single,0,Rural,12657.81,424,12,Cash,Yes,No
8994,18,Male,Diploma,Self-Employed,44061.89,Single,0,Urban,15080.85,387,0,Mobile Money,No,Yes
8995,37,Male,High School,Self-Employed,31833.23,Single,0,Rural,4520.2,432,17,Credit Card,Yes,Yes
8996,39,Female,Bachelor,Employed,55983.61,Married,0,Suburban,22440.67,590,17,Credit Card,Yes,No
8997,52,Male,Master,Employed,66080.81,Married,2,Urban,22641.98,540,29,Debit Card,No,No
8998,57,Female,Diploma,Self-Employed,38483.6,Married,4,Urban,13811.21,441,34,Mobile Money,Yes,No
8999,29,Female,Bachelor,Employed,48004.5,Married,1,Urban,13065.11,438,2,Debit Card,No,Yes
9000,47,Female,PhD,Unemployed,24649.98,Single,0,Rural,5980.73,420,20,Credit Card,Yes,No
9001,47,Male,Bachelor,Employed,64154.4,Married,0,Urban,21961.46,560,21,Cash,No,No
9002,50,Male,PhD,Self-Employed,103397.52,Married,2,Suburban,42406.7,570,32,Debit Card,No,No
9003,43,Male,High School,Employed,36479.74,Married,1,Suburban,13805.95,496,21,Credit Card,Yes,No
9004,18,Female,Master,Employed,59429.77,Single,0,Suburban,12562.41,423,0,Debit Card,No,No
9005,36,Female,Diploma,Self-Employed,22408.82,Single,0,Rural,12399.53,402,11,Credit Card,No,No
9006,24,Female,High School,Self-Employed,34934.6,Single,0,Suburban,14679.15,395,2,Credit Card,No,No
9007,35,Male,PhD,Employed,85119.93,Married,2,Suburban,31184.2,492,13,Debit Card,Yes,No
9008,49,Female,PhD,Employed,82946.1,Married,2,Rural,17043.91,548,22,Debit Card,Yes,No
9009,41,Male,Diploma,Unemployed,5000.0,Married,2,Suburban,1716.91,408,14,Debit Card,No,No
9010,51,Male,PhD,Unemployed,21339.88,Single,0,Rural,6845.9,412,26,Credit Card,No,No
9011,42,Female,High School,Employed,22101.2,Married,2,Suburban,13744.76,432,15,Debit Card,No,No
9012,22,Male,Bachelor,Employed,47826.11,Single,0,Suburban,8173.4,373,0,Credit Card,No,No
9013,18,Female,High School,Employed,19129.22,Single,0,Urban,8064.65,366,0,Mobile Money,No,Yes
9014,39,Female,High School,Student,5000.0,Married,3,Urban,1000.0,393,13,Cash,Yes,No
9015,35,Female,Bachelor,Employed,37324.74,Married,3,Rural,13736.37,439,10,Debit Card,No,No
9016,26,Male,Diploma,Employed,59688.71,Single,0,Urban,26247.21,538,5,Cash,Yes,No
9017,18,Male,High School,Employed,29494.03,Single,0,Urban,11976.23,373,0,Mobile Money,Yes,No
9018,29,Male,Diploma,Self-Employed,60196.34,Single,0,Urban,9172.18,445,4,Credit Card,Yes,No
9019,35,Male,High School,Unemployed,7579.27,Married,1,Suburban,1683.5,396,17,Credit Card,No,No
9020,45,Female,Bachelor,Employed,53845.79,Married,0,Urban,22746.34,480,21,Credit Card,No,No
9021,40,Female,High School,Employed,32453.36,Married,2,Suburban,13563.51,406,21,Debit Card,No,No
9022,57,Male,Master,Employed,75120.57,Married,1,Suburban,23555.54,489,38,Debit Card,Yes,No
9023,25,Female,Diploma,Employed,30026.64,Single,0,Urban,12294.82,434,2,Mobile Money,Yes,No
9024,48,Female,Diploma,Employed,36961.8,Married,5,Urban,13693.86,475,22,Cash,Yes,No
9025,38,Male,Diploma,Unemployed,14438.25,Married,2,Urban,3153.43,445,11,Debit Card,Yes,No
9026,46,Male,Bachelor,Unemployed,5000.0,Married,3,Urban,4328.26,410,19,Cash,No,No
9027,32,Male,High School,Student,16378.71,Single,0,Suburban,5917.76,409,13,Credit Card,No,No
9028,50,Female,Diploma,Employed,48502.06,Married,2,Urban,16753.08,526,28,Credit Card,Yes,No
9029,41,Female,Diploma,Employed,23185.79,Married,1,Suburban,10655.04,456,19,Mobile Money,Yes,No
9030,29,Female,Master,Self-Employed,76968.0,Single,0,Rural,24867.1,522,9,Cash,Yes,No
9031,37,Male,High School,Employed,30838.8,Married,2,Rural,2099.73,440,19,Credit Card,No,Yes
9032,35,Female,Master,Employed,76734.74,Married,0,Suburban,38948.44,509,14,Cash,No,No
9033,43,Male,High School,Employed,42209.02,Married,5,Rural,14640.86,418,22,Mobile Money,No,No
9034,23,Female,High School,Student,5000.0,Single,0,Suburban,5396.19,360,1,Credit Card,Yes,No
9035,37,Female,High School,Self-Employed,54705.37,Single,0,Suburban,21915.03,462,18,Cash,No,No
9036,42,Male,High School,Employed,29609.93,Married,2,Suburban,10908.07,472,23,Debit Card,No,No
9037,38,Female,Bachelor,Employed,53206.98,Single,0,Rural,14413.31,485,11,Cash,No,No
9038,54,Female,PhD,Unemployed,31493.8,Married,3,Suburban,12174.05,473,30,Debit Card,No,No
9039,47,Female,High School,Unemployed,11486.32,Married,2,Urban,6919.63,457,27,Debit Card,Yes,No
9040,37,Male,Diploma,Self-Employed,50039.07,Single,0,Urban,23986.61,483,18,Credit Card,Yes,No
9041,40,Male,Diploma,Employed,55969.29,Married,1,Urban,23937.17,471,13,Credit Card,Yes,No
9042,41,Female,Diploma,Employed,41978.96,Married,3,Suburban,9632.8,451,22,Mobile Money,Yes,No
9043,42,Female,Diploma,Self-Employed,40125.81,Married,4,Suburban,12726.32,407,19,Cash,No,No
9044,18,Male,Master,Student,7281.96,Single,0,Urban,4150.34,401,0,Debit Card,Yes,No
9045,34,Female,High School,Employed,41781.0,Married,0,Rural,20628.84,420,16,Credit Card,No,No
9046,20,Male,Bachelor,Employed,60470.63,Single,0,Rural,25329.68,454,0,Debit Card,Yes,No
9047,53,Female,Diploma,Employed,27549.21,Married,1,Suburban,1000.0,453,29,Debit Card,Yes,No
9048,37,Male,Diploma,Employed,27155.8,Single,0,Urban,9998.45,372,16,Cash,Yes,No
9049,35,Male,Diploma,Employed,40200.44,Married,1,Suburban,20606.49,472,16,Debit Card,No,No
9050,48,Female,Diploma,Unemployed,16931.91,Single,0,Rural,2204.91,470,28,Debit Card,Yes,No
9051,43,Male,High School,Employed,24575.62,Married,2,Urban,7352.09,428,25,Mobile Money,No,No
9052,24,Female,High School,Employed,16558.64,Single,0,Suburban,6235.33,382,4,Credit Card,No,No
9053,37,Female,Diploma,Employed,30998.63,Married,1,Urban,12550.97,397,16,Credit Card,Yes,No
9054,33,Male,Master,Unemployed,34166.01,Married,2,Rural,12654.78,442,8,Credit Card,No,No
9055,18,Male,High School,Self-Employed,39975.76,Married,0,Rural,15016.29,401,0,Debit Card,No,Yes
9056,29,Female,Bachelor,Employed,63000.66,Married,0,Urban,32148.93,469,6,Mobile Money,Yes,No
9057,35,Male,Diploma,Employed,49319.95,Single,0,Urban,19889.19,464,11,Debit Card,Yes,No
9058,36,Female,Master,Employed,64991.95,Married,0,Urban,20730.0,548,14,Mobile Money,No,No
9059,20,Female,Diploma,Employed,37015.72,Single,0,Urban,14534.74,453,0,Cash,Yes,No
9060,51,Female,High School,Employed,28655.96,Married,5,Suburban,10034.26,382,30,Cash,Yes,No
9061,36,Female,PhD,Self-Employed,111333.48,Married,1,Urban,24360.56,570,10,Credit Card,No,No
9062,38,Male,High School,Employed,38716.04,Single,0,Urban,20352.61,458,12,Debit Card,Yes,No
9063,42,Female,Bachelor,Student,25959.05,Married,2,Suburban,10274.19,391,18,Credit Card,Yes,No
9064,28,Female,Bachelor,Employed,61514.42,Married,0,Suburban,21401.43,442,1,Credit Card,No,Yes
9065,43,Male,Diploma,Employed,46572.69,Married,2,Rural,18588.34,501,17,Debit Card,Yes,No
9066,33,Female,PhD,Employed,105413.05,Married,2,Urban,25452.7,567,12,Debit Card,No,No
9067,27,Female,Master,Employed,68359.53,Married,1,Urban,19725.14,531,5,Mobile Money,Yes,No
9068,44,Male,Master,Employed,79512.02,Married,1,Suburban,13132.17,505,18,Mobile Money,No,No
9069,55,Male,PhD,Self-Employed,112626.26,Single,0,Urban,25162.94,659,31,Credit Card,Yes,No
9070,46,Female,Diploma,Employed,44919.62,Married,2,Urban,14233.29,520,27,Debit Card,No,No
9071,49,Male,High School,Employed,28283.78,Married,2,Suburban,12011.4,451,24,Credit Card,Yes,No
9072,31,Male,Bachelor,Unemployed,5346.14,Single,0,Urban,1000.0,398,8,Debit Card,Yes,No
9073,18,Male,Diploma,Student,10758.67,Single,0,Urban,3373.69,356,0,Credit Card,Yes,No
9074,55,Male,High School,Self-Employed,38792.67,Married,4,Urban,8136.33,505,30,Mobile Money,No,No
9075,62,Male,Diploma,Unemployed,7396.46,Married,4,Rural,3379.62,439,40,Debit Card,Yes,No
9076,56,Female,Master,Employed,69226.12,Married,3,Suburban,18249.72,521,37,Credit Card,Yes,No
9077,33,Male,High School,Employed,22944.85,Married,0,Urban,10382.47,417,12,Debit Card,Yes,No
9078,24,Female,Master,Employed,63012.71,Single,0,Urban,15392.14,444,0,Debit Card,No,No
9079,25,Male,Diploma,Student,5000.0,Single,0,Suburban,1000.0,337,1,Debit Card,No,No
9080,18,Male,High School,Employed,19372.49,Single,0,Urban,9407.3,377,0,Credit Card,Yes,No
9081,36,Male,Master,Employed,65332.17,Married,3,Suburban,27689.8,516,13,Credit Card,Yes,No
9082,57,Male,PhD,Employed,95709.88,Single,0,Rural,31169.82,583,30,Credit Card,Yes,No
9083,36,Male,Diploma,Employed,51648.94,Single,0,Urban,13177.79,438,13,Credit Card,Yes,No
9084,41,Female,Diploma,Employed,56603.5,Married,1,Urban,27865.76,524,20,Credit Card,No,No
9085,54,Female,Diploma,Employed,36798.93,Married,5,Urban,2936.78,498,29,Credit Card,No,Yes
9086,33,Male,Master,Employed,79600.85,Married,0,Rural,36145.41,495,11,Credit Card,No,No
9087,62,Male,High School,Employed,32689.39,Married,4,Rural,19001.36,440,44,Debit Card,No,No
9088,61,Male,High School,Employed,28101.17,Married,1,Urban,5589.52,485,37,Credit Card,No,No
9089,36,Female,Bachelor,Employed,58217.62,Married,1,Rural,21421.04,486,12,Credit Card,No,No
9090,31,Female,Diploma,Self-Employed,56817.01,Married,0,Urban,11437.66,482,10,Credit Card,Yes,No
9091,46,Male,Diploma,Employed,36013.59,Single,0,Urban,12254.89,485,26,Credit Card,No,No
9092,33,Male,Master,Self-Employed,79829.44,Single,0,Urban,37630.23,536,14,Credit Card,No,No
9093,24,Female,Master,Employed,66721.76,Single,0,Suburban,17156.62,441,4,Credit Card,Yes,No
9094,53,Male,Master,Employed,64985.81,Married,2,Rural,19476.46,548,35,Cash,Yes,No
9095,52,Female,Diploma,Unemployed,21591.06,Single,0,Urban,8185.52,443,33,Credit Card,No,No
9096,39,Male,Master,Employed,63889.21,Married,2,Rural,30939.73,535,17,Debit Card,No,No
9097,22,Female,Bachelor,Employed,50299.08,Single,0,Urban,24785.05,435,0,Cash,Yes,No
9098,23,Female,High School,Student,8489.62,Single,0,Suburban,1000.0,305,0,Credit Card,Yes,No
9099,39,Female,Bachelor,Employed,56842.61,Single,0,Rural,11714.2,478,16,Debit Card,Yes,No
9100,32,Female,High School,Employed,26721.2,Married,1,Urban,6892.4,395,5,Cash,Yes,Yes
9101,33,Male,Bachelor,Student,24468.97,Married,1,Suburban,12794.46,417,13,Cash,Yes,No
9102,50,Female,Bachelor,Employed,49954.91,Married,3,Suburban,21857.79,520,31,Cash,Yes,No
9103,46,Male,Bachelor,Self-Employed,64631.31,Married,2,Urban,18033.27,496,20,Debit Card,No,No
9104,54,Female,High School,Employed,14586.0,Married,3,Urban,1000.0,483,30,Mobile Money,No,No
9105,26,Female,Bachelor,Employed,52560.02,Married,0,Suburban,22667.44,453,6,Debit Card,Yes,No
9106,33,Male,High School,Employed,19416.35,Married,0,Urban,7514.24,357,9,Mobile Money,Yes,No
9107,47,Male,Master,Employed,62669.88,Married,0,Rural,17344.29,525,24,Debit Card,Yes,No
9108,43,Female,Bachelor,Self-Employed,50353.12,Married,0,Urban,13755.76,428,21,Credit Card,No,No
9109,56,Female,High School,Student,5000.0,Married,5,Rural,1000.0,446,29,Debit Card,No,No
9110,43,Female,High School,Employed,29399.51,Single,0,Rural,10625.95,403,22,Credit Card,Yes,No
9111,60,Male,Bachelor,Unemployed,14546.55,Single,0,Urban,9188.92,411,37,Cash,Yes,No
9112,44,Male,Diploma,Employed,36681.82,Married,1,Urban,19312.16,483,17,Mobile Money,Yes,No
9113,50,Male,Bachelor,Employed,52400.77,Married,1,Rural,27340.28,504,23,Credit Card,Yes,No
9114,34,Female,Diploma,Student,5000.0,Married,2,Urban,1704.86,382,15,Debit Card,Yes,No
9115,38,Female,Bachelor,Employed,54723.17,Married,0,Urban,17348.35,474,11,Mobile Money,Yes,No
9116,48,Female,High School,Employed,29118.19,Married,1,Suburban,11153.56,447,23,Mobile Money,Yes,No
9117,57,Female,Bachelor,Employed,57199.84,Married,5,Suburban,14000.69,566,35,Credit Card,No,No
9118,46,Female,PhD,Employed,88392.3,Married,3,Suburban,19788.33,545,21,Credit Card,No,No
9119,37,Female,Bachelor,Employed,51530.72,Married,2,Urban,16741.57,469,16,Debit Card,Yes,No
9120,54,Female,High School,Self-Employed,42225.78,Married,2,Urban,13036.89,460,31,Credit Card,Yes,No
9121,18,Female,PhD,Unemployed,31822.99,Single,0,Rural,12327.99,381,0,Mobile Money,No,No
9122,20,Male,High School,Employed,29740.59,Single,0,Urban,11221.8,379,0,Credit Card,Yes,Yes
9123,46,Female,Bachelor,Employed,64560.83,Married,2,Suburban,22053.69,521,25,Mobile Money,Yes,No
9124,38,Male,Bachelor,Employed,55661.19,Single,0,Urban,12003.74,468,15,Debit Card,Yes,No
9125,45,Male,Diploma,Employed,38710.62,Single,0,Urban,14966.58,452,23,Debit Card,Yes,No
9126,38,Female,High School,Student,5451.27,Single,0,Urban,4479.97,360,14,Mobile Money,Yes,No
9127,44,Female,High School,Student,7320.94,Married,2,Urban,3180.0,365,19,Cash,No,No
9128,28,Female,Master,Self-Employed,76662.4,Married,0,Urban,26936.63,489,4,Cash,Yes,No
9129,44,Male,Master,Self-Employed,69010.98,Married,2,Rural,21816.29,499,18,Mobile Money,No,No
9130,49,Female,Diploma,Unemployed,14251.77,Married,4,Urban,4895.73,425,25,Credit Card,No,No
9131,52,Female,High School,Employed,36672.29,Married,5,Suburban,5326.65,446,31,Cash,No,No
9132,62,Male,Master,Employed,61992.33,Married,3,Rural,26754.47,578,37,Mobile Money,No,No
9133,40,Female,Diploma,Employed,48584.58,Single,0,Urban,20622.82,446,22,Mobile Money,Yes,No
9134,41,Male,Diploma,Unemployed,5000.0,Single,0,Urban,5813.13,392,23,Cash,No,No
9135,19,Male,Diploma,Employed,35529.69,Single,0,Rural,15921.68,407,0,Debit Card,Yes,No
9136,31,Female,Diploma,Employed,53648.13,Married,0,Suburban,18982.19,465,12,Cash,No,No
9137,35,Male,Bachelor,Employed,57847.49,Married,1,Suburban,15569.48,468,14,Cash,No,No
9138,50,Male,Bachelor,Self-Employed,63580.18,Married,4,Suburban,25502.55,585,25,Credit Card,Yes,Yes
9139,30,Male,Diploma,Unemployed,14018.29,Single,0,Rural,8389.81,416,11,Credit Card,No,No
9140,47,Male,Master,Employed,79570.75,Married,1,Urban,18177.18,592,27,Credit Card,No,No
9141,37,Male,Diploma,Self-Employed,36438.72,Married,0,Urban,15025.33,469,12,Credit Card,Yes,No
9142,35,Male,Bachelor,Employed,65542.88,Single,0,Urban,25027.0,514,15,Credit Card,No,No
9143,40,Male,Diploma,Self-Employed,44079.71,Married,3,Urban,5910.29,458,15,Mobile Money,No,No
9144,33,Male,Bachelor,Employed,60667.08,Married,1,Urban,27528.63,469,6,Debit Card,Yes,No
9145,32,Male,High School,Employed,25086.21,Single,0,Urban,4750.43,456,12,Debit Card,Yes,No
9146,18,Male,High School,Employed,43469.79,Single,0,Rural,17591.92,439,0,Mobile Money,Yes,Yes
9147,35,Female,Master,Employed,69750.7,Married,1,Urban,21697.65,517,9,Credit Card,Yes,No
9148,32,Female,High School,Unemployed,5000.0,Married,0,Rural,3744.77,339,10,Credit Card,No,No
9149,31,Male,Bachelor,Student,14760.61,Married,0,Rural,3889.34,399,10,Credit Card,No,No
9150,43,Female,PhD,Employed,100409.84,Married,2,Suburban,38131.59,600,16,Cash,Yes,No
9151,45,Female,Bachelor,Employed,64506.11,Single,0,Urban,25782.12,531,24,Mobile Money,Yes,No
9152,40,Female,High School,Self-Employed,36748.0,Married,1,Urban,14431.96,423,17,Credit Card,No,No
9153,49,Male,Diploma,Employed,46496.6,Married,0,Urban,8672.83,441,24,Debit Card,Yes,No
9154,44,Female,Master,Employed,66627.46,Single,0,Urban,21599.83,516,18,Credit Card,Yes,No
9155,34,Male,Diploma,Employed,44728.3,Single,0,Rural,19981.03,420,10,Debit Card,Yes,Yes
9156,32,Male,Bachelor,Unemployed,19402.5,Married,1,Suburban,4332.23,405,14,Credit Card,Yes,No
9157,41,Male,Bachelor,Self-Employed,42837.87,Married,2,Rural,13824.52,435,16,Credit Card,No,No
9158,44,Male,Bachelor,Unemployed,8495.16,Married,3,Urban,1000.0,363,18,Cash,Yes,No
9159,54,Female,Bachelor,Employed,56662.76,Married,3,Urban,20631.44,501,30,Credit Card,No,No
9160,52,Female,Diploma,Self-Employed,49319.96,Married,1,Suburban,9430.44,494,25,Mobile Money,No,No
9161,31,Female,Bachelor,Employed,54767.38,Single,0,Suburban,25629.44,505,7,Mobile Money,No,No
9162,36,Male,Bachelor,Employed,55715.0,Married,1,Urban,8411.06,474,14,Credit Card,Yes,No
9163,46,Male,High School,Unemployed,18661.34,Married,3,Suburban,12052.3,421,20,Debit Card,Yes,No
9164,50,Male,Diploma,Student,10832.98,Married,5,Urban,6435.41,456,30,Credit Card,No,No
9165,49,Male,Bachelor,Unemployed,5000.0,Married,1,Rural,1000.0,409,24,Debit Card,No,Yes
9166,37,Female,Bachelor,Self-Employed,81581.68,Married,1,Urban,24296.55,530,10,Debit Card,Yes,No
9167,22,Female,Diploma,Self-Employed,32747.63,Single,0,Urban,11242.57,441,0,Cash,No,Yes
9168,26,Female,Bachelor,Self-Employed,73665.14,Married,0,Urban,26449.41,507,0,Cash,Yes,No
9169,41,Female,Diploma,Unemployed,5000.0,Married,1,Rural,1000.0,406,22,Debit Card,Yes,No
9170,42,Male,Master,Employed,81387.52,Married,0,Rural,16272.06,564,18,Credit Card,No,No
9171,24,Male,Bachelor,Employed,52776.01,Single,0,Urban,8484.93,440,2,Debit Card,Yes,Yes
9172,38,Male,Diploma,Self-Employed,51074.22,Single,0,Urban,17408.44,496,19,Cash,No,No
9173,45,Male,Diploma,Student,5000.0,Married,3,Urban,1000.0,421,27,Debit Card,No,No
9174,24,Female,Bachelor,Employed,60836.51,Married,0,Urban,20918.05,472,1,Credit Card,Yes,No
9175,51,Male,Master,Self-Employed,87330.42,Married,3,Urban,35358.94,606,33,Credit Card,Yes,No
9176,33,Male,High School,Employed,34938.59,Married,1,Urban,13006.68,438,9,Debit Card,Yes,No
9177,53,Female,Bachelor,Student,18596.93,Married,3,Rural,2164.14,487,35,Credit Card,Yes,No
9178,31,Female,High School,Self-Employed,37428.07,Married,1,Suburban,15867.26,419,9,Debit Card,Yes,No
9179,25,Male,Diploma,Employed,38314.34,Married,0,Rural,7886.78,421,7,Debit Card,No,No
9180,32,Female,Bachelor,Self-Employed,59512.75,Married,2,Urban,12560.79,462,9,Debit Card,Yes,No
9181,36,Male,High School,Unemployed,5455.09,Married,2,Urban,1000.0,406,11,Cash,Yes,No
9182,33,Female,Bachelor,Unemployed,26151.96,Married,0,Urban,9450.19,388,13,Debit Card,No,Yes
9183,35,Male,Master,Student,7297.68,Married,0,Suburban,1607.86,395,9,Debit Card,No,No
9184,42,Male,PhD,Employed,75255.23,Married,1,Suburban,30322.9,549,21,Credit Card,No,No
9185,35,Female,High School,Employed,22099.74,Married,0,Urban,7143.56,450,10,Credit Card,No,No
9186,37,Male,Bachelor,Unemployed,21348.34,Married,0,Urban,6485.15,421,18,Cash,Yes,No
9187,18,Female,Master,Student,11577.18,Single,0,Rural,1000.0,358,0,Mobile Money,No,No
9188,42,Female,High School,Employed,34835.95,Single,0,Rural,13730.15,488,19,Mobile Money,No,No
9189,36,Male,Diploma,Employed,23996.31,Married,0,Suburban,7840.62,416,17,Debit Card,No,No
9190,57,Female,Master,Employed,46139.66,Married,2,Urban,7068.83,497,35,Cash,Yes,Yes
9191,26,Female,High School,Employed,32112.87,Single,0,Urban,21742.0,368,1,Debit Card,Yes,No
9192,18,Male,Master,Self-Employed,92037.54,Single,0,Urban,25608.22,530,0,Credit Card,Yes,Yes
9193,45,Female,Bachelor,Employed,41312.04,Married,5,Urban,17380.26,481,20,Credit Card,Yes,No
9194,42,Female,High School,Employed,34208.35,Married,2,Urban,16776.12,463,24,Cash,No,No
9195,25,Female,Diploma,Unemployed,21522.11,Single,0,Urban,8735.57,430,3,Debit Card,Yes,Yes
9196,19,Female,Diploma,Employed,39964.93,Single,0,Urban,17444.4,416,1,Debit Card,No,No
9197,56,Female,Diploma,Self-Employed,55208.73,Married,3,Urban,16959.84,506,35,Credit Card,Yes,No
9198,54,Female,Bachelor,Employed,56523.26,Married,2,Urban,16811.09,551,29,Debit Card,No,No
9199,18,Female,Diploma,Self-Employed,45896.52,Single,0,Urban,15896.95,432,0,Credit Card,Yes,No
9200,32,Male,Diploma,Employed,46568.12,Married,1,Urban,9216.41,437,11,Credit Card,No,Yes
9201,57,Male,High School,Employed,45302.38,Married,5,Suburban,18602.16,501,39,Cash,Yes,No
9202,32,Male,Master,Employed,65537.27,Married,1,Urban,27677.72,481,8,Cash,Yes,No
9203,32,Female,Diploma,Unemployed,11298.15,Married,1,Suburban,8840.31,373,8,Credit Card,Yes,No
9204,34,Female,Master,Employed,62074.52,Single,0,Rural,17797.99,549,12,Cash,No,Yes
9205,24,Male,Master,Employed,71241.71,Single,0,Urban,25967.51,504,0,Credit Card,Yes,No
9206,18,Male,Diploma,Unemployed,10748.81,Married,0,Urban,1000.0,315,0,Credit Card,Yes,No
9207,50,Male,High School,Employed,39267.62,Married,3,Urban,21451.9,495,28,Credit Card,Yes,No
9208,18,Male,Master,Student,25357.99,Single,0,Urban,6289.81,370,0,Debit Card,Yes,No
9209,40,Female,Bachelor,Employed,61303.88,Single,0,Rural,28466.47,535,21,Credit Card,No,No
9210,48,Female,High School,Employed,38374.11,Married,2,Rural,20077.41,496,24,Cash,No,No
9211,20,Female,Bachelor,Employed,49361.31,Single,0,Rural,12016.41,401,0,Credit Card,No,Yes
9212,26,Male,High School,Employed,22360.54,Married,1,Suburban,12034.7,378,7,Cash,No,Yes
9213,52,Female,High School,Employed,33494.54,Single,0,Suburban,15265.9,462,33,Credit Card,Yes,No
9214,44,Female,Bachelor,Employed,55160.16,Married,0,Urban,19183.62,542,18,Debit Card,Yes,No
9215,30,Female,High School,Employed,45993.51,Single,0,Urban,20617.02,474,9,Debit Card,Yes,No
9216,52,Female,PhD,Unemployed,11626.84,Married,3,Urban,3267.98,438,33,Credit Card,No,No
9217,52,Male,Master,Unemployed,25956.65,Single,0,Urban,12619.38,491,34,Mobile Money,No,No
9218,41,Male,Bachelor,Self-Employed,70824.41,Single,0,Rural,19279.05,502,23,Cash,Yes,No
9219,27,Female,High School,Employed,23904.34,Married,2,Urban,6967.2,467,8,Mobile Money,Yes,No
9220,33,Female,Diploma,Self-Employed,40259.38,Single,0,Urban,14626.25,420,12,Mobile Money,No,No
9221,41,Female,Diploma,Employed,37285.91,Single,0,Urban,10867.45,440,18,Mobile Money,Yes,No
9222,35,Male,Diploma,Student,5000.0,Single,0,Rural,2312.25,406,10,Credit Card,No,Yes
9223,49,Female,High School,Employed,41658.66,Single,0,Rural,15366.44,468,27,Cash,Yes,No
9224,19,Male,Bachelor,Self-Employed,87605.83,Married,2,Rural,37375.13,528,0,Credit Card,No,No
9225,20,Female,Diploma,Self-Employed,45269.73,Single,0,Rural,6427.17,381,0,Credit Card,No,No
9226,40,Female,Master,Self-Employed,78885.64,Married,0,Suburban,11800.97,520,16,Credit Card,Yes,No
9227,32,Female,Master,Unemployed,10513.13,Single,0,Urban,5859.78,401,9,Debit Card,Yes,No
9228,30,Female,Bachelor,Employed,46230.91,Single,0,Urban,11389.51,418,4,Cash,Yes,No
9229,18,Male,Bachelor,Self-Employed,61284.44,Single,0,Urban,25570.25,399,0,Mobile Money,No,No
9230,38,Male,High School,Employed,39670.14,Single,0,Suburban,13983.63,463,20,Debit Card,No,No
9231,37,Male,High School,Employed,55544.06,Married,0,Rural,19815.27,542,16,Mobile Money,No,No
9232,45,Male,Master,Employed,64217.39,Single,0,Urban,20982.21,500,21,Credit Card,No,No
9233,38,Female,Bachelor,Unemployed,9283.57,Married,1,Urban,12579.1,385,14,Credit Card,No,No
9234,36,Male,High School,Employed,20656.05,Married,1,Urban,2950.77,428,14,Credit Card,No,No
9235,52,Female,Bachelor,Employed,58606.32,Married,3,Urban,16305.22,514,34,Mobile Money,No,No
9236,22,Male,Master,Employed,72753.77,Single,0,Urban,24703.53,518,4,Credit Card,No,No
9237,44,Female,Diploma,Self-Employed,48807.41,Married,2,Urban,23276.11,508,17,Cash,Yes,No
9238,18,Female,High School,Unemployed,5445.57,Single,0,Urban,1000.0,300,0,Debit Card,No,Yes
9239,27,Male,Master,Employed,80873.64,Married,0,Suburban,25105.16,475,0,Debit Card,No,Yes
9240,23,Male,Diploma,Employed,46114.09,Married,0,Suburban,12826.19,410,0,Debit Card,No,No
9241,47,Male,Diploma,Employed,45766.91,Married,2,Urban,10267.03,479,28,Debit Card,No,No
9242,37,Female,Diploma,Employed,42961.91,Married,1,Suburban,19584.57,485,17,Debit Card,Yes,No
9243,37,Female,Master,Student,12484.89,Married,2,Suburban,5354.87,392,19,Credit Card,No,No
9244,24,Male,Master,Employed,64278.65,Single,0,Suburban,17014.88,442,0,Debit Card,Yes,Yes
9245,34,Female,Diploma,Employed,44159.24,Married,0,Urban,15640.76,459,9,Debit Card,Yes,No
9246,28,Male,High School,Self-Employed,39385.3,Single,0,Urban,18028.65,379,1,Debit Card,Yes,Yes
9247,42,Female,Diploma,Employed,44537.53,Married,3,Urban,17951.56,468,16,Debit Card,No,No
9248,26,Male,High School,Self-Employed,23484.53,Single,0,Urban,16516.04,443,5,Mobile Money,Yes,No
9249,53,Female,High School,Unemployed,11714.23,Married,4,Urban,4870.51,395,27,Cash,Yes,No
9250,18,Female,Diploma,Employed,37530.67,Single,0,Suburban,13862.73,414,0,Debit Card,No,No
9251,28,Female,High School,Employed,22971.22,Married,1,Urban,5089.62,391,8,Debit Card,No,No
9252,58,Male,PhD,Employed,95827.42,Married,5,Rural,36322.03,522,38,Mobile Money,No,No
9253,32,Male,High School,Employed,31418.16,Married,1,Suburban,4078.26,393,5,Cash,Yes,Yes
9254,22,Female,Diploma,Employed,58832.99,Single,0,Rural,27188.94,447,0,Debit Card,Yes,No
9255,40,Male,High School,Unemployed,12875.86,Married,4,Suburban,3818.33,428,14,Credit Card,Yes,No
9256,32,Male,Bachelor,Self-Employed,63622.23,Married,0,Rural,26326.96,480,12,Credit Card,Yes,No
9257,27,Female,High School,Employed,29133.72,Married,0,Rural,8628.42,437,6,Debit Card,No,No
9258,24,Male,Bachelor,Unemployed,7124.79,Married,0,Urban,2879.67,426,6,Debit Card,No,No
9259,70,Male,Bachelor,Employed,64846.79,Single,0,Suburban,24320.59,555,45,Debit Card,Yes,No
9260,34,Female,PhD,Self-Employed,110519.88,Married,1,Rural,42558.16,607,9,Mobile Money,Yes,No
9261,18,Male,Bachelor,Employed,57657.04,Single,0,Suburban,19952.07,467,0,Credit Card,No,No
9262,55,Male,High School,Employed,21486.25,Single,0,Urban,5043.97,452,31,Debit Card,No,No
9263,45,Female,High School,Self-Employed,42232.01,Married,2,Suburban,22613.58,445,26,Debit Card,Yes,No
9264,28,Female,Bachelor,Employed,47516.82,Married,0,Rural,23601.74,436,5,Cash,Yes,No
9265,26,Male,High School,Employed,25568.72,Single,0,Suburban,5352.14,360,7,Credit Card,No,No
9266,46,Female,Diploma,Employed,41003.5,Married,1,Suburban,8690.63,459,27,Debit Card,No,No
9267,35,Female,PhD,Employed,85352.44,Single,0,Urban,42230.85,548,13,Credit Card,Yes,No
9268,18,Male,Master,Self-Employed,77661.36,Single,0,Suburban,37137.0,496,0,Debit Card,No,Yes
9269,59,Male,Master,Unemployed,20598.92,Married,2,Urban,8121.38,468,34,Debit Card,No,No
9270,32,Male,Master,Employed,78080.05,Single,0,Rural,38327.84,567,7,Credit Card,No,No
9271,55,Female,Bachelor,Employed,62160.61,Married,5,Rural,31042.45,493,30,Mobile Money,No,No
9272,53,Female,Bachelor,Employed,60659.32,Married,3,Rural,26282.32,506,35,Mobile Money,No,No
9273,25,Male,Diploma,Self-Employed,51889.92,Married,1,Urban,15580.36,495,6,Credit Card,Yes,No
9274,50,Female,PhD,Employed,86195.49,Married,1,Suburban,26274.72,568,27,Debit Card,No,No
9275,30,Female,Diploma,Self-Employed,56966.98,Single,0,Suburban,27118.87,494,8,Debit Card,Yes,No
9276,18,Male,Bachelor,Student,5000.0,Single,0,Suburban,1000.0,336,0,Debit Card,Yes,No
9277,32,Female,Diploma,Employed,43470.31,Married,0,Urban,16196.66,474,6,Debit Card,Yes,No
9278,42,Male,High School,Employed,36730.36,Single,0,Rural,16970.64,457,24,Credit Card,No,No
9279,32,Female,Bachelor,Self-Employed,65277.67,Single,0,Rural,17719.22,489,8,Cash,Yes,No
9280,34,Female,Diploma,Employed,34221.67,Single,0,Suburban,15443.13,441,14,Credit Card,Yes,No
9281,51,Female,Bachelor,Employed,54703.53,Single,0,Suburban,31635.71,492,25,Mobile Money,No,No
9282,39,Female,Bachelor,Self-Employed,59939.24,Single,0,Suburban,13625.4,530,14,Cash,Yes,No
9283,27,Female,Bachelor,Self-Employed,70114.09,Single,0,Suburban,31292.9,511,6,Debit Card,Yes,Yes
9284,46,Female,High School,Employed,37565.87,Single,0,Suburban,4723.02,460,19,Cash,No,No
9285,40,Female,Diploma,Employed,43573.52,Married,1,Rural,13983.22,485,17,Debit Card,No,No
9286,18,Female,Master,Employed,73097.08,Single,0,Rural,28399.42,488,0,Credit Card,No,No
9287,43,Female,Diploma,Unemployed,18082.54,Single,0,Rural,10591.75,445,21,Debit Card,Yes,No
9288,42,Male,Diploma,Unemployed,19007.11,Married,1,Urban,1032.22,396,23,Credit Card,No,No
9289,38,Female,Diploma,Self-Employed,41773.81,Married,1,Suburban,23047.02,467,15,Credit Card,No,No
9290,48,Female,Master,Self-Employed,71696.05,Married,3,Suburban,23763.18,519,29,Mobile Money,No,No
9291,29,Female,Bachelor,Employed,57223.09,Married,1,Urban,18890.01,458,5,Mobile Money,Yes,No
9292,42,Female,High School,Employed,37395.09,Married,0,Urban,18897.7,456,22,Credit Card,Yes,No
9293,19,Male,Master,Employed,57352.81,Single,0,Rural,14413.82,471,0,Debit Card,No,No
9294,42,Male,Master,Unemployed,21550.66,Married,1,Urban,3508.71,444,21,Debit Card,No,No
9295,61,Male,Bachelor,Employed,64026.69,Married,2,Urban,26721.96,475,43,Credit Card,Yes,No
9296,26,Female,Diploma,Self-Employed,47068.34,Single,0,Rural,22541.9,444,0,Mobile Money,Yes,No
9297,28,Female,Bachelor,Unemployed,28669.07,Married,0,Urban,8672.2,417,6,Debit Card,No,No
9298,29,Female,Diploma,Unemployed,22670.71,Married,0,Rural,4577.82,392,8,Debit Card,Yes,No
9299,39,Male,Bachelor,Self-Employed,64538.3,Married,0,Urban,23105.42,486,18,Debit Card,Yes,No
9300,25,Female,Master,Employed,67058.08,Married,0,Urban,20636.16,510,1,Debit Card,Yes,No
9301,43,Female,Master,Employed,67205.31,Married,1,Suburban,20444.4,497,24,Credit Card,Yes,No
9302,48,Female,Diploma,Employed,41078.84,Single,0,Suburban,12891.07,472,22,Mobile Money,No,No
9303,44,Male,Master,Employed,60611.97,Married,3,Rural,26542.62,467,21,Debit Card,Yes,No
9304,18,Female,High School,Employed,19133.03,Single,0,Urban,6774.4,336,0,Debit Card,Yes,No
9305,49,Female,High School,Employed,11828.04,Married,2,Suburban,1295.89,428,30,Debit Card,Yes,Yes
9306,49,Female,Bachelor,Student,10830.78,Single,0,Rural,6218.57,435,28,Cash,No,No
9307,47,Female,Bachelor,Employed,71311.08,Married,3,Suburban,30064.91,537,28,Debit Card,No,No
9308,42,Female,High School,Self-Employed,20075.86,Married,0,Rural,9619.77,413,17,Mobile Money,Yes,No
9309,40,Male,Diploma,Employed,38526.7,Married,0,Urban,9749.49,460,15,Credit Card,No,No
9310,50,Male,High School,Student,5000.0,Married,4,Suburban,1438.19,419,29,Debit Card,No,No
9311,61,Female,Bachelor,Employed,53783.47,Married,5,Suburban,18600.53,546,38,Credit Card,No,Yes
9312,26,Male,Master,Employed,80054.41,Married,0,Urban,18110.77,554,1,Credit Card,Yes,No
9313,50,Male,Bachelor,Employed,47892.78,Married,0,Suburban,24589.55,484,24,Debit Card,No,No
9314,36,Male,Diploma,Unemployed,5000.0,Married,2,Urban,3237.87,374,14,Credit Card,No,No
9315,36,Female,PhD,Employed,85725.74,Single,0,Suburban,28360.12,570,11,Credit Card,No,No
9316,19,Female,Bachelor,Unemployed,11157.33,Single,0,Rural,9503.06,350,0,Credit Card,Yes,No
9317,34,Male,Master,Self-Employed,66152.7,Married,1,Suburban,13364.86,445,12,Cash,Yes,No
9318,26,Female,Bachelor,Employed,56963.89,Married,0,Suburban,20095.92,476,6,Cash,No,No
9319,32,Female,PhD,Employed,80511.9,Single,0,Suburban,39689.41,569,14,Cash,Yes,No
9320,24,Male,Master,Self-Employed,83335.2,Single,0,Suburban,36550.11,500,2,Mobile Money,Yes,No
9321,32,Male,Bachelor,Employed,52097.28,Single,0,Urban,16276.17,380,9,Credit Card,No,No
9322,33,Female,Diploma,Unemployed,5000.0,Married,1,Urban,2046.89,330,7,Cash,Yes,No
9323,39,Female,Bachelor,Employed,62125.02,Single,0,Suburban,10116.57,473,15,Mobile Money,Yes,Yes
9324,18,Male,Bachelor,Self-Employed,63748.32,Single,0,Suburban,17157.57,438,0,Cash,No,Yes
9325,20,Male,Bachelor,Self-Employed,66434.17,Married,0,Urban,14340.63,509,0,Debit Card,Yes,Yes
9326,42,Male,Diploma,Self-Employed,52691.25,Married,1,Urban,16494.1,518,17,Debit Card,Yes,No
9327,28,Male,Diploma,Employed,42308.01,Single,0,Suburban,14768.53,494,1,Credit Card,Yes,Yes
9328,50,Male,Bachelor,Unemployed,17660.0,Married,2,Suburban,8222.48,476,23,Credit Card,Yes,No
9329,40,Female,Master,Self-Employed,77406.46,Married,3,Urban,32209.56,544,13,Credit Card,No,No
9330,45,Female,Bachelor,Employed,46102.04,Married,2,Urban,16785.62,479,20,Debit Card,No,No
9331,54,Female,High School,Self-Employed,37262.78,Married,4,Rural,19653.03,443,29,Credit Card,No,No
9332,34,Male,High School,Employed,22304.68,Single,0,Urban,1000.0,362,14,Debit Card,Yes,No
9333,31,Female,High School,Student,12355.53,Married,0,Suburban,1000.0,373,4,Credit Card,No,Yes
9334,48,Male,High School,Unemployed,7963.68,Married,1,Suburban,1000.0,361,29,Credit Card,No,No
9335,44,Male,High School,Employed,35188.9,Married,2,Suburban,9326.37,503,21,Credit Card,No,No
9336,35,Female,Bachelor,Employed,47113.82,Married,0,Rural,11649.03,456,16,Credit Card,No,No
9337,54,Female,Master,Student,5000.0,Married,5,Urban,3386.1,419,34,Mobile Money,No,No
9338,35,Male,Diploma,Employed,53430.98,Married,2,Rural,15639.65,503,15,Credit Card,Yes,No
9339,38,Female,Bachelor,Student,9804.25,Single,0,Suburban,4859.92,402,16,Credit Card,No,No
9340,38,Female,Bachelor,Self-Employed,73305.73,Married,2,Suburban,20866.02,472,16,Credit Card,Yes,No
9341,26,Female,PhD,Employed,78704.64,Single,0,Suburban,42315.63,494,7,Mobile Money,Yes,No
9342,38,Female,Master,Employed,67735.77,Married,0,Urban,24713.97,479,15,Cash,Yes,No
9343,54,Female,High School,Employed,40418.89,Single,0,Suburban,13757.6,507,32,Mobile Money,Yes,No
9344,43,Female,High School,Unemployed,5000.0,Married,0,Urban,2576.08,397,16,Debit Card,No,No
9345,38,Female,High School,Employed,48202.52,Married,1,Rural,6841.04,464,15,Debit Card,No,No
9346,36,Male,Bachelor,Employed,56620.31,Single,0,Suburban,22499.38,484,17,Cash,No,No
9347,41,Male,Bachelor,Student,5000.0,Married,1,Urban,1921.15,384,18,Credit Card,No,No
9348,46,Female,Diploma,Employed,42815.59,Married,3,Urban,20358.12,450,22,Mobile Money,No,No
9349,45,Female,Master,Employed,78873.09,Married,5,Suburban,25687.99,532,20,Cash,Yes,No
9350,34,Male,Diploma,Employed,33395.52,Single,0,Suburban,15577.1,406,9,Credit Card,No,No
9351,41,Female,PhD,Employed,84543.77,Single,0,Urban,28682.26,562,23,Credit Card,No,No
9352,43,Male,High School,Employed,31993.04,Married,4,Urban,9611.39,472,16,Credit Card,No,No
9353,25,Female,High School,Employed,33704.17,Single,0,Suburban,11482.2,379,7,Debit Card,Yes,No
9354,40,Male,Diploma,Employed,38412.5,Married,0,Urban,16388.55,505,20,Credit Card,Yes,No
9355,18,Male,High School,Employed,33218.72,Married,0,Rural,13915.37,439,0,Debit Card,Yes,No
9356,43,Female,Bachelor,Self-Employed,72828.39,Married,3,Suburban,18079.04,495,18,Cash,No,No
9357,45,Male,High School,Self-Employed,37386.46,Married,2,Rural,12894.54,463,22,Credit Card,No,No
9358,46,Male,Bachelor,Employed,49468.2,Married,2,Rural,19339.53,462,27,Mobile Money,Yes,Yes
9359,33,Female,High School,Employed,29832.5,Married,0,Urban,9978.01,403,12,Debit Card,Yes,No
9360,41,Female,Diploma,Employed,54049.92,Single,0,Suburban,14572.76,418,21,Debit Card,Yes,No
9361,55,Female,Master,Employed,72664.56,Married,5,Urban,33352.16,479,31,Credit Card,No,No
9362,54,Female,PhD,Employed,99921.89,Married,2,Urban,24163.15,602,34,Mobile Money,No,No
9363,37,Male,Diploma,Student,5000.0,Single,0,Urban,2035.08,398,15,Credit Card,Yes,No
9364,39,Female,PhD,Employed,92101.13,Married,2,Urban,47561.31,538,14,Debit Card,Yes,No
9365,51,Female,Bachelor,Employed,61354.52,Married,3,Urban,16216.46,515,33,Credit Card,No,No
9366,19,Female,Diploma,Self-Employed,59982.06,Single,0,Rural,15461.8,460,0,Debit Card,Yes,No
9367,34,Female,Master,Self-Employed,93820.71,Single,0,Urban,16782.27,598,14,Mobile Money,Yes,No
9368,54,Female,Diploma,Student,5000.0,Married,1,Suburban,1000.0,435,31,Debit Card,No,No
9369,49,Female,Diploma,Employed,49214.82,Married,4,Urban,22174.99,506,29,Debit Card,Yes,No
9370,42,Male,Bachelor,Employed,68488.0,Married,1,Urban,29869.97,506,15,Debit Card,Yes,No
9371,19,Male,Diploma,Employed,35400.84,Single,0,Rural,10866.25,434,0,Credit Card,Yes,No
9372,37,Female,High School,Employed,22844.26,Single,0,Urban,1000.0,385,15,Credit Card,Yes,No
9373,30,Female,High School,Employed,29804.52,Single,0,Suburban,8889.76,441,7,Debit Card,Yes,No
9374,41,Female,Bachelor,Unemployed,17935.98,Married,0,Suburban,10400.57,474,19,Mobile Money,No,No
9375,28,Female,Bachelor,Self-Employed,63199.45,Single,0,Urban,33503.64,460,10,Mobile Money,Yes,No
9376,25,Male,Diploma,Employed,30506.12,Single,0,Urban,7050.21,384,0,Credit Card,Yes,Yes
9377,18,Female,Master,Employed,81779.25,Single,0,Urban,18972.16,485,0,Mobile Money,Yes,No
9378,52,Male,Diploma,Student,5000.0,Single,0,Rural,1000.0,413,32,Credit Card,No,No
9379,33,Male,Bachelor,Employed,50944.58,Married,0,Rural,12766.36,519,6,Debit Card,No,No
9380,39,Male,Master,Student,14873.0,Single,0,Suburban,8939.58,385,15,Credit Card,Yes,No
9381,37,Female,Master,Self-Employed,72220.16,Married,1,Suburban,26513.61,502,15,Credit Card,No,No
9382,25,Male,Bachelor,Student,5000.0,Single,0,Urban,4983.91,300,3,Debit Card,Yes,No
9383,22,Female,Bachelor,Unemployed,13046.51,Single,0,Suburban,8537.55,357,0,Debit Card,Yes,No
9384,25,Male,Diploma,Employed,46605.04,Married,1,Rural,12290.53,401,0,Debit Card,No,Yes
9385,29,Male,Bachelor,Self-Employed,67504.03,Married,1,Suburban,26179.75,505,9,Debit Card,No,No
9386,42,Female,Diploma,Employed,23524.83,Married,2,Suburban,4886.3,431,21,Credit Card,No,No
9387,28,Female,Diploma,Employed,51115.87,Single,0,Suburban,24066.46,503,8,Debit Card,No,No
9388,58,Male,High School,Employed,36379.27,Married,4,Urban,18073.1,530,33,Credit Card,No,No
9389,50,Male,High School,Employed,31528.11,Married,3,Rural,7492.29,471,29,Mobile Money,No,No
9390,47,Female,Bachelor,Employed,56313.55,Married,2,Rural,28988.23,518,26,Debit Card,No,No
9391,36,Male,Master,Employed,75387.33,Married,0,Rural,20718.76,520,9,Credit Card,No,No
9392,56,Female,High School,Employed,48610.55,Married,3,Urban,15203.81,491,29,Cash,Yes,No
9393,35,Male,High School,Student,13044.19,Married,2,Suburban,3955.56,380,12,Debit Card,No,No
9394,37,Male,Diploma,Employed,42369.34,Married,0,Suburban,21905.22,459,16,Cash,No,No
9395,40,Male,Bachelor,Employed,45183.19,Married,0,Urban,21599.77,500,18,Cash,Yes,No
9396,46,Female,High School,Employed,31316.15,Married,3,Rural,13702.73,450,20,Cash,Yes,No
9397,45,Female,High School,Employed,36186.5,Married,2,Suburban,11903.03,470,21,Mobile Money,No,No
9398,32,Male,Bachelor,Self-Employed,65078.53,Married,0,Suburban,30828.2,509,6,Credit Card,Yes,No
9399,31,Female,Master,Unemployed,16817.72,Single,0,Urban,5797.52,399,5,Credit Card,Yes,No
9400,45,Female,High School,Employed,34429.17,Married,4,Rural,9560.33,409,23,Debit Card,No,No
9401,46,Female,Diploma,Employed,32095.54,Married,3,Suburban,5401.0,512,25,Credit Card,Yes,No
9402,33,Male,Bachelor,Self-Employed,72943.71,Married,2,Rural,15304.84,509,13,Mobile Money,Yes,No
9403,18,Male,High School,Employed,26515.49,Single,0,Urban,6976.48,403,0,Cash,Yes,No
9404,35,Female,High School,Employed,13020.3,Married,1,Suburban,1000.0,398,9,Credit Card,Yes,No
9405,45,Male,Bachelor,Self-Employed,62361.97,Married,0,Suburban,22662.22,444,21,Mobile Money,Yes,No
9406,59,Male,PhD,Self-Employed,107543.0,Married,5,Urban,23172.49,635,38,Debit Card,No,No
9407,23,Female,Diploma,Employed,44419.95,Single,0,Urban,9342.38,382,5,Credit Card,No,Yes
9408,32,Male,Diploma,Employed,43496.41,Single,0,Suburban,12497.5,418,7,Debit Card,No,No
9409,33,Male,Diploma,Self-Employed,37676.4,Married,0,Suburban,12910.07,460,14,Debit Card,Yes,No
9410,54,Male,Master,Employed,70976.75,Married,3,Rural,29757.46,559,29,Cash,Yes,No
9411,37,Female,High School,Unemployed,5000.0,Married,3,Suburban,3567.86,370,12,Debit Card,Yes,No
9412,27,Male,Bachelor,Employed,52118.23,Married,0,Urban,24613.75,424,7,Credit Card,Yes,No
9413,44,Female,Master,Employed,62014.14,Married,3,Rural,29310.61,508,19,Cash,No,No
9414,33,Female,PhD,Employed,89592.74,Married,1,Urban,34672.72,537,10,Cash,No,No
9415,23,Female,Bachelor,Student,36059.48,Single,0,Suburban,9237.08,425,1,Credit Card,Yes,No
9416,27,Male,Diploma,Self-Employed,62851.54,Married,0,Suburban,22212.28,499,5,Debit Card,Yes,No
9417,58,Male,Diploma,Unemployed,5000.0,Married,4,Urban,1000.0,429,40,Credit Card,Yes,No
9418,42,Female,Diploma,Employed,40527.55,Married,0,Rural,3280.61,490,19,Debit Card,No,No
9419,39,Male,Bachelor,Unemployed,13988.12,Single,0,Suburban,4983.47,426,18,Debit Card,No,No
9420,35,Female,Bachelor,Unemployed,17636.21,Single,0,Urban,2909.12,417,11,Debit Card,Yes,No
9421,41,Female,Master,Employed,77330.47,Married,5,Urban,26096.3,496,20,Credit Card,No,No
9422,41,Female,Diploma,Student,6965.42,Married,3,Suburban,1000.0,366,19,Credit Card,No,No
9423,41,Male,Bachelor,Unemployed,10802.15,Married,2,Suburban,1000.0,419,19,Credit Card,No,No
9424,39,Female,Master,Student,23251.87,Single,0,Urban,1119.93,398,17,Cash,No,No
9425,48,Male,Master,Unemployed,11127.74,Single,0,Suburban,1000.0,405,30,Credit Card,Yes,No
9426,38,Male,Bachelor,Self-Employed,67514.43,Married,1,Urban,30401.81,546,15,Credit Card,Yes,No
9427,26,Female,Bachelor,Student,5000.0,Married,0,Suburban,1000.0,379,3,Credit Card,No,No
9428,30,Female,Bachelor,Employed,46791.41,Single,0,Urban,23604.84,463,10,Mobile Money,Yes,No
9429,18,Female,High School,Self-Employed,41958.31,Single,0,Urban,21795.35,419,0,Credit Card,Yes,Yes
9430,62,Female,High School,Employed,24564.87,Single,0,Rural,11050.1,504,43,Credit Card,No,No
9431,48,Female,Diploma,Self-Employed,32987.51,Married,5,Urban,14609.9,480,29,Credit Card,No,No
9432,28,Male,High School,Self-Employed,30218.48,Married,1,Urban,3984.92,430,8,Credit Card,Yes,No
9433,34,Male,Bachelor,Self-Employed,59361.83,Married,1,Urban,34722.09,419,8,Credit Card,Yes,No
9434,30,Female,Bachelor,Unemployed,6401.07,Married,1,Rural,1000.0,372,12,Credit Card,No,No
9435,56,Male,Bachelor,Employed,59400.69,Married,4,Urban,23396.2,515,38,Debit Card,Yes,No
9436,20,Female,High School,Employed,17625.5,Single,0,Suburban,7153.31,357,0,Mobile Money,No,No
9437,39,Male,High School,Employed,25296.5,Married,0,Urban,10410.81,440,19,Credit Card,No,No
9438,36,Male,High School,Employed,31067.26,Single,0,Urban,5236.51,443,17,Credit Card,Yes,No
9439,47,Male,High School,Self-Employed,33257.68,Married,3,Suburban,8550.25,485,27,Cash,Yes,No
9440,36,Female,PhD,Employed,86766.48,Married,1,Suburban,22168.11,546,15,Debit Card,Yes,No
9441,18,Female,Diploma,Employed,34218.35,Single,0,Suburban,8668.97,383,0,Debit Card,Yes,No
9442,34,Male,Diploma,Employed,30249.71,Single,0,Suburban,4141.01,405,14,Debit Card,No,No
9443,26,Male,High School,Employed,24905.91,Married,0,Suburban,11899.63,470,0,Mobile Money,Yes,No
9444,38,Female,Bachelor,Self-Employed,71260.48,Single,0,Urban,23714.39,560,20,Credit Card,Yes,No
9445,55,Male,Bachelor,Self-Employed,62527.64,Married,5,Suburban,28705.55,537,30,Credit Card,No,No
9446,18,Female,High School,Employed,31335.37,Single,0,Urban,13032.79,357,0,Debit Card,No,No
9447,28,Female,Master,Self-Employed,92936.94,Single,0,Rural,26088.84,546,2,Debit Card,No,No
9448,31,Female,Master,Employed,74798.43,Married,0,Suburban,12908.81,536,12,Credit Card,Yes,No
9449,33,Female,High School,Self-Employed,25789.76,Single,0,Suburban,5200.94,437,12,Debit Card,No,No
9450,46,Male,Diploma,Employed,43583.68,Married,3,Suburban,15938.58,500,25,Cash,Yes,No
9451,35,Female,Diploma,Student,16381.36,Single,0,Rural,5948.25,441,10,Debit Card,Yes,Yes
9452,42,Female,Diploma,Employed,35342.41,Married,2,Urban,10423.08,439,21,Debit Card,No,No
9453,30,Female,Master,Self-Employed,71315.01,Single,0,Rural,23730.3,494,6,Credit Card,No,No
9454,40,Male,High School,Employed,26474.44,Married,0,Urban,13949.74,469,15,Credit Card,No,No
9455,47,Female,Diploma,Employed,41504.45,Married,3,Suburban,9032.95,436,28,Credit Card,No,No
9456,29,Female,Diploma,Employed,44739.26,Single,0,Suburban,22985.91,468,7,Credit Card,Yes,Yes
9457,47,Female,Diploma,Employed,35834.03,Married,2,Urban,8873.45,494,29,Debit Card,No,No
9458,38,Male,Master,Unemployed,5000.0,Single,0,Urban,8267.56,386,16,Debit Card,Yes,No
9459,50,Male,High School,Employed,19788.73,Married,2,Urban,9009.46,445,30,Credit Card,No,No
9460,35,Female,High School,Self-Employed,38879.37,Married,2,Suburban,10926.06,449,17,Debit Card,Yes,No
9461,42,Female,Bachelor,Self-Employed,81925.4,Married,1,Urban,38092.24,566,17,Credit Card,Yes,No
9462,37,Male,High School,Employed,29824.43,Married,3,Suburban,1000.0,362,12,Mobile Money,Yes,No
9463,36,Female,High School,Employed,40503.02,Single,0,Rural,10712.83,495,17,Mobile Money,No,No
9464,41,Male,Diploma,Student,5000.0,Married,2,Suburban,3903.26,354,17,Credit Card,Yes,No
9465,44,Male,High School,Employed,24818.89,Single,0,Urban,7998.23,405,25,Cash,Yes,No
9466,23,Male,Diploma,Employed,21277.72,Single,0,Suburban,6175.21,360,0,Credit Card,No,No
9467,55,Male,Diploma,Self-Employed,50957.18,Married,3,Rural,11328.3,515,35,Credit Card,No,No
9468,18,Male,High School,Employed,22851.0,Single,0,Rural,6921.35,378,0,Cash,Yes,No
9469,29,Male,Bachelor,Employed,59792.81,Married,0,Suburban,16145.02,458,11,Mobile Money,Yes,No
9470,36,Male,High School,Employed,25981.47,Married,1,Urban,11475.38,419,14,Credit Card,Yes,No
9471,42,Female,PhD,Student,34174.5,Married,0,Urban,5932.9,454,16,Debit Card,Yes,No
9472,56,Female,Diploma,Employed,54345.61,Married,1,Suburban,6560.57,508,34,Mobile Money,No,No
9473,18,Female,Bachelor,Student,5000.0,Single,0,Suburban,1324.91,325,0,Cash,Yes,Yes
9474,31,Male,Master,Employed,74729.69,Married,1,Urban,29890.73,541,9,Credit Card,Yes,No
9475,18,Male,Diploma,Employed,34053.61,Single,0,Urban,9151.32,356,0,Mobile Money,No,No
9476,38,Female,Bachelor,Student,16175.09,Single,0,Suburban,8552.42,397,11,Cash,Yes,No
9477,41,Female,Master,Employed,59250.03,Married,4,Suburban,28315.73,516,17,Credit Card,Yes,No
9478,57,Male,High School,Employed,41529.87,Single,0,Urban,17795.64,513,37,Debit Card,No,No
9479,39,Male,PhD,Employed,98245.54,Single,0,Suburban,20651.75,595,14,Cash,Yes,No
9480,50,Female,High School,Student,5000.0,Single,0,Urban,1000.0,424,28,Cash,No,No
9481,45,Female,High School,Employed,28549.52,Married,3,Rural,8992.95,441,24,Credit Card,No,No
9482,32,Male,Bachelor,Self-Employed,67299.17,Married,0,Suburban,34689.8,463,6,Credit Card,No,No
9483,21,Female,High School,Employed,35754.55,Single,0,Urban,9320.06,416,2,Credit Card,Yes,No
9484,41,Female,Bachelor,Employed,54904.42,Married,4,Suburban,25808.98,493,21,Credit Card,No,No
9485,20,Female,Master,Employed,76290.98,Single,0,Rural,17728.92,505,0,Credit Card,No,No
9486,53,Male,PhD,Student,17433.87,Married,0,Rural,11337.93,422,34,Credit Card,No,No
9487,36,Female,Diploma,Self-Employed,52894.18,Married,0,Urban,15807.65,471,18,Credit Card,No,No
9488,52,Male,PhD,Self-Employed,97057.08,Married,1,Urban,22842.62,585,25,Cash,No,No
9489,32,Female,Diploma,Employed,39792.07,Married,1,Suburban,11912.44,413,10,Credit Card,No,No
9490,41,Female,High School,Employed,39200.98,Married,1,Urban,12481.19,478,16,Cash,Yes,No
9491,40,Male,Bachelor,Self-Employed,77288.7,Married,2,Suburban,37892.51,542,18,Mobile Money,Yes,Yes
9492,37,Female,Bachelor,Self-Employed,67384.32,Married,3,Suburban,26664.46,545,10,Debit Card,No,No
9493,32,Male,Diploma,Self-Employed,47206.92,Married,0,Suburban,16666.75,524,8,Credit Card,No,No
9494,42,Male,Bachelor,Employed,65944.27,Single,0,Urban,25925.66,507,15,Cash,Yes,No
9495,26,Male,Diploma,Student,7192.57,Single,0,Urban,1000.0,387,0,Cash,No,No
9496,23,Female,Bachelor,Employed,64156.22,Single,0,Suburban,16321.11,483,3,Debit Card,No,No
9497,52,Male,PhD,Employed,89146.85,Single,0,Suburban,32336.81,574,25,Credit Card,No,Yes
9498,46,Female,Diploma,Student,8319.99,Married,0,Urban,2712.88,407,28,Credit Card,Yes,No
9499,38,Male,Diploma,Self-Employed,39162.25,Married,1,Urban,10720.16,441,20,Credit Card,Yes,No
9500,57,Male,Bachelor,Employed,45005.74,Married,3,Rural,18297.42,496,31,Credit Card,Yes,No
9501,34,Male,Diploma,Self-Employed,55825.04,Single,0,Urban,14047.12,472,7,Cash,No,No
9502,53,Female,Master,Employed,83782.55,Married,5,Urban,18029.08,580,27,Debit Card,Yes,No
9503,40,Male,High School,Employed,30845.7,Married,2,Suburban,13899.93,412,18,Mobile Money,No,No
9504,25,Male,Diploma,Self-Employed,46670.47,Married,0,Suburban,9749.7,431,1,Credit Card,No,No
9505,60,Male,High School,Employed,38181.13,Married,4,Urban,13101.19,454,37,Debit Card,Yes,No
9506,49,Male,High School,Employed,32698.92,Married,2,Urban,9443.75,465,23,Credit Card,No,No
9507,36,Female,Bachelor,Employed,35813.42,Married,0,Urban,9405.83,441,14,Debit Card,Yes,No
9508,46,Female,Diploma,Employed,47949.38,Married,4,Urban,29307.17,535,26,Cash,No,No
9509,33,Male,Master,Employed,59304.77,Single,0,Urban,28378.62,503,15,Credit Card,Yes,No
9510,47,Male,Bachelor,Unemployed,16406.24,Single,0,Rural,8158.17,426,28,Debit Card,Yes,No
9511,18,Female,Diploma,Employed,36468.11,Single,0,Urban,6280.49,378,0,Credit Card,Yes,No
9512,25,Male,Bachelor,Employed,49874.73,Married,1,Urban,7517.3,403,0,Credit Card,Yes,No
9513,49,Female,Bachelor,Self-Employed,66375.5,Married,1,Urban,21084.45,478,30,Credit Card,No,No
9514,35,Male,Bachelor,Unemployed,23649.02,Single,0,Rural,3308.52,447,15,Credit Card,Yes,No
9515,40,Male,Bachelor,Self-Employed,66250.57,Married,0,Rural,32081.28,517,15,Credit Card,No,No
9516,21,Female,High School,Employed,41279.16,Single,0,Urban,10949.28,462,2,Credit Card,Yes,No
9517,60,Female,Bachelor,Employed,67272.01,Married,2,Rural,18891.19,600,39,Credit Card,No,No
9518,52,Male,Diploma,Unemployed,24198.97,Married,1,Urban,10800.03,452,28,Credit Card,No,No
9519,35,Male,Diploma,Employed,39553.22,Married,0,Urban,13951.99,474,13,Mobile Money,Yes,No
9520,33,Male,Master,Employed,66174.26,Single,0,Suburban,24318.32,533,12,Credit Card,No,No
9521,50,Female,Diploma,Self-Employed,47730.42,Married,1,Urban,10292.99,481,29,Mobile Money,No,No
9522,61,Female,Bachelor,Employed,64002.58,Single,0,Urban,25143.0,566,36,Credit Card,Yes,No
9523,49,Male,Diploma,Student,16522.91,Single,0,Suburban,10503.49,493,31,Credit Card,Yes,No
9524,64,Male,High School,Unemployed,5000.0,Married,2,Suburban,7202.2,375,38,Debit Card,Yes,Yes
9525,26,Male,Diploma,Self-Employed,50446.79,Married,1,Rural,24160.34,418,7,Credit Card,No,Yes
9526,28,Male,Bachelor,Unemployed,5000.0,Single,0,Urban,2587.27,365,2,Credit Card,Yes,No
9527,23,Male,Diploma,Employed,39847.45,Single,0,Urban,19769.99,422,3,Credit Card,Yes,No
9528,43,Female,Diploma,Self-Employed,43767.97,Single,0,Urban,14834.88,381,17,Credit Card,No,No
9529,40,Male,Master,Self-Employed,77304.64,Married,1,Urban,12983.15,523,17,Debit Card,No,No
9530,36,Male,High School,Employed,36794.05,Single,0,Urban,10366.42,415,13,Mobile Money,Yes,No
9531,47,Female,Diploma,Student,5000.0,Married,2,Suburban,4310.13,440,26,Credit Card,No,Yes
9532,52,Male,Master,Unemployed,20923.96,Single,0,Urban,5281.03,477,34,Credit Card,No,No
9533,19,Male,Master,Student,6541.06,Single,0,Urban,1000.0,362,0,Credit Card,No,No
9534,30,Male,Diploma,Self-Employed,48589.78,Married,1,Rural,7895.28,500,7,Cash,No,No
9535,47,Male,Master,Employed,77677.84,Married,4,Urban,19958.28,585,29,Credit Card,Yes,Yes
9536,32,Female,High School,Employed,22976.99,Single,0,Suburban,3618.27,470,12,Debit Card,Yes,No
9537,28,Female,High School,Employed,35119.49,Married,0,Suburban,11682.45,444,10,Mobile Money,Yes,No
9538,50,Male,Master,Employed,70451.89,Married,1,Rural,14719.82,546,23,Mobile Money,Yes,No
9539,22,Male,Master,Employed,70378.56,Married,2,Rural,32815.23,508,0,Credit Card,Yes,Yes
9540,34,Male,High School,Employed,27196.74,Married,0,Urban,10041.2,392,12,Mobile Money,Yes,No
9541,41,Female,High School,Self-Employed,42187.26,Married,2,Urban,14097.56,484,19,Mobile Money,No,No
9542,31,Female,High School,Employed,35367.34,Married,0,Urban,5705.82,413,9,Credit Card,Yes,No
9543,47,Male,Diploma,Employed,38932.52,Married,2,Urban,9286.86,491,24,Cash,No,No
9544,31,Male,Bachelor,Employed,56621.43,Single,0,Urban,21602.45,461,6,Cash,Yes,No
9545,54,Male,Bachelor,Self-Employed,71943.81,Married,0,Urban,40110.64,484,28,Debit Card,No,Yes
9546,36,Female,Diploma,Student,12332.15,Married,0,Suburban,1000.0,433,16,Debit Card,No,No
9547,46,Female,Bachelor,Self-Employed,63546.91,Married,3,Rural,33306.99,495,24,Debit Card,Yes,No
9548,46,Female,Master,Employed,79325.66,Married,1,Rural,21543.11,516,28,Credit Card,Yes,No
9549,30,Male,High School,Employed,36913.1,Married,1,Urban,13457.35,455,6,Mobile Money,Yes,No
9550,18,Female,Bachelor,Self-Employed,82889.91,Single,0,Suburban,43905.53,515,0,Cash,Yes,No
9551,42,Female,Master,Employed,57443.44,Married,2,Rural,21868.23,535,19,Debit Card,Yes,No
9552,38,Female,High School,Student,11615.89,Married,1,Rural,1000.0,404,18,Mobile Money,Yes,Yes
9553,44,Male,Master,Employed,79216.72,Married,2,Urban,41190.03,548,26,Mobile Money,Yes,No
9554,35,Female,Bachelor,Employed,63041.34,Single,0,Urban,27303.44,485,8,Cash,Yes,No
9555,32,Male,High School,Employed,27978.3,Married,0,Suburban,6259.81,417,13,Credit Card,No,No
9556,62,Female,High School,Self-Employed,25094.75,Married,5,Suburban,11061.35,476,42,Credit Card,No,No
9557,20,Male,Bachelor,Employed,67317.24,Single,0,Urban,28392.71,451,0,Cash,Yes,No
9558,46,Female,Bachelor,Employed,51146.05,Single,0,Urban,23485.33,486,26,Credit Card,Yes,No
9559,31,Female,Bachelor,Employed,52636.44,Married,0,Suburban,30725.4,467,9,Debit Card,No,No
9560,33,Male,High School,Employed,46532.39,Single,0,Rural,13545.78,442,12,Debit Card,Yes,No
9561,34,Female,Bachelor,Student,5000.0,Single,0,Urban,1528.39,395,7,Debit Card,No,No
9562,28,Male,Diploma,Employed,46551.1,Single,0,Rural,21168.19,455,6,Debit Card,No,No
9563,44,Male,Diploma,Employed,33969.7,Married,1,Urban,4757.17,423,19,Debit Card,No,No
9564,54,Male,Diploma,Employed,33794.14,Married,1,Urban,14747.71,449,36,Mobile Money,Yes,No
9565,43,Male,Bachelor,Employed,56341.22,Married,1,Urban,17416.16,514,25,Debit Card,Yes,No
9566,39,Female,High School,Employed,35411.0,Married,2,Urban,27495.06,453,12,Credit Card,Yes,No
9567,26,Male,High School,Employed,37601.61,Married,0,Urban,10617.66,422,0,Debit Card,Yes,No
9568,44,Female,High School,Self-Employed,44651.79,Single,0,Suburban,26190.07,473,22,Debit Card,No,No
9569,63,Female,High School,Student,5000.0,Married,3,Rural,1000.0,479,40,Cash,Yes,No
9570,33,Female,High School,Employed,20851.78,Married,0,Urban,9677.63,397,14,Mobile Money,Yes,No
9571,33,Female,Bachelor,Unemployed,13758.85,Married,0,Suburban,6416.82,438,14,Credit Card,No,No
9572,31,Male,Bachelor,Student,13779.83,Married,0,Urban,7680.42,352,13,Debit Card,Yes,No
9573,32,Female,Bachelor,Employed,53354.89,Married,3,Rural,21497.2,476,5,Credit Card,Yes,Yes
9574,18,Male,Diploma,Employed,10947.69,Single,0,Urban,4169.28,401,0,Credit Card,Yes,No
9575,42,Female,High School,Unemployed,5000.0,Single,0,Urban,1000.0,375,24,Credit Card,Yes,No
9576,27,Female,PhD,Self-Employed,106076.22,Single,0,Urban,27875.9,546,3,Credit Card,Yes,No
9577,18,Female,High School,Employed,36841.61,Single,0,Rural,12939.03,380,0,Credit Card,No,No
9578,47,Male,Bachelor,Employed,47762.83,Married,4,Suburban,11637.37,473,21,Credit Card,No,No
9579,25,Female,Master,Employed,75864.57,Married,0,Suburban,21425.59,526,0,Credit Card,No,No
9580,33,Female,Bachelor,Employed,43031.17,Married,2,Urban,22351.0,435,11,Debit Card,Yes,No
9581,55,Female,High School,Self-Employed,38044.55,Married,4,Urban,16592.56,535,29,Credit Card,Yes,No
9582,21,Male,Diploma,Self-Employed,50102.82,Single,0,Suburban,18845.06,467,2,Debit Card,No,No
9583,19,Female,High School,Unemployed,12749.91,Single,0,Suburban,3610.56,391,0,Credit Card,No,Yes
9584,41,Male,Bachelor,Employed,46933.75,Married,0,Urban,14814.8,488,21,Mobile Money,No,No
9585,51,Female,Bachelor,Employed,42618.94,Married,5,Suburban,8550.5,460,33,Debit Card,Yes,No
9586,19,Female,Bachelor,Self-Employed,71808.42,Single,0,Rural,17086.5,488,0,Credit Card,Yes,No
9587,42,Male,High School,Employed,17790.73,Married,2,Urban,1135.78,454,22,Credit Card,No,No
9588,44,Male,Master,Self-Employed,77832.72,Single,0,Rural,16655.32,568,17,Cash,No,No
9589,18,Female,Bachelor,Self-Employed,77133.46,Single,0,Suburban,34730.51,468,0,Credit Card,No,No
9590,47,Male,High School,Unemployed,10359.11,Married,0,Urban,2166.18,405,27,Debit Card,Yes,No
9591,48,Male,Diploma,Self-Employed,50950.03,Married,2,Rural,16318.46,452,26,Debit Card,No,No
9592,34,Female,Bachelor,Self-Employed,70997.89,Single,0,Suburban,27617.99,496,8,Cash,No,No
9593,53,Female,Diploma,Employed,44712.96,Single,0,Suburban,15422.25,481,30,Credit Card,Yes,No
9594,51,Female,High School,Student,5829.73,Married,5,Suburban,1511.48,416,33,Credit Card,No,No
9595,39,Male,High School,Employed,22788.63,Married,0,Urban,6540.26,426,12,Credit Card,Yes,No
9596,32,Male,Bachelor,Student,32472.46,Married,2,Suburban,7918.24,411,5,Debit Card,No,No
9597,26,Female,High School,Employed,27658.92,Married,1,Suburban,1653.72,396,5,Debit Card,No,No
9598,37,Female,High School,Employed,32648.37,Married,0,Urban,7586.8,411,13,Credit Card,Yes,No
9599,44,Female,Master,Unemployed,24521.11,Married,3,Suburban,6156.71,391,23,Credit Card,No,No
9600,34,Female,Bachelor,Self-Employed,61736.4,Single,0,Suburban,25027.26,450,14,Debit Card,No,No
9601,18,Male,Bachelor,Self-Employed,62594.49,Single,0,Urban,18410.65,400,0,Mobile Money,Yes,No
9602,53,Male,Diploma,Employed,51905.86,Single,0,Urban,25597.06,563,32,Credit Card,No,No
9603,40,Female,Bachelor,Unemployed,10588.18,Married,3,Urban,4492.77,378,15,Cash,No,No
9604,33,Female,Bachelor,Employed,58299.44,Single,0,Urban,26462.72,510,15,Debit Card,Yes,No
9605,48,Female,PhD,Employed,97166.83,Married,3,Rural,33497.33,595,28,Cash,Yes,No
9606,56,Female,High School,Student,5000.0,Married,5,Urban,1000.0,387,34,Credit Card,No,No
9607,18,Female,High School,Self-Employed,35248.93,Single,0,Suburban,16781.11,340,0,Credit Card,Yes,No
9608,43,Female,High School,Employed,37655.24,Married,3,Urban,8583.4,447,25,Debit Card,No,No
9609,20,Male,Bachelor,Employed,53901.2,Single,0,Urban,26848.82,470,0,Debit Card,Yes,Yes
9610,43,Female,Bachelor,Self-Employed,49382.33,Single,0,Suburban,8924.54,478,17,Credit Card,No,No
9611,39,Female,High School,Unemployed,21031.07,Single,0,Rural,7473.22,402,14,Credit Card,No,No
9612,45,Male,Diploma,Employed,32196.2,Married,1,Suburban,9228.05,471,19,Debit Card,No,No
9613,32,Female,High School,Self-Employed,37723.81,Married,2,Suburban,10131.16,486,13,Mobile Money,Yes,Yes
9614,18,Male,Diploma,Self-Employed,37457.77,Single,0,Suburban,8923.04,400,0,Mobile Money,No,No
9615,32,Female,PhD,Employed,85912.97,Single,0,Urban,23960.64,558,12,Cash,Yes,No
9616,42,Male,Bachelor,Employed,51508.11,Married,3,Urban,14522.11,487,21,Mobile Money,No,No
9617,50,Female,High School,Employed,31393.37,Married,2,Rural,12556.69,440,29,Debit Card,No,No
9618,23,Female,Diploma,Self-Employed,40982.94,Single,0,Rural,12483.95,440,0,Credit Card,Yes,No
9619,50,Female,High School,Employed,45862.68,Married,1,Rural,25533.87,523,30,Mobile Money,No,Yes
9620,30,Female,Bachelor,Unemployed,16696.26,Married,0,Rural,8007.37,384,11,Credit Card,Yes,No
9621,42,Female,Diploma,Self-Employed,55048.33,Married,2,Urban,17322.81,501,21,Credit Card,No,No
9622,31,Male,PhD,Self-Employed,107929.16,Married,1,Urban,38302.31,501,8,Credit Card,Yes,No
9623,40,Male,Bachelor,Employed,62978.14,Married,2,Urban,21300.7,500,18,Credit Card,No,No
9624,48,Female,Bachelor,Employed,38194.8,Married,4,Urban,19950.98,462,23,Debit Card,Yes,No
9625,23,Female,Master,Self-Employed,78362.04,Single,0,Suburban,34304.5,479,0,Debit Card,No,No
9626,29,Male,Bachelor,Self-Employed,61825.63,Married,1,Urban,27597.65,509,5,Cash,Yes,No
9627,40,Male,High School,Employed,25760.92,Married,3,Urban,9495.93,378,22,Mobile Money,No,No
9628,66,Male,Bachelor,Employed,59149.42,Single,0,Urban,23860.56,520,45,Debit Card,No,No
9629,27,Female,Bachelor,Self-Employed,70697.32,Married,2,Rural,27226.42,508,7,Debit Card,Yes,No
9630,62,Female,Diploma,Employed,39407.59,Married,4,Urban,18990.31,540,38,Debit Card,No,No
9631,62,Male,High School,Self-Employed,35605.63,Married,4,Urban,12518.66,505,38,Credit Card,Yes,No
9632,36,Female,High School,Employed,49524.09,Married,1,Suburban,19497.4,463,15,Debit Card,Yes,No
9633,34,Male,Diploma,Self-Employed,50596.75,Single,0,Urban,10589.52,468,16,Mobile Money,No,No
9634,29,Female,High School,Employed,12198.34,Married,0,Rural,5413.01,377,2,Credit Card,No,No
9635,37,Male,Master,Self-Employed,90160.9,Single,0,Suburban,30553.8,548,13,Mobile Money,Yes,No
9636,21,Female,Bachelor,Employed,59475.72,Single,0,Urban,13140.59,503,3,Debit Card,No,No
9637,37,Male,Bachelor,Employed,64274.76,Married,0,Urban,20663.8,515,12,Debit Card,Yes,No
9638,55,Male,Bachelor,Employed,59787.19,Married,4,Urban,30139.93,522,37,Credit Card,No,No
9639,30,Female,Bachelor,Self-Employed,58761.96,Single,0,Urban,27750.38,492,10,Debit Card,Yes,No
9640,35,Male,PhD,Employed,97120.04,Single,0,Urban,22005.76,624,12,Debit Card,Yes,No
9641,18,Female,Diploma,Employed,40794.45,Single,0,Suburban,12740.57,379,0,Credit Card,No,No
9642,42,Female,Bachelor,Student,19369.31,Married,2,Urban,5844.6,383,15,Debit Card,Yes,No
9643,41,Male,Diploma,Employed,52383.19,Married,1,Urban,25387.39,455,19,Credit Card,No,Yes
9644,38,Female,Master,Employed,69025.07,Married,0,Suburban,30945.62,484,19,Credit Card,No,Yes
9645,35,Male,Master,Self-Employed,91006.38,Married,1,Urban,43006.61,563,10,Mobile Money,Yes,Yes
9646,34,Female,Master,Self-Employed,92269.23,Single,0,Urban,39921.99,523,16,Debit Card,No,No
9647,44,Female,High School,Employed,31270.0,Married,0,Suburban,18770.65,436,21,Mobile Money,No,No
9648,37,Male,Diploma,Self-Employed,63664.72,Married,0,Urban,22332.38,446,11,Debit Card,No,No
9649,41,Female,High School,Employed,38364.35,Single,0,Urban,6704.62,520,19,Cash,Yes,No
9650,40,Male,Diploma,Employed,35316.9,Married,4,Urban,10183.19,442,13,Credit Card,Yes,No
9651,51,Female,Diploma,Employed,42080.63,Married,5,Suburban,8400.35,520,30,Credit Card,Yes,No
9652,46,Male,Diploma,Employed,46881.35,Single,0,Suburban,20161.66,479,20,Credit Card,Yes,No
9653,40,Male,Bachelor,Employed,70360.72,Single,0,Urban,28668.11,542,22,Cash,No,Yes
9654,56,Female,Diploma,Employed,44966.85,Married,2,Suburban,17942.31,503,34,Credit Card,Yes,No
9655,43,Male,Master,Employed,72315.68,Single,0,Suburban,27055.67,553,22,Mobile Money,No,No
9656,53,Female,High School,Employed,40110.51,Single,0,Urban,20427.38,518,32,Credit Card,No,No
9657,45,Female,Diploma,Employed,38244.37,Single,0,Suburban,12832.21,415,19,Credit Card,Yes,No
9658,18,Female,Bachelor,Employed,47080.14,Married,0,Urban,26487.56,408,0,Mobile Money,Yes,Yes
9659,53,Female,Bachelor,Employed,60630.05,Married,4,Urban,24741.75,537,26,Credit Card,No,No
9660,39,Female,High School,Employed,26974.65,Married,0,Rural,15708.28,471,12,Credit Card,Yes,No
9661,37,Male,Master,Self-Employed,105726.15,Married,0,Suburban,20987.0,581,18,Credit Card,Yes,No
9662,41,Female,Bachelor,Unemployed,18523.76,Married,3,Suburban,6813.27,395,14,Mobile Money,Yes,No
9663,33,Female,Master,Self-Employed,89678.95,Married,2,Rural,21559.29,545,6,Debit Card,No,Yes
9664,40,Male,Master,Self-Employed,78973.4,Single,0,Urban,28418.52,544,20,Credit Card,Yes,No
9665,30,Male,Bachelor,Employed,65116.8,Married,0,Urban,26798.77,483,6,Debit Card,Yes,No
9666,53,Female,Master,Self-Employed,83784.41,Single,0,Rural,23180.16,613,28,Debit Card,No,No
9667,36,Female,Master,Self-Employed,83003.71,Married,3,Urban,30161.51,508,12,Credit Card,No,No
9668,33,Female,PhD,Employed,89195.82,Married,1,Suburban,31617.19,558,15,Debit Card,Yes,No
9669,26,Female,Master,Student,5000.0,Single,0,Rural,1000.0,329,5,Mobile Money,Yes,Yes
9670,41,Male,Master,Employed,67995.79,Married,5,Urban,18591.99,496,17,Debit Card,No,No
9671,40,Female,Diploma,Employed,44369.33,Single,0,Rural,15998.76,446,14,Debit Card,Yes,No
9672,42,Female,High School,Employed,17636.91,Married,2,Suburban,9739.83,403,15,Credit Card,No,No
9673,25,Male,Master,Unemployed,29173.35,Married,1,Rural,15791.2,428,6,Cash,No,No
9674,18,Male,Bachelor,Student,8853.29,Married,1,Urban,1804.4,323,0,Debit Card,Yes,No
9675,45,Male,Diploma,Student,9957.81,Married,3,Suburban,12341.34,435,18,Credit Card,No,No
9676,55,Female,Diploma,Employed,22127.88,Married,5,Rural,3673.89,445,35,Mobile Money,No,No
9677,25,Male,Bachelor,Self-Employed,67799.9,Married,1,Urban,38041.38,505,1,Mobile Money,Yes,No
9678,57,Male,Diploma,Employed,31654.82,Married,3,Urban,18920.25,470,33,Debit Card,Yes,No
9679,41,Male,High School,Employed,27188.33,Married,0,Urban,12750.4,456,21,Credit Card,Yes,No
9680,37,Male,High School,Unemployed,5000.0,Married,2,Rural,3103.57,405,18,Credit Card,Yes,No
9681,33,Male,Bachelor,Employed,47944.95,Single,0,Urban,21496.72,441,11,Credit Card,Yes,No
9682,21,Female,Diploma,Employed,38691.53,Single,0,Urban,16717.31,470,2,Credit Card,Yes,No
9683,49,Male,Bachelor,Employed,52825.98,Married,2,Suburban,28604.87,485,26,Credit Card,No,No
9684,28,Female,Bachelor,Employed,62076.24,Married,3,Suburban,12906.61,459,8,Credit Card,Yes,No
9685,28,Female,Bachelor,Employed,40055.43,Single,0,Suburban,8720.03,432,7,Debit Card,No,No
9686,49,Female,High School,Employed,29589.05,Married,1,Suburban,1997.35,471,28,Credit Card,No,No
9687,18,Female,High School,Employed,29207.34,Single,0,Suburban,5672.64,354,0,Cash,No,No
9688,19,Male,Bachelor,Employed,51337.54,Single,0,Urban,24476.75,472,1,Credit Card,Yes,No
9689,37,Male,Bachelor,Employed,47694.35,Single,0,Rural,19320.11,477,18,Mobile Money,No,No
9690,41,Male,High School,Unemployed,17817.42,Single,0,Urban,5538.35,450,17,Debit Card,No,No
9691,43,Female,Diploma,Self-Employed,64381.71,Married,2,Rural,23810.07,527,19,Credit Card,No,No
9692,34,Male,Master,Self-Employed,70287.51,Single,0,Urban,29982.98,526,9,Mobile Money,Yes,No
9693,68,Female,Master,Self-Employed,76606.52,Married,4,Urban,25668.6,588,44,Credit Card,No,No
9694,35,Female,Diploma,Employed,31965.12,Married,2,Suburban,12163.26,444,10,Debit Card,No,No
9695,35,Female,High School,Unemployed,6747.83,Married,0,Rural,1000.0,408,12,Credit Card,No,No
9696,28,Female,Diploma,Student,18046.77,Married,0,Urban,5141.37,374,9,Mobile Money,Yes,No
9697,39,Female,High School,Employed,34221.36,Single,0,Urban,10598.63,447,16,Debit Card,Yes,No
9698,45,Male,High School,Employed,28769.18,Married,2,Suburban,16990.93,408,22,Debit Card,Yes,No
9699,52,Female,Diploma,Self-Employed,48130.9,Married,2,Rural,19142.84,469,30,Debit Card,Yes,No
9700,20,Male,Bachelor,Employed,52447.9,Single,0,Urban,10701.76,438,0,Debit Card,No,No
9701,35,Female,High School,Student,11909.17,Married,1,Urban,1000.0,416,11,Cash,Yes,Yes
9702,43,Female,Master,Self-Employed,90882.68,Married,1,Suburban,31186.63,578,24,Credit Card,Yes,No
9703,45,Male,Bachelor,Employed,59730.38,Married,2,Urban,17597.66,512,18,Cash,No,No
9704,38,Female,Bachelor,Employed,37427.67,Married,0,Urban,8124.57,473,19,Cash,Yes,No
9705,44,Male,PhD,Self-Employed,108105.13,Married,2,Rural,29897.86,603,24,Debit Card,No,No
9706,28,Female,Bachelor,Employed,53507.71,Married,0,Suburban,16227.28,459,3,Mobile Money,No,No
9707,56,Female,Master,Unemployed,28930.43,Married,4,Urban,5146.62,484,36,Credit Card,No,No
9708,49,Female,Diploma,Employed,41912.85,Married,5,Rural,8463.35,483,29,Debit Card,Yes,Yes
9709,21,Male,High School,Student,10453.91,Single,0,Suburban,4173.25,302,0,Debit Card,No,No
9710,25,Male,Bachelor,Employed,51037.62,Single,0,Suburban,25047.77,429,5,Debit Card,No,No
9711,25,Female,Bachelor,Self-Employed,73515.19,Single,0,Suburban,26927.28,493,7,Debit Card,No,No
9712,46,Female,High School,Employed,39870.52,Single,0,Rural,11566.34,495,25,Debit Card,Yes,No
9713,22,Male,Bachelor,Employed,41984.07,Single,0,Rural,18604.24,424,0,Mobile Money,No,No
9714,34,Male,High School,Self-Employed,25630.49,Single,0,Urban,6742.2,426,14,Mobile Money,Yes,No
9715,43,Male,Bachelor,Employed,61099.63,Married,1,Urban,16654.1,528,18,Debit Card,No,No
9716,37,Female,Diploma,Employed,38620.86,Single,0,Urban,4620.7,465,13,Cash,Yes,No
9717,41,Male,Bachelor,Employed,63229.71,Married,0,Urban,31690.76,498,17,Debit Card,No,No
9718,25,Male,Diploma,Employed,41934.57,Single,0,Suburban,18256.17,453,2,Mobile Money,No,Yes
9719,45,Female,PhD,Employed,95542.94,Married,1,Urban,33279.04,594,20,Mobile Money,Yes,No
9720,30,Male,Diploma,Self-Employed,42022.1,Single,0,Rural,9533.8,426,6,Credit Card,No,No
9721,34,Female,PhD,Employed,92718.35,Married,0,Urban,28393.62,541,12,Mobile Money,No,No
9722,40,Male,High School,Employed,32741.06,Single,0,Urban,11961.71,457,21,Credit Card,Yes,No
9723,39,Male,Bachelor,Employed,49488.85,Single,0,Urban,18078.49,472,21,Cash,Yes,No
9724,38,Female,Diploma,Unemployed,20013.55,Single,0,Urban,7416.74,412,20,Cash,Yes,No
9725,28,Male,Master,Unemployed,5837.43,Married,0,Suburban,6524.49,422,4,Mobile Money,No,No
9726,34,Male,Bachelor,Employed,56661.66,Married,0,Urban,14986.75,480,12,Credit Card,Yes,No
9727,38,Female,Master,Unemployed,10647.38,Married,5,Suburban,8120.82,380,19,Credit Card,No,No
9728,21,Male,High School,Unemployed,5000.0,Single,0,Urban,1000.0,347,0,Credit Card,Yes,No
9729,32,Female,Master,Employed,77887.9,Single,0,Suburban,30070.67,561,9,Debit Card,Yes,No
9730,42,Male,High School,Employed,21200.6,Married,2,Urban,8984.82,397,24,Credit Card,No,No
9731,22,Female,High School,Employed,20862.89,Single,0,Suburban,10117.73,389,0,Debit Card,Yes,No
9732,51,Female,High School,Employed,34642.58,Single,0,Urban,12019.15,444,27,Cash,No,No
9733,53,Male,Diploma,Self-Employed,39113.73,Married,1,Rural,14507.57,533,34,Credit Card,Yes,No
9734,23,Male,Bachelor,Employed,63145.68,Single,0,Rural,12334.25,506,0,Debit Card,No,No
9735,54,Female,High School,Employed,35156.84,Married,1,Urban,10458.63,495,30,Credit Card,No,No
9736,36,Male,High School,Employed,23778.85,Single,0,Rural,10548.51,413,13,Credit Card,No,No
9737,43,Male,Bachelor,Self-Employed,73843.01,Single,0,Urban,21478.73,524,20,Cash,Yes,No
9738,32,Male,PhD,Employed,74491.45,Married,2,Rural,37718.82,497,5,Debit Card,No,No
9739,49,Female,Bachelor,Employed,58779.93,Single,0,Urban,25882.39,471,25,Credit Card,Yes,No
9740,42,Female,Bachelor,Student,5000.0,Married,0,Urban,1000.0,350,19,Credit Card,No,No
9741,28,Male,Bachelor,Employed,50813.6,Married,0,Rural,11020.6,449,8,Cash,No,No
9742,24,Female,Bachelor,Employed,51330.32,Single,0,Urban,20812.75,495,6,Debit Card,Yes,No
9743,20,Female,PhD,Self-Employed,118251.18,Single,0,Suburban,59228.89,534,0,Credit Card,No,No
9744,40,Male,Bachelor,Unemployed,12489.77,Married,1,Suburban,7150.52,382,17,Debit Card,No,No
9745,44,Female,Diploma,Employed,39371.04,Married,2,Rural,15289.14,436,25,Credit Card,No,No
9746,45,Female,Master,Self-Employed,80494.61,Married,5,Rural,27559.12,553,25,Credit Card,Yes,No
9747,36,Female,PhD,Student,10138.88,Married,0,Urban,8625.44,426,16,Mobile Money,No,No
9748,24,Male,High School,Employed,21757.59,Married,1,Suburban,1712.1,404,0,Debit Card,No,Yes
9749,29,Female,Bachelor,Employed,57469.83,Single,0,Urban,15090.93,478,5,Debit Card,Yes,No
9750,51,Female,Bachelor,Self-Employed,65788.89,Married,3,Urban,13678.71,552,33,Mobile Money,Yes,No
9751,32,Female,Bachelor,Employed,61100.13,Married,1,Suburban,14217.87,470,10,Credit Card,No,No
9752,39,Female,Diploma,Employed,38063.49,Married,1,Urban,10182.13,472,16,Credit Card,No,No
9753,25,Male,Bachelor,Unemployed,14822.73,Married,0,Urban,1000.0,324,3,Credit Card,Yes,No
9754,42,Female,Diploma,Employed,46126.02,Married,3,Urban,18763.55,479,17,Credit Card,No,No
9755,32,Female,Diploma,Employed,37023.14,Single,0,Urban,5285.12,459,10,Cash,No,No
9756,50,Male,PhD,Employed,78483.28,Married,2,Suburban,20360.95,535,27,Debit Card,Yes,No
9757,47,Male,Bachelor,Self-Employed,72780.38,Married,1,Urban,38393.81,507,26,Credit Card,No,No
9758,32,Male,Master,Employed,64582.87,Married,0,Rural,22212.79,489,12,Mobile Money,No,No
9759,36,Female,Master,Self-Employed,84535.09,Married,2,Urban,26123.56,538,11,Debit Card,Yes,No
9760,31,Female,Bachelor,Self-Employed,60987.89,Married,0,Urban,17868.5,528,13,Debit Card,No,No
9761,20,Female,Master,Employed,62219.99,Single,0,Urban,24669.42,484,0,Credit Card,Yes,No
9762,27,Male,Diploma,Student,5000.0,Married,0,Suburban,3136.0,387,4,Cash,No,Yes
9763,40,Female,Bachelor,Student,13713.33,Married,0,Suburban,1000.0,457,17,Debit Card,No,No
9764,41,Female,Bachelor,Employed,27848.68,Married,2,Urban,11116.41,453,16,Cash,Yes,No
9765,39,Male,Bachelor,Employed,65386.76,Married,4,Urban,33620.16,503,17,Credit Card,Yes,No
9766,34,Male,High School,Employed,38256.13,Married,1,Rural,18806.72,478,7,Mobile Money,Yes,No
9767,49,Male,Diploma,Employed,32723.98,Married,5,Urban,14246.89,365,27,Credit Card,No,No
9768,38,Female,Diploma,Employed,52706.02,Single,0,Urban,26640.53,504,19,Debit Card,Yes,No
9769,46,Female,Bachelor,Employed,71486.39,Married,3,Suburban,24933.02,518,19,Cash,Yes,No
9770,18,Female,PhD,Employed,87813.47,Single,0,Urban,19446.57,535,0,Cash,Yes,No
9771,18,Male,PhD,Employed,93287.76,Single,0,Urban,23321.33,523,0,Credit Card,Yes,No
9772,41,Female,High School,Employed,31090.16,Married,1,Suburban,20674.87,462,18,Debit Card,Yes,No
9773,20,Female,Diploma,Employed,52108.93,Single,0,Rural,14582.77,416,0,Debit Card,No,No
9774,35,Male,High School,Employed,18858.94,Married,0,Suburban,8425.71,414,11,Mobile Money,No,No
9775,34,Male,Diploma,Employed,38181.04,Married,2,Urban,23492.16,459,11,Debit Card,Yes,No
9776,57,Female,Master,Student,21355.18,Married,5,Rural,7095.04,458,39,Cash,No,No
9777,42,Female,Master,Employed,76508.27,Married,3,Suburban,28821.53,510,23,Debit Card,Yes,No
9778,39,Male,High School,Student,5657.53,Single,0,Suburban,4335.23,385,17,Mobile Money,Yes,No
9779,48,Male,Diploma,Employed,51138.49,Single,0,Suburban,18483.01,545,23,Cash,Yes,No
9780,42,Female,High School,Self-Employed,37867.83,Married,2,Suburban,18704.74,408,17,Cash,No,No
9781,32,Female,Diploma,Employed,40909.6,Married,2,Suburban,8790.08,385,12,Credit Card,No,No
9782,50,Female,Master,Unemployed,26576.34,Single,0,Suburban,5016.64,433,31,Debit Card,Yes,No
9783,24,Male,Bachelor,Employed,54512.84,Married,0,Rural,15013.27,472,2,Credit Card,Yes,Yes
9784,41,Male,Bachelor,Student,11402.09,Married,1,Urban,3643.64,378,22,Debit Card,Yes,No
9785,19,Male,Bachelor,Employed,48701.66,Single,0,Urban,22668.05,433,0,Cash,Yes,Yes
9786,40,Female,Diploma,Employed,63467.22,Single,0,Urban,25984.41,512,22,Credit Card,Yes,No
9787,40,Female,High School,Employed,26212.7,Married,2,Suburban,10524.95,394,15,Credit Card,Yes,No
9788,58,Female,High School,Self-Employed,41833.96,Married,5,Suburban,18516.32,502,32,Debit Card,No,No
9789,19,Male,Bachelor,Student,26269.79,Single,0,Rural,13844.06,397,0,Credit Card,No,No
9790,30,Female,Master,Employed,59257.44,Single,0,Urban,28528.62,455,12,Credit Card,Yes,No
9791,47,Female,Bachelor,Self-Employed,70889.4,Married,2,Suburban,21540.62,535,29,Cash,No,No
9792,42,Female,High School,Self-Employed,36185.3,Married,2,Urban,4902.75,462,24,Debit Card,Yes,No
9793,40,Female,Bachelor,Employed,69357.85,Married,1,Suburban,17808.8,517,20,Cash,No,No
9794,26,Female,High School,Self-Employed,28726.31,Single,0,Urban,13446.5,362,4,Mobile Money,Yes,Yes
9795,30,Female,High School,Employed,23981.96,Single,0,Rural,1000.0,417,7,Cash,Yes,No
9796,52,Male,Diploma,Employed,39600.73,Married,2,Suburban,13876.5,503,33,Cash,Yes,No
9797,37,Female,Diploma,Self-Employed,44051.88,Single,0,Suburban,18034.29,507,13,Cash,Yes,No
9798,42,Male,Master,Employed,66325.78,Married,5,Urban,21462.57,544,17,Cash,No,No
9799,36,Female,Bachelor,Unemployed,32727.43,Married,2,Suburban,15554.86,426,17,Cash,Yes,No
9800,23,Female,High School,Unemployed,10016.34,Married,1,Urban,1475.23,334,3,Credit Card,Yes,No
9801,49,Male,High School,Unemployed,5000.0,Single,0,Urban,2338.62,392,28,Debit Card,Yes,No
9802,44,Female,Diploma,Employed,36879.87,Married,2,Suburban,9538.61,447,25,Mobile Money,Yes,No
9803,65,Female,High School,Employed,33239.13,Married,4,Urban,13486.64,482,44,Debit Card,No,No
9804,25,Female,Diploma,Employed,42698.94,Single,0,Urban,15893.69,400,0,Debit Card,Yes,No
9805,47,Female,Bachelor,Student,6381.89,Married,1,Urban,1000.0,428,20,Credit Card,No,No
9806,22,Female,High School,Employed,16975.75,Single,0,Suburban,2919.77,365,0,Debit Card,No,No
9807,39,Female,Master,Employed,69595.68,Married,1,Urban,26438.05,506,19,Cash,No,Yes
9808,49,Male,Diploma,Employed,39379.24,Single,0,Suburban,11475.38,455,25,Credit Card,No,No
9809,18,Male,Diploma,Employed,34830.96,Married,1,Urban,6866.89,429,0,Debit Card,Yes,No
9810,35,Male,Diploma,Employed,50238.24,Single,0,Urban,15377.17,495,15,Debit Card,Yes,No
9811,31,Female,Bachelor,Employed,59596.62,Married,0,Urban,17491.45,521,13,Debit Card,Yes,No
9812,29,Male,Bachelor,Employed,56078.55,Single,0,Urban,16411.05,475,7,Debit Card,Yes,No
9813,42,Female,High School,Student,5000.0,Single,0,Urban,1000.0,321,17,Credit Card,No,No
9814,51,Male,Master,Self-Employed,97864.23,Married,3,Urban,21511.44,595,31,Mobile Money,No,No
9815,36,Female,High School,Self-Employed,26764.22,Married,1,Urban,9575.41,410,17,Debit Card,Yes,No
9816,40,Male,Master,Employed,66027.23,Married,3,Urban,31703.38,501,14,Credit Card,Yes,No
9817,39,Female,High School,Unemployed,5381.06,Married,2,Urban,5840.09,444,17,Mobile Money,Yes,No
9818,38,Female,Bachelor,Student,13391.68,Married,1,Rural,2390.12,434,14,Cash,Yes,No
9819,24,Female,Bachelor,Student,16287.08,Single,0,Suburban,7041.3,366,6,Credit Card,No,No
9820,51,Female,Bachelor,Employed,44307.4,Married,1,Urban,10131.61,540,33,Debit Card,No,No
9821,41,Female,High School,Unemployed,5000.0,Married,1,Urban,1842.79,386,19,Debit Card,Yes,No
9822,42,Female,High School,Employed,33581.16,Married,2,Urban,14818.08,391,22,Credit Card,No,No
9823,28,Female,Bachelor,Employed,49678.83,Married,1,Urban,10799.14,415,8,Debit Card,Yes,No
9824,32,Male,Master,Employed,66785.79,Single,0,Rural,31183.91,462,9,Cash,No,No
9825,35,Female,Bachelor,Self-Employed,67381.16,Single,0,Urban,25748.95,507,17,Debit Card,No,No
9826,19,Female,Diploma,Employed,32160.6,Single,0,Urban,4105.35,325,0,Debit Card,Yes,Yes
9827,18,Male,High School,Employed,32220.89,Single,0,Suburban,9291.88,389,0,Credit Card,Yes,No
9828,30,Female,Bachelor,Self-Employed,70900.48,Single,0,Rural,20359.34,466,6,Mobile Money,Yes,No
9829,44,Female,Diploma,Employed,40307.09,Married,1,Suburban,11145.92,469,22,Debit Card,No,No
9830,30,Female,High School,Employed,41403.07,Single,0,Urban,21122.39,439,7,Mobile Money,Yes,No
9831,25,Female,Bachelor,Employed,60803.38,Married,0,Rural,9854.46,445,0,Credit Card,No,No
9832,28,Male,Diploma,Employed,39672.63,Married,1,Suburban,15000.5,377,3,Debit Card,No,No
9833,32,Male,High School,Employed,27428.6,Married,0,Urban,9566.63,396,8,Cash,Yes,Yes
9834,33,Male,High School,Employed,44037.75,Married,0,Urban,18361.0,469,15,Mobile Money,No,No
9835,63,Male,Bachelor,Student,5708.34,Married,5,Suburban,1000.0,478,36,Cash,No,No
9836,50,Female,High School,Unemployed,6822.62,Single,0,Urban,1000.0,412,29,Credit Card,Yes,No
9837,50,Male,Master,Employed,66721.47,Married,3,Suburban,21620.06,559,25,Credit Card,No,No
9838,52,Female,Diploma,Employed,43182.43,Single,0,Urban,17913.25,531,30,Credit Card,Yes,No
9839,26,Female,High School,Employed,48041.25,Married,0,Suburban,17758.69,449,0,Mobile Money,Yes,No
9840,23,Female,Bachelor,Employed,56973.38,Single,0,Urban,24882.03,502,4,Debit Card,Yes,No
9841,24,Male,Bachelor,Employed,52423.41,Married,1,Suburban,16052.89,481,1,Credit Card,No,Yes
9842,54,Male,Diploma,Employed,41509.37,Married,1,Rural,10812.18,505,34,Credit Card,No,No
9843,31,Male,Diploma,Employed,29497.13,Single,0,Suburban,14345.51,484,5,Credit Card,No,No
9844,22,Male,High School,Employed,28497.72,Single,0,Rural,11806.71,434,4,Debit Card,Yes,No
9845,32,Female,Bachelor,Employed,68632.67,Married,0,Suburban,13206.4,520,11,Mobile Money,Yes,No
9846,35,Female,Diploma,Student,13295.92,Married,1,Suburban,2562.53,402,13,Debit Card,No,No
9847,41,Male,Bachelor,Student,20847.74,Single,0,Urban,1620.2,397,23,Cash,No,No
9848,41,Female,Bachelor,Student,19106.77,Single,0,Urban,14028.42,417,14,Debit Card,Yes,No
9849,28,Male,Bachelor,Student,5329.6,Single,0,Urban,1000.0,367,8,Credit Card,Yes,No
9850,46,Female,Bachelor,Employed,70295.91,Married,1,Urban,26164.74,508,27,Cash,Yes,No
9851,30,Male,Bachelor,Self-Employed,51791.61,Married,0,Urban,27284.51,453,7,Credit Card,Yes,Yes
9852,36,Female,Diploma,Employed,42659.98,Married,1,Urban,17792.72,472,14,Credit Card,Yes,No
9853,46,Male,Diploma,Unemployed,5000.0,Single,0,Urban,1000.0,423,26,Cash,No,No
9854,30,Male,High School,Unemployed,5000.0,Single,0,Urban,1000.0,357,7,Debit Card,Yes,No
9855,31,Male,Bachelor,Employed,62484.52,Single,0,Urban,18533.38,458,8,Mobile Money,Yes,No
9856,45,Male,Bachelor,Employed,49469.34,Married,3,Suburban,11018.56,501,22,Credit Card,No,No
9857,27,Female,High School,Employed,39959.08,Married,1,Urban,11776.8,460,9,Cash,Yes,No
9858,33,Male,Master,Employed,52605.06,Married,1,Suburban,17960.29,428,11,Debit Card,No,No
9859,44,Female,Bachelor,Student,10291.93,Married,1,Rural,3632.52,412,19,Cash,No,No
9860,62,Female,Diploma,Unemployed,5000.0,Married,1,Urban,4055.9,423,36,Mobile Money,Yes,No
9861,45,Female,High School,Employed,27371.83,Married,1,Suburban,11515.02,477,27,Mobile Money,No,No
9862,43,Female,Diploma,Employed,52386.79,Single,0,Suburban,13666.01,631,19,Mobile Money,No,No
9863,44,Male,Bachelor,Employed,69334.42,Married,3,Urban,21371.01,472,24,Cash,Yes,No
9864,25,Female,High School,Student,10103.43,Single,0,Urban,1000.0,416,6,Credit Card,Yes,No
9865,39,Female,Diploma,Student,5000.0,Single,0,Urban,2652.49,358,19,Debit Card,No,No
9866,37,Female,PhD,Employed,80346.52,Married,2,Urban,16976.46,570,11,Credit Card,No,Yes
9867,41,Female,Bachelor,Self-Employed,67280.44,Single,0,Suburban,29041.91,522,19,Credit Card,Yes,No
9868,39,Female,Bachelor,Self-Employed,59552.73,Single,0,Urban,11070.66,500,17,Credit Card,Yes,No
9869,42,Male,Bachelor,Employed,60263.78,Married,2,Rural,23593.26,499,19,Credit Card,No,No
9870,34,Female,High School,Student,19407.4,Married,0,Suburban,3620.22,375,12,Debit Card,No,No
9871,38,Female,PhD,Employed,82138.64,Married,2,Suburban,25928.22,538,17,Credit Card,Yes,No
9872,23,Male,Master,Employed,62839.51,Single,0,Rural,23787.83,461,2,Debit Card,No,No
9873,34,Female,Bachelor,Employed,45556.52,Single,0,Urban,18765.7,509,7,Debit Card,Yes,No
9874,54,Male,High School,Self-Employed,33965.93,Married,4,Urban,2777.53,462,30,Credit Card,No,No
9875,41,Male,High School,Employed,30417.82,Married,1,Rural,11246.94,467,22,Debit Card,No,No
9876,37,Female,High School,Self-Employed,36172.65,Married,2,Rural,16627.43,437,15,Credit Card,No,No
9877,60,Female,Bachelor,Unemployed,23681.48,Married,5,Urban,7539.88,501,36,Mobile Money,No,No
9878,21,Female,High School,Self-Employed,39143.77,Single,0,Suburban,15813.59,355,2,Debit Card,No,No
9879,24,Female,Bachelor,Self-Employed,65530.29,Single,0,Urban,21371.19,458,0,Cash,Yes,Yes
9880,58,Male,Bachelor,Employed,55327.32,Married,2,Urban,15679.68,512,40,Debit Card,No,No
9881,38,Female,High School,Employed,30684.1,Married,3,Suburban,12441.33,409,12,Credit Card,No,No
9882,35,Male,Bachelor,Employed,54537.57,Married,0,Urban,14656.34,533,11,Credit Card,No,Yes
9883,23,Male,High School,Employed,24583.08,Single,0,Rural,13044.67,438,2,Credit Card,Yes,Yes
9884,43,Male,Master,Student,5000.0,Married,1,Suburban,1064.8,443,22,Cash,Yes,No
9885,44,Female,Diploma,Student,9138.22,Married,1,Suburban,7642.31,348,24,Cash,Yes,No
9886,24,Female,Diploma,Employed,36005.6,Single,0,Urban,6607.15,416,1,Credit Card,Yes,No
9887,36,Female,High School,Unemployed,13200.83,Single,0,Rural,4357.67,382,10,Credit Card,No,No
9888,33,Female,PhD,Self-Employed,108575.86,Married,0,Urban,50338.6,568,8,Debit Card,Yes,No
9889,41,Male,Bachelor,Student,11119.32,Married,0,Suburban,3368.12,348,14,Credit Card,No,No
9890,24,Female,Diploma,Employed,47875.79,Single,0,Suburban,16698.48,453,6,Debit Card,Yes,No
9891,53,Male,High School,Self-Employed,24763.11,Single,0,Urban,4435.85,497,32,Debit Card,No,No
9892,48,Male,Bachelor,Employed,69153.99,Single,0,Rural,18766.4,542,27,Debit Card,No,No
9893,33,Female,Diploma,Employed,22520.16,Single,0,Urban,4500.14,309,11,Debit Card,Yes,No
9894,35,Female,PhD,Employed,101606.37,Married,0,Suburban,25959.94,573,10,Credit Card,Yes,No
9895,36,Female,PhD,Employed,91606.7,Married,1,Suburban,35464.97,551,16,Credit Card,Yes,No
9896,28,Female,Bachelor,Employed,50807.65,Married,0,Urban,22376.27,472,2,Cash,Yes,No
9897,32,Female,PhD,Employed,78226.91,Single,0,Rural,16991.86,535,14,Credit Card,No,No
9898,34,Female,High School,Self-Employed,31204.08,Married,0,Urban,13488.7,388,7,Debit Card,Yes,No
9899,57,Male,Diploma,Self-Employed,46690.58,Married,1,Urban,19680.69,499,36,Mobile Money,Yes,No
9900,49,Male,Diploma,Student,9559.34,Married,1,Urban,1000.0,453,25,Mobile Money,No,No
9901,49,Male,High School,Employed,41564.78,Married,5,Urban,16044.67,460,29,Cash,No,No
9902,42,Male,PhD,Student,18587.31,Single,0,Suburban,3123.81,419,18,Debit Card,Yes,No
9903,24,Male,High School,Self-Employed,38557.23,Married,1,Urban,18478.96,460,5,Debit Card,No,No
9904,37,Female,Master,Employed,72800.91,Married,0,Urban,22730.79,544,10,Credit Card,Yes,No
9905,49,Female,Bachelor,Self-Employed,63379.7,Married,4,Suburban,24653.01,559,28,Debit Card,Yes,No
9906,22,Female,Diploma,Self-Employed,46462.34,Single,0,Rural,21269.3,439,0,Cash,No,Yes
9907,45,Male,High School,Employed,29144.38,Married,2,Suburban,11962.51,468,27,Mobile Money,Yes,No
9908,65,Male,High School,Self-Employed,41011.64,Married,3,Urban,14135.63,541,47,Credit Card,No,No
9909,50,Male,High School,Self-Employed,28696.57,Married,5,Urban,7381.6,471,32,Credit Card,No,No
9910,54,Female,Diploma,Student,5000.0,Married,4,Suburban,2016.34,399,27,Credit Card,No,No
9911,40,Male,Diploma,Student,10850.71,Married,2,Rural,1946.99,390,14,Debit Card,No,No
9912,49,Female,Bachelor,Self-Employed,57388.13,Married,2,Suburban,17022.96,548,29,Mobile Money,Yes,No
9913,29,Female,Bachelor,Self-Employed,66909.2,Single,0,Urban,14322.25,529,6,Credit Card,No,No
9914,47,Female,Diploma,Student,5000.0,Married,3,Urban,4832.4,388,25,Debit Card,No,No
9915,45,Male,High School,Student,10042.29,Married,2,Urban,7958.89,435,19,Debit Card,Yes,No
9916,41,Female,Master,Unemployed,31990.58,Single,0,Urban,9708.51,455,14,Debit Card,No,No
9917,53,Female,Diploma,Self-Employed,43642.98,Married,5,Suburban,15133.63,456,35,Debit Card,Yes,No
9918,31,Female,Diploma,Employed,46061.61,Married,2,Rural,6318.26,477,6,Debit Card,Yes,No
9919,35,Male,Bachelor,Unemployed,18104.83,Married,0,Rural,5588.54,363,10,Debit Card,Yes,No
9920,39,Male,Master,Employed,66929.44,Married,2,Rural,22866.33,469,19,Mobile Money,Yes,No
9921,25,Male,Master,Employed,70053.05,Single,0,Rural,19406.18,468,0,Debit Card,Yes,No
9922,40,Female,High School,Employed,40383.65,Single,0,Urban,11709.16,443,14,Debit Card,No,No
9923,18,Female,Bachelor,Employed,53625.44,Single,0,Suburban,19863.87,420,0,Credit Card,No,No
9924,50,Female,High School,Employed,40472.86,Married,2,Urban,16183.0,482,32,Credit Card,No,No
9925,38,Male,PhD,Unemployed,26040.27,Single,0,Urban,6925.68,358,19,Credit Card,Yes,No
9926,31,Male,High School,Self-Employed,24700.58,Single,0,Rural,14314.53,375,12,Debit Card,No,No
9927,27,Female,High School,Employed,28826.08,Married,0,Urban,12008.6,397,7,Debit Card,No,No
9928,35,Male,Master,Self-Employed,72077.55,Married,0,Urban,35740.31,507,11,Credit Card,No,No
9929,46,Female,PhD,Student,15458.3,Married,1,Urban,1000.0,455,19,Cash,Yes,No
9930,44,Female,Bachelor,Employed,52151.05,Married,3,Urban,22684.61,542,22,Credit Card,No,No
9931,29,Female,High School,Employed,44534.85,Single,0,Urban,13125.39,453,9,Cash,Yes,No
9932,27,Female,Diploma,Employed,52874.94,Single,0,Suburban,21668.62,510,5,Debit Card,No,No
9933,45,Female,Master,Student,14683.18,Married,3,Rural,3252.61,370,21,Mobile Money,No,No
9934,29,Female,Bachelor,Employed,64690.85,Married,0,Suburban,22423.15,489,8,Credit Card,No,No
9935,38,Male,High School,Student,5000.0,Married,4,Suburban,1903.24,410,14,Credit Card,Yes,No
9936,39,Female,High School,Employed,18582.05,Married,4,Suburban,5231.46,345,19,Debit Card,Yes,No
9937,41,Female,Master,Employed,74222.61,Married,0,Urban,37800.62,536,14,Credit Card,Yes,No
9938,48,Female,Bachelor,Employed,57891.06,Married,0,Rural,16627.12,498,29,Debit Card,Yes,No
9939,22,Female,Bachelor,Employed,47499.76,Single,0,Urban,22701.44,454,3,Credit Card,Yes,Yes
9940,18,Female,Diploma,Self-Employed,40853.58,Single,0,Urban,14093.08,433,0,Cash,Yes,No
9941,31,Female,Bachelor,Employed,62516.53,Married,3,Suburban,27348.6,472,6,Mobile Money,Yes,No
9942,59,Male,PhD,Employed,76531.76,Married,5,Rural,14653.7,542,37,Mobile Money,No,No
9943,62,Female,Diploma,Employed,44465.45,Married,5,Urban,15524.53,519,41,Debit Card,No,No
9944,59,Female,Bachelor,Unemployed,13984.19,Single,0,Urban,2851.68,425,38,Debit Card,No,No
9945,35,Female,High School,Unemployed,13476.51,Married,4,Suburban,2874.81,451,12,Credit Card,Yes,Yes
9946,18,Male,High School,Self-Employed,43906.45,Single,0,Suburban,14072.35,404,0,Cash,Yes,Yes
9947,18,Female,Bachelor,Student,5000.0,Single,0,Rural,4142.91,336,0,Credit Card,Yes,No
9948,30,Male,Master,Employed,60878.62,Single,0,Urban,19189.79,476,7,Credit Card,No,No
9949,35,Female,Bachelor,Employed,66730.29,Married,2,Suburban,33347.39,518,12,Credit Card,No,No
9950,53,Male,High School,Employed,29542.51,Married,2,Urban,10838.55,482,33,Debit Card,Yes,No
9951,48,Female,High School,Employed,32621.98,Married,1,Rural,8376.25,492,27,Credit Card,Yes,No
9952,40,Male,Master,Employed,77286.17,Married,4,Urban,40059.29,531,17,Debit Card,No,No
9953,27,Male,Diploma,Student,5000.0,Married,0,Suburban,1000.0,345,9,Debit Card,Yes,No
9954,26,Female,Master,Unemployed,28215.69,Single,0,Suburban,7171.16,370,0,Credit Card,Yes,Yes
9955,41,Male,Diploma,Employed,45121.23,Married,1,Urban,18120.26,463,23,Cash,Yes,No
9956,46,Male,Master,Employed,81760.18,Single,0,Urban,28166.77,550,20,Credit Card,No,No
9957,42,Male,Master,Self-Employed,95620.66,Married,1,Suburban,42320.06,606,17,Debit Card,Yes,No
9958,25,Female,High School,Student,6507.49,Single,0,Urban,1493.96,415,0,Credit Card,Yes,Yes
9959,45,Female,Bachelor,Employed,61024.45,Married,3,Urban,21645.84,545,27,Mobile Money,Yes,No
9960,43,Male,High School,Employed,30356.41,Married,4,Rural,12921.46,441,21,Debit Card,No,No
9961,25,Female,High School,Student,7161.95,Married,0,Urban,6357.81,300,0,Debit Card,No,No
9962,28,Male,Diploma,Student,5000.0,Married,1,Urban,1000.0,354,1,Cash,Yes,No
9963,46,Female,Bachelor,Employed,53204.04,Single,0,Suburban,8091.11,493,27,Credit Card,No,No
9964,35,Female,Diploma,Employed,25641.88,Married,0,Rural,5963.03,423,14,Debit Card,No,No
9965,57,Female,Bachelor,Employed,53900.16,Married,4,Urban,17573.27,545,34,Debit Card,No,No
9966,44,Female,High School,Unemployed,19560.34,Married,0,Suburban,10727.71,411,20,Debit Card,Yes,No
9967,32,Male,High School,Employed,36223.43,Single,0,Urban,16269.75,442,12,Mobile Money,Yes,No
9968,37,Male,Bachelor,Student,11897.99,Married,2,Rural,2858.71,390,17,Mobile Money,Yes,No
9969,38,Female,Bachelor,Employed,53383.64,Single,0,Suburban,16773.7,518,18,Cash,No,No
9970,29,Male,Bachelor,Self-Employed,61677.44,Single,0,Urban,13083.47,497,2,Credit Card,Yes,No
9971,27,Male,Bachelor,Self-Employed,58651.92,Single,0,Urban,30692.71,477,3,Mobile Money,Yes,No
9972,46,Male,Master,Employed,76549.35,Married,2,Urban,24638.06,531,28,Credit Card,No,No
9973,48,Male,Diploma,Employed,27719.73,Married,4,Suburban,13478.01,448,22,Debit Card,No,No
9974,45,Female,High School,Employed,17535.93,Married,3,Urban,5900.72,478,19,Mobile Money,Yes,No
9975,56,Male,Bachelor,Unemployed,23734.86,Single,0,Urban,2851.99,460,30,Credit Card,Yes,No
9976,31,Male,Bachelor,Employed,56662.82,Married,2,Urban,27677.95,441,11,Mobile Money,Yes,No
9977,58,Female,Bachelor,Self-Employed,66358.6,Married,1,Rural,16656.08,591,40,Credit Card,Yes,No
9978,27,Male,Bachelor,Self-Employed,67656.48,Single,0,Rural,21074.36,531,2,Credit Card,No,No
9979,25,Female,Diploma,Employed,56080.69,Single,0,Urban,23388.9,437,2,Debit Card,Yes,No
9980,18,Male,High School,Student,6448.31,Single,0,Suburban,5460.86,365,0,Mobile Money,Yes,No
9981,32,Female,Bachelor,Self-Employed,68346.32,Married,0,Suburban,16646.8,511,14,Credit Card,No,No
9982,31,Male,High School,Self-Employed,52464.46,Single,0,Suburban,24067.24,411,11,Credit Card,Yes,No
9983,44,Male,Diploma,Employed,39491.27,Single,0,Urban,9938.76,475,22,Credit Card,No,No
9984,40,Male,Diploma,Self-Employed,61810.54,Married,0,Urban,15528.81,493,16,Credit Card,Yes,No
9985,23,Female,Diploma,Employed,23143.9,Single,0,Urban,4334.04,412,0,Debit Card,Yes,No
9986,33,Female,Bachelor,Unemployed,7204.96,Married,0,Urban,2396.44,412,14,Debit Card,Yes,No
9987,33,Female,High School,Employed,24656.22,Married,1,Urban,7518.78,441,13,Debit Card,Yes,No
9988,18,Male,PhD,Self-Employed,112671.93,Single,0,Urban,23764.54,507,0,Credit Card,Yes,Yes
9989,26,Male,Bachelor,Self-Employed,80191.92,Married,1,Urban,27428.59,551,6,Credit Card,Yes,No
9990,28,Male,Diploma,Employed,35273.45,Married,0,Suburban,16657.61,386,7,Credit Card,No,No
9991,55,Male,High School,Employed,37826.02,Married,3,Urban,14357.88,469,36,Credit Card,No,No
9992,40,Male,High School,Employed,47897.8,Married,2,Suburban,19992.55,464,20,Debit Card,No,No
9993,45,Female,Bachelor,Employed,67518.09,Married,0,Urban,13160.62,574,25,Credit Card,Yes,No
9994,20,Female,Diploma,Unemployed,8769.01,Single,0,Urban,8349.75,356,0,Debit Card,Yes,Yes
9995,52,Female,High School,Unemployed,15948.5,Married,3,Urban,9773.13,466,31,Mobile Money,No,No
9996,53,Female,Diploma,Employed,42715.25,Married,1,Suburban,13125.69,482,27,Debit Card,No,No
9997,18,Female,Bachelor,Employed,49724.39,Single,0,Urban,18497.72,439,0,Debit Card,Yes,No
9998,29,Male,Bachelor,Unemployed,19918.34,Married,1,Suburban,6339.74,405,8,Mobile Money,No,Yes
9999,43,Female,Bachelor,Employed,51209.52,Married,2,Urban,10160.92,495,21,Debit Card,No,No
10000,45,Female,Master,Student,14994.83,Married,2,Rural,4473.39,460,25,Mobile Money,No,No
